Frequency,Mag_L
0.00,35.95
0.67,35.53
1.33,39.40
2.00,44.02
2.67,48.24
3.33,52.12
4.00,55.62
4.67,58.73
5.33,61.48
6.00,63.92
6.67,66.08
7.33,68.00
8.00,69.70
8.67,71.20
9.33,72.53
10.00,73.71
10.67,74.75
11.33,75.66
12.00,76.45
12.67,77.14
13.33,77.73
14.00,78.23
14.67,78.67
15.33,79.04
16.00,79.36
16.67,79.64
17.33,79.89
18.00,80.12
18.67,80.35
19.33,80.57
20.00,80.80
20.67,81.03
21.33,81.26
22.00,81.49
22.67,81.72
23.33,81.94
24.00,82.14
24.67,82.32
25.33,82.48
26.00,82.62
26.67,82.74
27.33,82.84
28.00,82.92
28.67,83.00
29.33,83.07
30.00,83.14
30.67,83.21
31.33,83.29
32.00,83.37
32.67,83.46
33.33,83.55
34.00,83.64
34.67,83.72
35.33,83.81
36.00,83.88
36.67,83.94
37.33,84.00
38.00,84.04
38.67,84.07
39.33,84.10
40.00,84.13
40.67,84.15
41.33,84.18
42.00,84.21
42.67,84.25
43.33,84.29
44.00,84.34
44.67,84.38
45.33,84.43
46.00,84.47
46.67,84.51
47.33,84.54
48.00,84.57
48.67,84.58
49.33,84.60
50.00,84.61
50.67,84.61
51.33,84.62
52.00,84.63
52.67,84.65
53.33,84.67
54.00,84.69
54.67,84.72
55.33,84.74
56.00,84.77
56.67,84.80
57.33,84.82
58.00,84.83
58.67,84.84
59.33,84.85
60.00,84.85
60.67,84.85
61.33,84.85
62.00,84.85
62.67,84.85
63.33,84.86
64.00,84.87
64.67,84.89
65.33,84.90
66.00,84.92
66.67,84.94
67.33,84.95
68.00,84.97
68.67,84.98
69.33,84.98
70.00,84.98
70.67,84.98
71.33,84.98
72.00,84.97
72.67,84.97
73.33,84.97
74.00,84.98
74.67,84.98
75.33,84.99
76.00,85.00
76.67,85.02
77.33,85.03
78.00,85.03
78.67,85.04
79.33,85.04
80.00,85.04
80.67,85.04
81.33,85.03
82.00,85.02
82.67,85.02
83.33,85.01
84.00,85.01
84.67,85.01
85.33,85.02
86.00,85.02
86.67,85.03
87.33,85.04
88.00,85.04
88.67,85.05
89.33,85.05
90.00,85.05
90.67,85.04
91.33,85.04
92.00,85.03
92.67,85.02
93.33,85.01
94.00,85.01
94.67,85.00
95.33,85.00
96.00,85.00
96.67,85.01
97.33,85.01
98.00,85.01
98.67,85.01
99.33,85.01
100.00,85.01
100.67,85.01
101.33,85.00
102.00,85.00
102.67,84.99
103.33,84.98
104.00,84.98
104.67,84.97
105.33,84.97
106.00,84.97
106.67,84.97
107.33,84.97
108.00,84.97
108.67,84.97
109.33,84.96
110.00,84.96
110.67,84.96
111.33,84.95
112.00,84.94
112.67,84.94
113.33,84.93
114.00,84.92
114.67,84.91
115.33,84.91
116.00,84.90
116.67,84.90
117.33,84.90
118.00,84.90
118.67,84.90
119.33,84.90
120.00,84.89
120.67,84.89
121.33,84.88
122.00,84.88
122.67,84.87
123.33,84.86
124.00,84.85
124.67,84.85
125.33,84.84
126.00,84.84
126.67,84.83
127.33,84.83
128.00,84.83
128.67,84.83
129.33,84.82
130.00,84.82
130.67,84.81
131.33,84.81
132.00,84.80
132.67,84.79
133.33,84.78
134.00,84.77
134.67,84.77
135.33,84.76
136.00,84.75
136.67,84.75
137.33,84.75
138.00,84.74
138.67,84.74
139.33,84.74
140.00,84.73
140.67,84.73
141.33,84.72
142.00,84.71
142.67,84.70
143.33,84.69
144.00,84.68
144.67,84.68
145.33,84.67
146.00,84.66
146.67,84.66
147.33,84.65
148.00,84.65
148.67,84.65
149.33,84.65
150.00,84.64
150.67,84.64
151.33,84.64
152.00,84.63
152.67,84.62
153.33,84.61
154.00,84.60
154.67,84.59
155.33,84.58
156.00,84.58
156.67,84.57
157.33,84.56
158.00,84.55
158.67,84.55
159.33,84.55
160.00,84.54
160.67,84.54
161.33,84.53
162.00,84.53
162.67,84.52
163.33,84.52
164.00,84.51
164.67,84.50
165.33,84.49
166.00,84.48
166.67,84.48
167.33,84.47
168.00,84.46
168.67,84.46
169.33,84.45
170.00,84.44
170.67,84.44
171.33,84.43
172.00,84.42
172.67,84.42
173.33,84.41
174.00,84.40
174.67,84.39
175.33,84.38
176.00,84.38
176.67,84.37
177.33,84.36
178.00,84.36
178.67,84.35
179.33,84.35
180.00,84.34
180.67,84.33
181.33,84.33
182.00,84.32
182.67,84.31
183.33,84.30
184.00,84.29
184.67,84.28
185.33,84.28
186.00,84.27
186.67,84.26
187.33,84.25
188.00,84.25
188.67,84.24
189.33,84.24
190.00,84.23
190.67,84.23
191.33,84.22
192.00,84.21
192.67,84.20
193.33,84.20
194.00,84.19
194.67,84.18
195.33,84.17
196.00,84.16
196.67,84.15
197.33,84.14
198.00,84.14
198.67,84.13
199.33,84.12
200.00,84.12
200.67,84.11
201.33,84.10
202.00,84.10
202.67,84.09
203.33,84.08
204.00,84.07
204.67,84.06
205.33,84.05
206.00,84.04
206.67,84.03
207.33,84.02
208.00,84.02
208.67,84.01
209.33,84.00
210.00,83.99
210.67,83.99
211.33,83.98
212.00,83.97
212.67,83.97
213.33,83.96
214.00,83.95
214.67,83.94
215.33,83.93
216.00,83.93
216.67,83.92
217.33,83.91
218.00,83.90
218.67,83.89
219.33,83.88
220.00,83.87
220.67,83.87
221.33,83.86
222.00,83.85
222.67,83.84
223.33,83.84
224.00,83.83
224.67,83.82
225.33,83.81
226.00,83.80
226.67,83.79
227.33,83.78
228.00,83.77
228.67,83.77
229.33,83.76
230.00,83.75
230.67,83.75
231.33,83.74
232.00,83.73
232.67,83.73
233.33,83.72
234.00,83.71
234.67,83.70
235.33,83.70
236.00,83.69
236.67,83.68
237.33,83.67
238.00,83.66
238.67,83.65
239.33,83.65
240.00,83.64
240.67,83.63
241.33,83.62
242.00,83.62
242.67,83.61
243.33,83.60
244.00,83.59
244.67,83.59
245.33,83.58
246.00,83.57
246.67,83.56
247.33,83.56
248.00,83.55
248.67,83.54
249.33,83.53
250.00,83.53
250.67,83.52
251.33,83.51
252.00,83.51
252.67,83.50
253.33,83.49
254.00,83.49
254.67,83.48
255.33,83.47
256.00,83.47
256.67,83.46
257.33,83.45
258.00,83.44
258.67,83.44
259.33,83.43
260.00,83.42
260.67,83.41
261.33,83.41
262.00,83.40
262.67,83.39
263.33,83.38
264.00,83.37
264.67,83.37
265.33,83.36
266.00,83.35
266.67,83.34
267.33,83.34
268.00,83.33
268.67,83.32
269.33,83.32
270.00,83.31
270.67,83.30
271.33,83.29
272.00,83.29
272.67,83.28
273.33,83.27
274.00,83.26
274.67,83.26
275.33,83.25
276.00,83.24
276.67,83.23
277.33,83.22
278.00,83.21
278.67,83.21
279.33,83.20
280.00,83.19
280.67,83.18
281.33,83.17
282.00,83.17
282.67,83.16
283.33,83.15
284.00,83.14
284.67,83.13
285.33,83.12
286.00,83.11
286.67,83.10
287.33,83.09
288.00,83.08
288.67,83.08
289.33,83.07
290.00,83.06
290.67,83.05
291.33,83.05
292.00,83.04
292.67,83.03
293.33,83.03
294.00,83.02
294.67,83.01
295.33,83.01
296.00,83.00
296.67,82.99
297.33,82.99
298.00,82.98
298.67,82.97
299.33,82.96
300.00,82.95
300.67,82.94
301.33,82.93
302.00,82.93
302.67,82.92
303.33,82.91
304.00,82.90
304.67,82.89
305.33,82.88
306.00,82.87
306.67,82.86
307.33,82.85
308.00,82.84
308.67,82.83
309.33,82.82
310.00,82.82
310.67,82.81
311.33,82.80
312.00,82.80
312.67,82.79
313.33,82.78
314.00,82.78
314.67,82.77
315.33,82.76
316.00,82.75
316.67,82.74
317.33,82.74
318.00,82.73
318.67,82.72
319.33,82.71
320.00,82.70
320.67,82.69
321.33,82.68
322.00,82.67
322.67,82.67
323.33,82.66
324.00,82.65
324.67,82.64
325.33,82.63
326.00,82.63
326.67,82.62
327.33,82.61
328.00,82.60
328.67,82.60
329.33,82.59
330.00,82.58
330.67,82.57
331.33,82.57
332.00,82.56
332.67,82.55
333.33,82.54
334.00,82.54
334.67,82.53
335.33,82.52
336.00,82.51
336.67,82.50
337.33,82.49
338.00,82.49
338.67,82.48
339.33,82.47
340.00,82.46
340.67,82.45
341.33,82.44
342.00,82.43
342.67,82.42
343.33,82.41
344.00,82.41
344.67,82.40
345.33,82.39
346.00,82.38
346.67,82.38
347.33,82.37
348.00,82.36
348.67,82.36
349.33,82.35
350.00,82.34
350.67,82.34
351.33,82.33
352.00,82.32
352.67,82.31
353.33,82.30
354.00,82.29
354.67,82.29
355.33,82.28
356.00,82.27
356.67,82.26
357.33,82.25
358.00,82.25
358.67,82.24
359.33,82.23
360.00,82.23
360.67,82.22
361.33,82.21
362.00,82.21
362.67,82.20
363.33,82.20
364.00,82.19
364.67,82.18
365.33,82.17
366.00,82.17
366.67,82.16
367.33,82.15
368.00,82.14
368.67,82.14
369.33,82.13
370.00,82.12
370.67,82.12
371.33,82.11
372.00,82.11
372.67,82.10
373.33,82.09
374.00,82.09
374.67,82.08
375.33,82.07
376.00,82.07
376.67,82.06
377.33,82.05
378.00,82.05
378.67,82.04
379.33,82.03
380.00,82.03
380.67,82.02
381.33,82.01
382.00,82.01
382.67,82.00
383.33,82.00
384.00,81.99
384.67,81.98
385.33,81.97
386.00,81.97
386.67,81.96
387.33,81.95
388.00,81.94
388.67,81.93
389.33,81.93
390.00,81.92
390.67,81.91
391.33,81.91
392.00,81.90
392.67,81.90
393.33,81.89
394.00,81.88
394.67,81.88
395.33,81.87
396.00,81.87
396.67,81.86
397.33,81.85
398.00,81.85
398.67,81.84
399.33,81.83
400.00,81.83
400.67,81.82
401.33,81.81
402.00,81.81
402.67,81.80
403.33,81.79
404.00,81.78
404.67,81.78
405.33,81.77
406.00,81.76
406.67,81.75
407.33,81.75
408.00,81.74
408.67,81.73
409.33,81.72
410.00,81.71
410.67,81.71
411.33,81.70
412.00,81.69
412.67,81.69
413.33,81.68
414.00,81.68
414.67,81.67
415.33,81.66
416.00,81.66
416.67,81.65
417.33,81.65
418.00,81.64
418.67,81.63
419.33,81.62
420.00,81.62
420.67,81.61
421.33,81.60
422.00,81.60
422.67,81.59
423.33,81.58
424.00,81.58
424.67,81.57
425.33,81.56
426.00,81.56
426.67,81.55
427.33,81.54
428.00,81.54
428.67,81.53
429.33,81.52
430.00,81.52
430.67,81.51
431.33,81.51
432.00,81.50
432.67,81.49
433.33,81.49
434.00,81.48
434.67,81.47
435.33,81.47
436.00,81.46
436.67,81.45
437.33,81.45
438.00,81.44
438.67,81.43
439.33,81.42
440.00,81.42
440.67,81.41
441.33,81.40
442.00,81.40
442.67,81.39
443.33,81.38
444.00,81.38
444.67,81.37
445.33,81.37
446.00,81.36
446.67,81.35
447.33,81.35
448.00,81.34
448.67,81.33
449.33,81.32
450.00,81.32
450.67,81.31
451.33,81.30
452.00,81.29
452.67,81.28
453.33,81.28
454.00,81.27
454.67,81.26
455.33,81.26
456.00,81.25
456.67,81.24
457.33,81.24
458.00,81.23
458.67,81.22
459.33,81.22
460.00,81.21
460.67,81.20
461.33,81.20
462.00,81.19
462.67,81.18
463.33,81.18
464.00,81.17
464.67,81.16
465.33,81.16
466.00,81.15
466.67,81.14
467.33,81.13
468.00,81.13
468.67,81.12
469.33,81.11
470.00,81.10
470.67,81.09
471.33,81.09
472.00,81.08
472.67,81.07
473.33,81.06
474.00,81.06
474.67,81.05
475.33,81.05
476.00,81.04
476.67,81.04
477.33,81.03
478.00,81.02
478.67,81.02
479.33,81.01
480.00,81.01
480.67,81.00
481.33,80.99
482.00,80.99
482.67,80.98
483.33,80.97
484.00,80.96
484.67,80.96
485.33,80.95
486.00,80.94
486.67,80.94
487.33,80.93
488.00,80.92
488.67,80.92
489.33,80.91
490.00,80.91
490.67,80.90
491.33,80.90
492.00,80.89
492.67,80.88
493.33,80.88
494.00,80.87
494.67,80.87
495.33,80.86
496.00,80.85
496.67,80.85
497.33,80.84
498.00,80.84
498.67,80.83
499.33,80.82
500.00,80.82
500.67,80.81
501.33,80.81
502.00,80.80
502.67,80.80
503.33,80.79
504.00,80.79
504.67,80.78
505.33,80.77
506.00,80.77
506.67,80.76
507.33,80.76
508.00,80.75
508.67,80.74
509.33,80.74
510.00,80.73
510.67,80.72
511.33,80.72
512.00,80.71
512.67,80.71
513.33,80.70
514.00,80.70
514.67,80.69
515.33,80.69
516.00,80.68
516.67,80.68
517.33,80.67
518.00,80.67
518.67,80.66
519.33,80.65
520.00,80.65
520.67,80.64
521.33,80.63
522.00,80.62
522.67,80.62
523.33,80.61
524.00,80.60
524.67,80.60
525.33,80.59
526.00,80.59
526.67,80.58
527.33,80.58
528.00,80.57
528.67,80.57
529.33,80.56
530.00,80.56
530.67,80.55
531.33,80.55
532.00,80.54
532.67,80.54
533.33,80.53
534.00,80.53
534.67,80.52
535.33,80.52
536.00,80.51
536.67,80.50
537.33,80.50
538.00,80.49
538.67,80.48
539.33,80.48
540.00,80.47
540.67,80.46
541.33,80.46
542.00,80.45
542.67,80.45
543.33,80.44
544.00,80.44
544.67,80.43
545.33,80.43
546.00,80.42
546.67,80.42
547.33,80.41
548.00,80.41
548.67,80.40
549.33,80.40
550.00,80.39
550.67,80.39
551.33,80.38
552.00,80.37
552.67,80.37
553.33,80.36
554.00,80.36
554.67,80.35
555.33,80.35
556.00,80.34
556.67,80.34
557.33,80.34
558.00,80.33
558.67,80.33
559.33,80.33
560.00,80.32
560.67,80.32
561.33,80.32
562.00,80.31
562.67,80.31
563.33,80.31
564.00,80.31
564.67,80.31
565.33,80.31
566.00,80.30
566.67,80.30
567.33,80.30
568.00,80.30
568.67,80.30
569.33,80.30
570.00,80.30
570.67,80.29
571.33,80.29
572.00,80.29
572.67,80.28
573.33,80.28
574.00,80.28
574.67,80.27
575.33,80.27
576.00,80.27
576.67,80.27
577.33,80.26
578.00,80.26
578.67,80.26
579.33,80.26
580.00,80.26
580.67,80.26
581.33,80.26
582.00,80.25
582.67,80.25
583.33,80.25
584.00,80.25
584.67,80.25
585.33,80.25
586.00,80.25
586.67,80.25
587.33,80.25
588.00,80.25
588.67,80.25
589.33,80.25
590.00,80.25
590.67,80.26
591.33,80.26
592.00,80.26
592.67,80.25
593.33,80.25
594.00,80.25
594.67,80.25
595.33,80.25
596.00,80.24
596.67,80.24
597.33,80.24
598.00,80.24
598.67,80.24
599.33,80.24
600.00,80.24
600.67,80.24
601.33,80.24
602.00,80.24
602.67,80.24
603.33,80.24
604.00,80.24
604.67,80.23
605.33,80.23
606.00,80.23
606.67,80.23
607.33,80.22
608.00,80.22
608.67,80.22
609.33,80.22
610.00,80.22
610.67,80.21
611.33,80.21
612.00,80.21
612.67,80.21
613.33,80.21
614.00,80.20
614.67,80.20
615.33,80.19
616.00,80.19
616.67,80.19
617.33,80.18
618.00,80.18
618.67,80.18
619.33,80.17
620.00,80.17
620.67,80.17
621.33,80.17
622.00,80.17
622.67,80.17
623.33,80.17
624.00,80.16
624.67,80.16
625.33,80.16
626.00,80.15
626.67,80.15
627.33,80.14
628.00,80.14
628.67,80.13
629.33,80.13
630.00,80.12
630.67,80.12
631.33,80.11
632.00,80.11
632.67,80.11
633.33,80.10
634.00,80.10
634.67,80.09
635.33,80.09
636.00,80.08
636.67,80.08
637.33,80.08
638.00,80.07
638.67,80.07
639.33,80.06
640.00,80.06
640.67,80.05
641.33,80.05
642.00,80.05
642.67,80.04
643.33,80.04
644.00,80.04
644.67,80.03
645.33,80.03
646.00,80.02
646.67,80.02
647.33,80.01
648.00,80.01
648.67,80.00
649.33,80.00
650.00,79.99
650.67,79.99
651.33,79.99
652.00,79.98
652.67,79.98
653.33,79.98
654.00,79.97
654.67,79.97
655.33,79.97
656.00,79.97
656.67,79.96
657.33,79.96
658.00,79.96
658.67,79.96
659.33,79.95
660.00,79.95
660.67,79.95
661.33,79.94
662.00,79.94
662.67,79.94
663.33,79.93
664.00,79.93
664.67,79.92
665.33,79.92
666.00,79.92
666.67,79.91
667.33,79.91
668.00,79.90
668.67,79.90
669.33,79.89
670.00,79.89
670.67,79.89
671.33,79.88
672.00,79.88
672.67,79.88
673.33,79.88
674.00,79.87
674.67,79.87
675.33,79.87
676.00,79.87
676.67,79.86
677.33,79.86
678.00,79.85
678.67,79.85
679.33,79.85
680.00,79.84
680.67,79.84
681.33,79.83
682.00,79.83
682.67,79.82
683.33,79.82
684.00,79.82
684.67,79.82
685.33,79.81
686.00,79.81
686.67,79.81
687.33,79.81
688.00,79.80
688.67,79.80
689.33,79.80
690.00,79.79
690.67,79.79
691.33,79.79
692.00,79.78
692.67,79.78
693.33,79.77
694.00,79.77
694.67,79.77
695.33,79.76
696.00,79.76
696.67,79.76
697.33,79.76
698.00,79.75
698.67,79.75
699.33,79.75
700.00,79.75
700.67,79.74
701.33,79.74
702.00,79.74
702.67,79.74
703.33,79.73
704.00,79.73
704.67,79.73
705.33,79.72
706.00,79.72
706.67,79.72
707.33,79.72
708.00,79.71
708.67,79.71
709.33,79.71
710.00,79.71
710.67,79.71
711.33,79.70
712.00,79.70
712.67,79.70
713.33,79.70
714.00,79.69
714.67,79.69
715.33,79.69
716.00,79.68
716.67,79.68
717.33,79.68
718.00,79.67
718.67,79.67
719.33,79.67
720.00,79.66
720.67,79.66
721.33,79.66
722.00,79.65
722.67,79.65
723.33,79.65
724.00,79.64
724.67,79.64
725.33,79.64
726.00,79.64
726.67,79.63
727.33,79.63
728.00,79.63
728.67,79.63
729.33,79.63
730.00,79.63
730.67,79.63
731.33,79.63
732.00,79.62
732.67,79.62
733.33,79.62
734.00,79.61
734.67,79.61
735.33,79.61
736.00,79.60
736.67,79.60
737.33,79.60
738.00,79.59
738.67,79.59
739.33,79.59
740.00,79.59
740.67,79.59
741.33,79.59
742.00,79.58
742.67,79.58
743.33,79.58
744.00,79.58
744.67,79.57
745.33,79.57
746.00,79.57
746.67,79.56
747.33,79.56
748.00,79.56
748.67,79.56
749.33,79.56
750.00,79.56
750.67,79.56
751.33,79.56
752.00,79.56
752.67,79.56
753.33,79.56
754.00,79.56
754.67,79.56
755.33,79.55
756.00,79.55
756.67,79.55
757.33,79.54
758.00,79.54
758.67,79.54
759.33,79.53
760.00,79.53
760.67,79.53
761.33,79.52
762.00,79.52
762.67,79.52
763.33,79.52
764.00,79.52
764.67,79.52
765.33,79.52
766.00,79.52
766.67,79.52
767.33,79.52
768.00,79.51
768.67,79.51
769.33,79.51
770.00,79.51
770.67,79.51
771.33,79.51
772.00,79.51
772.67,79.51
773.33,79.51
774.00,79.51
774.67,79.51
775.33,79.51
776.00,79.51
776.67,79.50
777.33,79.50
778.00,79.50
778.67,79.50
779.33,79.50
780.00,79.49
780.67,79.49
781.33,79.49
782.00,79.49
782.67,79.49
783.33,79.48
784.00,79.48
784.67,79.48
785.33,79.48
786.00,79.48
786.67,79.47
787.33,79.47
788.00,79.47
788.67,79.47
789.33,79.47
790.00,79.47
790.67,79.47
791.33,79.47
792.00,79.47
792.67,79.47
793.33,79.47
794.00,79.47
794.67,79.47
795.33,79.46
796.00,79.46
796.67,79.46
797.33,79.46
798.00,79.46
798.67,79.46
799.33,79.46
800.00,79.46
800.67,79.46
801.33,79.46
802.00,79.46
802.67,79.46
803.33,79.46
804.00,79.46
804.67,79.46
805.33,79.46
806.00,79.46
806.67,79.46
807.33,79.46
808.00,79.46
808.67,79.46
809.33,79.45
810.00,79.45
810.67,79.45
811.33,79.45
812.00,79.45
812.67,79.45
813.33,79.45
814.00,79.45
814.67,79.45
815.33,79.45
816.00,79.45
816.67,79.45
817.33,79.45
818.00,79.45
818.67,79.45
819.33,79.45
820.00,79.45
820.67,79.45
821.33,79.45
822.00,79.45
822.67,79.45
823.33,79.45
824.00,79.45
824.67,79.45
825.33,79.45
826.00,79.45
826.67,79.46
827.33,79.46
828.00,79.46
828.67,79.46
829.33,79.46
830.00,79.46
830.67,79.46
831.33,79.45
832.00,79.45
832.67,79.45
833.33,79.45
834.00,79.44
834.67,79.44
835.33,79.44
836.00,79.44
836.67,79.44
837.33,79.45
838.00,79.45
838.67,79.45
839.33,79.45
840.00,79.45
840.67,79.46
841.33,79.46
842.00,79.46
842.67,79.46
843.33,79.46
844.00,79.46
844.67,79.46
845.33,79.46
846.00,79.46
846.67,79.46
847.33,79.46
848.00,79.46
848.67,79.46
849.33,79.46
850.00,79.46
850.67,79.46
851.33,79.46
852.00,79.46
852.67,79.47
853.33,79.47
854.00,79.47
854.67,79.47
855.33,79.47
856.00,79.47
856.67,79.47
857.33,79.47
858.00,79.48
858.67,79.48
859.33,79.48
860.00,79.48
860.67,79.48
861.33,79.48
862.00,79.48
862.67,79.48
863.33,79.48
864.00,79.48
864.67,79.48
865.33,79.48
866.00,79.48
866.67,79.48
867.33,79.48
868.00,79.48
868.67,79.48
869.33,79.48
870.00,79.49
870.67,79.49
871.33,79.49
872.00,79.49
872.67,79.50
873.33,79.50
874.00,79.50
874.67,79.50
875.33,79.50
876.00,79.50
876.67,79.50
877.33,79.50
878.00,79.50
878.67,79.50
879.33,79.51
880.00,79.51
880.67,79.51
881.33,79.51
882.00,79.52
882.67,79.52
883.33,79.52
884.00,79.52
884.67,79.53
885.33,79.53
886.00,79.53
886.67,79.53
887.33,79.53
888.00,79.54
888.67,79.54
889.33,79.54
890.00,79.54
890.67,79.54
891.33,79.54
892.00,79.54
892.67,79.54
893.33,79.54
894.00,79.54
894.67,79.55
895.33,79.55
896.00,79.55
896.67,79.55
897.33,79.56
898.00,79.56
898.67,79.56
899.33,79.56
900.00,79.57
900.67,79.57
901.33,79.57
902.00,79.58
902.67,79.58
903.33,79.58
904.00,79.58
904.67,79.58
905.33,79.58
906.00,79.58
906.67,79.58
907.33,79.59
908.00,79.59
908.67,79.59
909.33,79.59
910.00,79.59
910.67,79.59
911.33,79.60
912.00,79.60
912.67,79.60
913.33,79.61
914.00,79.61
914.67,79.61
915.33,79.61
916.00,79.61
916.67,79.62
917.33,79.62
918.00,79.62
918.67,79.62
919.33,79.62
920.00,79.63
920.67,79.63
921.33,79.63
922.00,79.63
922.67,79.63
923.33,79.64
924.00,79.64
924.67,79.64
925.33,79.64
926.00,79.64
926.67,79.65
927.33,79.65
928.00,79.65
928.67,79.65
929.33,79.65
930.00,79.65
930.67,79.66
931.33,79.66
932.00,79.66
932.67,79.67
933.33,79.67
934.00,79.67
934.67,79.68
935.33,79.68
936.00,79.68
936.67,79.69
937.33,79.69
938.00,79.69
938.67,79.69
939.33,79.70
940.00,79.70
940.67,79.70
941.33,79.70
942.00,79.71
942.67,79.71
943.33,79.71
944.00,79.72
944.67,79.72
945.33,79.72
946.00,79.73
946.67,79.73
947.33,79.73
948.00,79.74
948.67,79.74
949.33,79.74
950.00,79.74
950.67,79.74
951.33,79.74
952.00,79.75
952.67,79.75
953.33,79.75
954.00,79.75
954.67,79.76
955.33,79.76
956.00,79.77
956.67,79.77
957.33,79.78
958.00,79.78
958.67,79.79
959.33,79.79
960.00,79.80
960.67,79.80
961.33,79.80
962.00,79.81
962.67,79.81
963.33,79.81
964.00,79.81
964.67,79.81
965.33,79.81
966.00,79.81
966.67,79.82
967.33,79.82
968.00,79.82
968.67,79.83
969.33,79.83
970.00,79.83
970.67,79.84
971.33,79.84
972.00,79.85
972.67,79.85
973.33,79.86
974.00,79.86
974.67,79.86
975.33,79.87
976.00,79.87
976.67,79.87
977.33,79.87
978.00,79.88
978.67,79.88
979.33,79.88
980.00,79.88
980.67,79.89
981.33,79.89
982.00,79.90
982.67,79.90
983.33,79.90
984.00,79.91
984.67,79.92
985.33,79.92
986.00,79.93
986.67,79.93
987.33,79.94
988.00,79.94
988.67,79.95
989.33,79.95
990.00,79.95
990.67,79.95
991.33,79.96
992.00,79.96
992.67,79.96
993.33,79.96
994.00,79.97
994.67,79.97
995.33,79.97
996.00,79.98
996.67,79.98
997.33,79.98
998.00,79.99
998.67,79.99
999.33,80.00
1000.00,80.00
1000.67,80.00
1001.33,80.01
1002.00,80.01
1002.67,80.02
1003.33,80.02
1004.00,80.02
1004.67,80.03
1005.33,80.03
1006.00,80.03
1006.67,80.04
1007.33,80.04
1008.00,80.05
1008.67,80.05
1009.33,80.05
1010.00,80.06
1010.67,80.06
1011.33,80.06
1012.00,80.07
1012.67,80.07
1013.33,80.07
1014.00,80.08
1014.67,80.08
1015.33,80.08
1016.00,80.09
1016.67,80.09
1017.33,80.10
1018.00,80.10
1018.67,80.11
1019.33,80.12
1020.00,80.12
1020.67,80.13
1021.33,80.13
1022.00,80.13
1022.67,80.14
1023.33,80.14
1024.00,80.14
1024.67,80.15
1025.33,80.15
1026.00,80.15
1026.67,80.16
1027.33,80.16
1028.00,80.16
1028.67,80.17
1029.33,80.17
1030.00,80.18
1030.67,80.18
1031.33,80.19
1032.00,80.19
1032.67,80.20
1033.33,80.20
1034.00,80.21
1034.67,80.21
1035.33,80.21
1036.00,80.21
1036.67,80.22
1037.33,80.22
1038.00,80.22
1038.67,80.23
1039.33,80.23
1040.00,80.23
1040.67,80.24
1041.33,80.24
1042.00,80.24
1042.67,80.25
1043.33,80.25
1044.00,80.25
1044.67,80.26
1045.33,80.26
1046.00,80.27
1046.67,80.27
1047.33,80.28
1048.00,80.28
1048.67,80.29
1049.33,80.29
1050.00,80.30
1050.67,80.30
1051.33,80.31
1052.00,80.31
1052.67,80.32
1053.33,80.32
1054.00,80.32
1054.67,80.33
1055.33,80.33
1056.00,80.34
1056.67,80.34
1057.33,80.35
1058.00,80.35
1058.67,80.36
1059.33,80.36
1060.00,80.37
1060.67,80.37
1061.33,80.38
1062.00,80.38
1062.67,80.39
1063.33,80.39
1064.00,80.39
1064.67,80.40
1065.33,80.40
1066.00,80.40
1066.67,80.40
1067.33,80.41
1068.00,80.41
1068.67,80.41
1069.33,80.42
1070.00,80.42
1070.67,80.43
1071.33,80.43
1072.00,80.44
1072.67,80.44
1073.33,80.45
1074.00,80.45
1074.67,80.46
1075.33,80.46
1076.00,80.46
1076.67,80.47
1077.33,80.47
1078.00,80.47
1078.67,80.48
1079.33,80.48
1080.00,80.49
1080.67,80.49
1081.33,80.50
1082.00,80.50
1082.67,80.51
1083.33,80.52
1084.00,80.52
1084.67,80.53
1085.33,80.53
1086.00,80.54
1086.67,80.54
1087.33,80.55
1088.00,80.55
1088.67,80.55
1089.33,80.56
1090.00,80.56
1090.67,80.57
1091.33,80.57
1092.00,80.57
1092.67,80.58
1093.33,80.58
1094.00,80.59
1094.67,80.59
1095.33,80.60
1096.00,80.61
1096.67,80.61
1097.33,80.62
1098.00,80.62
1098.67,80.63
1099.33,80.63
1100.00,80.64
1100.67,80.64
1101.33,80.65
1102.00,80.65
1102.67,80.65
1103.33,80.66
1104.00,80.66
1104.67,80.67
1105.33,80.67
1106.00,80.67
1106.67,80.68
1107.33,80.68
1108.00,80.68
1108.67,80.69
1109.33,80.69
1110.00,80.70
1110.67,80.71
1111.33,80.71
1112.00,80.72
1112.67,80.73
1113.33,80.73
1114.00,80.74
1114.67,80.74
1115.33,80.74
1116.00,80.75
1116.67,80.75
1117.33,80.75
1118.00,80.75
1118.67,80.76
1119.33,80.76
1120.00,80.76
1120.67,80.77
1121.33,80.77
1122.00,80.78
1122.67,80.79
1123.33,80.79
1124.00,80.80
1124.67,80.80
1125.33,80.81
1126.00,80.81
1126.67,80.82
1127.33,80.82
1128.00,80.82
1128.67,80.82
1129.33,80.83
1130.00,80.83
1130.67,80.83
1131.33,80.84
1132.00,80.84
1132.67,80.84
1133.33,80.85
1134.00,80.85
1134.67,80.86
1135.33,80.86
1136.00,80.87
1136.67,80.87
1137.33,80.88
1138.00,80.88
1138.67,80.89
1139.33,80.89
1140.00,80.89
1140.67,80.90
1141.33,80.90
1142.00,80.91
1142.67,80.92
1143.33,80.92
1144.00,80.93
1144.67,80.93
1145.33,80.94
1146.00,80.95
1146.67,80.95
1147.33,80.96
1148.00,80.96
1148.67,80.96
1149.33,80.97
1150.00,80.97
1150.67,80.97
1151.33,80.97
1152.00,80.98
1152.67,80.98
1153.33,80.98
1154.00,80.99
1154.67,80.99
1155.33,81.00
1156.00,81.00
1156.67,81.01
1157.33,81.01
1158.00,81.02
1158.67,81.02
1159.33,81.03
1160.00,81.03
1160.67,81.03
1161.33,81.04
1162.00,81.04
1162.67,81.04
1163.33,81.05
1164.00,81.05
1164.67,81.06
1165.33,81.06
1166.00,81.07
1166.67,81.07
1167.33,81.08
1168.00,81.08
1168.67,81.09
1169.33,81.09
1170.00,81.10
1170.67,81.10
1171.33,81.10
1172.00,81.11
1172.67,81.11
1173.33,81.11
1174.00,81.12
1174.67,81.12
1175.33,81.12
1176.00,81.13
1176.67,81.13
1177.33,81.14
1178.00,81.14
1178.67,81.15
1179.33,81.15
1180.00,81.15
1180.67,81.16
1181.33,81.16
1182.00,81.16
1182.67,81.17
1183.33,81.17
1184.00,81.17
1184.67,81.18
1185.33,81.18
1186.00,81.19
1186.67,81.19
1187.33,81.20
1188.00,81.20
1188.67,81.21
1189.33,81.21
1190.00,81.22
1190.67,81.22
1191.33,81.23
1192.00,81.23
1192.67,81.24
1193.33,81.24
1194.00,81.24
1194.67,81.24
1195.33,81.25
1196.00,81.25
1196.67,81.25
1197.33,81.25
1198.00,81.26
1198.67,81.26
1199.33,81.26
1200.00,81.27
1200.67,81.27
1201.33,81.27
1202.00,81.28
1202.67,81.28
1203.33,81.29
1204.00,81.29
1204.67,81.29
1205.33,81.30
1206.00,81.30
1206.67,81.31
1207.33,81.31
1208.00,81.31
1208.67,81.32
1209.33,81.32
1210.00,81.33
1210.67,81.33
1211.33,81.34
1212.00,81.34
1212.67,81.35
1213.33,81.35
1214.00,81.35
1214.67,81.36
1215.33,81.36
1216.00,81.36
1216.67,81.37
1217.33,81.37
1218.00,81.37
1218.67,81.38
1219.33,81.38
1220.00,81.39
1220.67,81.39
1221.33,81.40
1222.00,81.40
1222.67,81.41
1223.33,81.41
1224.00,81.41
1224.67,81.42
1225.33,81.42
1226.00,81.42
1226.67,81.43
1227.33,81.43
1228.00,81.43
1228.67,81.44
1229.33,81.44
1230.00,81.44
1230.67,81.45
1231.33,81.45
1232.00,81.46
1232.67,81.46
1233.33,81.47
1234.00,81.48
1234.67,81.48
1235.33,81.48
1236.00,81.49
1236.67,81.49
1237.33,81.49
1238.00,81.50
1238.67,81.50
1239.33,81.50
1240.00,81.50
1240.67,81.50
1241.33,81.50
1242.00,81.51
1242.67,81.51
1243.33,81.51
1244.00,81.52
1244.67,81.52
1245.33,81.53
1246.00,81.53
1246.67,81.53
1247.33,81.54
1248.00,81.54
1248.67,81.54
1249.33,81.55
1250.00,81.55
1250.67,81.55
1251.33,81.56
1252.00,81.56
1252.67,81.56
1253.33,81.57
1254.00,81.57
1254.67,81.58
1255.33,81.58
1256.00,81.59
1256.67,81.59
1257.33,81.59
1258.00,81.60
1258.67,81.60
1259.33,81.61
1260.00,81.61
1260.67,81.61
1261.33,81.62
1262.00,81.62
1262.67,81.62
1263.33,81.62
1264.00,81.63
1264.67,81.63
1265.33,81.63
1266.00,81.64
1266.67,81.64
1267.33,81.64
1268.00,81.64
1268.67,81.65
1269.33,81.65
1270.00,81.66
1270.67,81.66
1271.33,81.66
1272.00,81.67
1272.67,81.67
1273.33,81.67
1274.00,81.68
1274.67,81.68
1275.33,81.69
1276.00,81.69
1276.67,81.69
1277.33,81.70
1278.00,81.70
1278.67,81.70
1279.33,81.71
1280.00,81.71
1280.67,81.71
1281.33,81.71
1282.00,81.72
1282.67,81.72
1283.33,81.72
1284.00,81.73
1284.67,81.73
1285.33,81.74
1286.00,81.74
1286.67,81.74
1287.33,81.75
1288.00,81.75
1288.67,81.75
1289.33,81.76
1290.00,81.76
1290.67,81.76
1291.33,81.76
1292.00,81.77
1292.67,81.77
1293.33,81.77
1294.00,81.78
1294.67,81.78
1295.33,81.78
1296.00,81.79
1296.67,81.79
1297.33,81.80
1298.00,81.80
1298.67,81.80
1299.33,81.81
1300.00,81.81
1300.67,81.81
1301.33,81.81
1302.00,81.81
1302.67,81.81
1303.33,81.82
1304.00,81.82
1304.67,81.82
1305.33,81.82
1306.00,81.83
1306.67,81.83
1307.33,81.83
1308.00,81.84
1308.67,81.84
1309.33,81.85
1310.00,81.85
1310.67,81.85
1311.33,81.86
1312.00,81.86
1312.67,81.86
1313.33,81.86
1314.00,81.87
1314.67,81.87
1315.33,81.87
1316.00,81.88
1316.67,81.88
1317.33,81.88
1318.00,81.89
1318.67,81.89
1319.33,81.89
1320.00,81.89
1320.67,81.90
1321.33,81.90
1322.00,81.90
1322.67,81.90
1323.33,81.90
1324.00,81.90
1324.67,81.91
1325.33,81.91
1326.00,81.91
1326.67,81.91
1327.33,81.92
1328.00,81.92
1328.67,81.93
1329.33,81.93
1330.00,81.94
1330.67,81.94
1331.33,81.94
1332.00,81.95
1332.67,81.95
1333.33,81.95
1334.00,81.95
1334.67,81.95
1335.33,81.96
1336.00,81.96
1336.67,81.96
1337.33,81.96
1338.00,81.97
1338.67,81.97
1339.33,81.97
1340.00,81.98
1340.67,81.98
1341.33,81.98
1342.00,81.99
1342.67,81.99
1343.33,82.00
1344.00,82.00
1344.67,82.00
1345.33,82.00
1346.00,82.01
1346.67,82.01
1347.33,82.01
1348.00,82.01
1348.67,82.01
1349.33,82.02
1350.00,82.02
1350.67,82.02
1351.33,82.03
1352.00,82.03
1352.67,82.03
1353.33,82.04
1354.00,82.04
1354.67,82.04
1355.33,82.04
1356.00,82.05
1356.67,82.05
1357.33,82.05
1358.00,82.05
1358.67,82.06
1359.33,82.06
1360.00,82.06
1360.67,82.06
1361.33,82.07
1362.00,82.07
1362.67,82.07
1363.33,82.08
1364.00,82.08
1364.67,82.08
1365.33,82.08
1366.00,82.09
1366.67,82.09
1367.33,82.09
1368.00,82.10
1368.67,82.10
1369.33,82.10
1370.00,82.10
1370.67,82.11
1371.33,82.11
1372.00,82.11
1372.67,82.12
1373.33,82.12
1374.00,82.12
1374.67,82.13
1375.33,82.13
1376.00,82.13
1376.67,82.13
1377.33,82.13
1378.00,82.13
1378.67,82.14
1379.33,82.14
1380.00,82.14
1380.67,82.14
1381.33,82.14
1382.00,82.15
1382.67,82.15
1383.33,82.15
1384.00,82.16
1384.67,82.16
1385.33,82.16
1386.00,82.17
1386.67,82.17
1387.33,82.17
1388.00,82.18
1388.67,82.18
1389.33,82.18
1390.00,82.19
1390.67,82.19
1391.33,82.19
1392.00,82.19
1392.67,82.19
1393.33,82.20
1394.00,82.20
1394.67,82.20
1395.33,82.20
1396.00,82.20
1396.67,82.21
1397.33,82.21
1398.00,82.21
1398.67,82.22
1399.33,82.22
1400.00,82.23
1400.67,82.23
1401.33,82.23
1402.00,82.24
1402.67,82.24
1403.33,82.24
1404.00,82.24
1404.67,82.24
1405.33,82.24
1406.00,82.24
1406.67,82.24
1407.33,82.25
1408.00,82.25
1408.67,82.25
1409.33,82.25
1410.00,82.25
1410.67,82.26
1411.33,82.26
1412.00,82.26
1412.67,82.27
1413.33,82.27
1414.00,82.27
1414.67,82.28
1415.33,82.28
1416.00,82.28
1416.67,82.28
1417.33,82.29
1418.00,82.29
1418.67,82.29
1419.33,82.29
1420.00,82.29
1420.67,82.29
1421.33,82.29
1422.00,82.29
1422.67,82.30
1423.33,82.30
1424.00,82.30
1424.67,82.30
1425.33,82.31
1426.00,82.31
1426.67,82.31
1427.33,82.32
1428.00,82.32
1428.67,82.32
1429.33,82.32
1430.00,82.33
1430.67,82.33
1431.33,82.33
1432.00,82.33
1432.67,82.34
1433.33,82.34
1434.00,82.34
1434.67,82.34
1435.33,82.34
1436.00,82.34
1436.67,82.35
1437.33,82.35
1438.00,82.35
1438.67,82.35
1439.33,82.36
1440.00,82.36
1440.67,82.36
1441.33,82.37
1442.00,82.37
1442.67,82.37
1443.33,82.37
1444.00,82.38
1444.67,82.38
1445.33,82.38
1446.00,82.38
1446.67,82.38
1447.33,82.39
1448.00,82.39
1448.67,82.39
1449.33,82.39
1450.00,82.39
1450.67,82.40
1451.33,82.40
1452.00,82.40
1452.67,82.40
1453.33,82.40
1454.00,82.40
1454.67,82.41
1455.33,82.41
1456.00,82.41
1456.67,82.41
1457.33,82.41
1458.00,82.41
1458.67,82.41
1459.33,82.41
1460.00,82.41
1460.67,82.42
1461.33,82.42
1462.00,82.42
1462.67,82.43
1463.33,82.43
1464.00,82.44
1464.67,82.44
1465.33,82.44
1466.00,82.44
1466.67,82.45
1467.33,82.45
1468.00,82.45
1468.67,82.45
1469.33,82.45
1470.00,82.45
1470.67,82.45
1471.33,82.45
1472.00,82.45
1472.67,82.45
1473.33,82.46
1474.00,82.46
1474.67,82.46
1475.33,82.46
1476.00,82.47
1476.67,82.47
1477.33,82.47
1478.00,82.47
1478.67,82.47
1479.33,82.47
1480.00,82.47
1480.67,82.48
1481.33,82.48
1482.00,82.48
1482.67,82.48
1483.33,82.48
1484.00,82.48
1484.67,82.49
1485.33,82.49
1486.00,82.49
1486.67,82.49
1487.33,82.50
1488.00,82.50
1488.67,82.50
1489.33,82.50
1490.00,82.50
1490.67,82.50
1491.33,82.50
1492.00,82.50
1492.67,82.51
1493.33,82.51
1494.00,82.51
1494.67,82.51
1495.33,82.51
1496.00,82.52
1496.67,82.52
1497.33,82.52
1498.00,82.52
1498.67,82.53
1499.33,82.53
1500.00,82.53
1500.67,82.53
1501.33,82.53
1502.00,82.54
1502.67,82.54
1503.33,82.54
1504.00,82.54
1504.67,82.54
1505.33,82.54
1506.00,82.54
1506.67,82.54
1507.33,82.54
1508.00,82.55
1508.67,82.55
1509.33,82.55
1510.00,82.55
1510.67,82.55
1511.33,82.56
1512.00,82.56
1512.67,82.56
1513.33,82.56
1514.00,82.57
1514.67,82.57
1515.33,82.57
1516.00,82.57
1516.67,82.57
1517.33,82.58
1518.00,82.58
1518.67,82.58
1519.33,82.58
1520.00,82.58
1520.67,82.58
1521.33,82.58
1522.00,82.58
1522.67,82.58
1523.33,82.58
1524.00,82.59
1524.67,82.59
1525.33,82.59
1526.00,82.60
1526.67,82.60
1527.33,82.60
1528.00,82.61
1528.67,82.61
1529.33,82.61
1530.00,82.61
1530.67,82.61
1531.33,82.62
1532.00,82.62
1532.67,82.62
1533.33,82.62
1534.00,82.62
1534.67,82.62
1535.33,82.62
1536.00,82.62
1536.67,82.62
1537.33,82.62
1538.00,82.63
1538.67,82.63
1539.33,82.63
1540.00,82.63
1540.67,82.63
1541.33,82.64
1542.00,82.64
1542.67,82.64
1543.33,82.64
1544.00,82.65
1544.67,82.65
1545.33,82.65
1546.00,82.65
1546.67,82.66
1547.33,82.66
1548.00,82.66
1548.67,82.67
1549.33,82.67
1550.00,82.67
1550.67,82.67
1551.33,82.67
1552.00,82.68
1552.67,82.68
1553.33,82.68
1554.00,82.68
1554.67,82.68
1555.33,82.68
1556.00,82.68
1556.67,82.68
1557.33,82.68
1558.00,82.68
1558.67,82.69
1559.33,82.69
1560.00,82.69
1560.67,82.69
1561.33,82.70
1562.00,82.70
1562.67,82.71
1563.33,82.71
1564.00,82.71
1564.67,82.72
1565.33,82.72
1566.00,82.72
1566.67,82.73
1567.33,82.73
1568.00,82.73
1568.67,82.73
1569.33,82.74
1570.00,82.74
1570.67,82.74
1571.33,82.74
1572.00,82.74
1572.67,82.75
1573.33,82.75
1574.00,82.75
1574.67,82.75
1575.33,82.76
1576.00,82.76
1576.67,82.76
1577.33,82.76
1578.00,82.77
1578.67,82.77
1579.33,82.77
1580.00,82.78
1580.67,82.78
1581.33,82.79
1582.00,82.79
1582.67,82.79
1583.33,82.80
1584.00,82.80
1584.67,82.80
1585.33,82.81
1586.00,82.81
1586.67,82.81
1587.33,82.82
1588.00,82.82
1588.67,82.82
1589.33,82.82
1590.00,82.83
1590.67,82.83
1591.33,82.83
1592.00,82.83
1592.67,82.83
1593.33,82.84
1594.00,82.84
1594.67,82.84
1595.33,82.84
1596.00,82.85
1596.67,82.85
1597.33,82.85
1598.00,82.86
1598.67,82.86
1599.33,82.87
1600.00,82.87
1600.67,82.88
1601.33,82.88
1602.00,82.88
1602.67,82.88
1603.33,82.89
1604.00,82.89
1604.67,82.89
1605.33,82.89
1606.00,82.89
1606.67,82.89
1607.33,82.89
1608.00,82.90
1608.67,82.90
1609.33,82.90
1610.00,82.90
1610.67,82.90
1611.33,82.91
1612.00,82.91
1612.67,82.91
1613.33,82.92
1614.00,82.92
1614.67,82.92
1615.33,82.93
1616.00,82.93
1616.67,82.94
1617.33,82.94
1618.00,82.95
1618.67,82.95
1619.33,82.96
1620.00,82.96
1620.67,82.97
1621.33,82.97
1622.00,82.97
1622.67,82.98
1623.33,82.98
1624.00,82.98
1624.67,82.98
1625.33,82.99
1626.00,82.99
1626.67,82.99
1627.33,82.99
1628.00,82.99
1628.67,83.00
1629.33,83.00
1630.00,83.00
1630.67,83.01
1631.33,83.01
1632.00,83.02
1632.67,83.02
1633.33,83.03
1634.00,83.03
1634.67,83.03
1635.33,83.04
1636.00,83.04
1636.67,83.04
1637.33,83.04
1638.00,83.04
1638.67,83.04
1639.33,83.05
1640.00,83.05
1640.67,83.05
1641.33,83.05
1642.00,83.06
1642.67,83.06
1643.33,83.07
1644.00,83.07
1644.67,83.08
1645.33,83.08
1646.00,83.08
1646.67,83.09
1647.33,83.09
1648.00,83.09
1648.67,83.09
1649.33,83.10
1650.00,83.10
1650.67,83.10
1651.33,83.10
1652.00,83.10
1652.67,83.11
1653.33,83.11
1654.00,83.12
1654.67,83.12
1655.33,83.12
1656.00,83.13
1656.67,83.13
1657.33,83.14
1658.00,83.14
1658.67,83.15
1659.33,83.15
1660.00,83.15
1660.67,83.16
1661.33,83.16
1662.00,83.16
1662.67,83.16
1663.33,83.17
1664.00,83.17
1664.67,83.17
1665.33,83.18
1666.00,83.18
1666.67,83.18
1667.33,83.19
1668.00,83.19
1668.67,83.19
1669.33,83.20
1670.00,83.20
1670.67,83.20
1671.33,83.20
1672.00,83.21
1672.67,83.21
1673.33,83.21
1674.00,83.21
1674.67,83.22
1675.33,83.22
1676.00,83.22
1676.67,83.23
1677.33,83.23
1678.00,83.23
1678.67,83.24
1679.33,83.24
1680.00,83.25
1680.67,83.25
1681.33,83.26
1682.00,83.26
1682.67,83.26
1683.33,83.27
1684.00,83.27
1684.67,83.27
1685.33,83.27
1686.00,83.28
1686.67,83.28
1687.33,83.28
1688.00,83.28
1688.67,83.29
1689.33,83.29
1690.00,83.29
1690.67,83.29
1691.33,83.30
1692.00,83.30
1692.67,83.31
1693.33,83.31
1694.00,83.31
1694.67,83.31
1695.33,83.32
1696.00,83.32
1696.67,83.32
1697.33,83.32
1698.00,83.32
1698.67,83.33
1699.33,83.33
1700.00,83.33
1700.67,83.33
1701.33,83.33
1702.00,83.34
1702.67,83.34
1703.33,83.34
1704.00,83.35
1704.67,83.35
1705.33,83.36
1706.00,83.36
1706.67,83.37
1707.33,83.37
1708.00,83.38
1708.67,83.38
1709.33,83.38
1710.00,83.39
1710.67,83.39
1711.33,83.39
1712.00,83.39
1712.67,83.39
1713.33,83.40
1714.00,83.40
1714.67,83.40
1715.33,83.40
1716.00,83.40
1716.67,83.41
1717.33,83.41
1718.00,83.41
1718.67,83.42
1719.33,83.42
1720.00,83.42
1720.67,83.43
1721.33,83.43
1722.00,83.43
1722.67,83.44
1723.33,83.44
1724.00,83.45
1724.67,83.45
1725.33,83.45
1726.00,83.46
1726.67,83.46
1727.33,83.46
1728.00,83.46
1728.67,83.47
1729.33,83.47
1730.00,83.47
1730.67,83.48
1731.33,83.48
1732.00,83.48
1732.67,83.48
1733.33,83.49
1734.00,83.49
1734.67,83.49
1735.33,83.50
1736.00,83.50
1736.67,83.50
1737.33,83.50
1738.00,83.51
1738.67,83.51
1739.33,83.51
1740.00,83.52
1740.67,83.52
1741.33,83.52
1742.00,83.52
1742.67,83.53
1743.33,83.53
1744.00,83.53
1744.67,83.53
1745.33,83.54
1746.00,83.54
1746.67,83.54
1747.33,83.55
1748.00,83.55
1748.67,83.55
1749.33,83.55
1750.00,83.56
1750.67,83.56
1751.33,83.56
1752.00,83.56
1752.67,83.57
1753.33,83.57
1754.00,83.57
1754.67,83.58
1755.33,83.58
1756.00,83.58
1756.67,83.59
1757.33,83.59
1758.00,83.59
1758.67,83.59
1759.33,83.60
1760.00,83.60
1760.67,83.60
1761.33,83.61
1762.00,83.61
1762.67,83.61
1763.33,83.61
1764.00,83.61
1764.67,83.62
1765.33,83.62
1766.00,83.62
1766.67,83.62
1767.33,83.62
1768.00,83.63
1768.67,83.63
1769.33,83.63
1770.00,83.63
1770.67,83.63
1771.33,83.64
1772.00,83.64
1772.67,83.64
1773.33,83.64
1774.00,83.65
1774.67,83.65
1775.33,83.66
1776.00,83.66
1776.67,83.66
1777.33,83.67
1778.00,83.67
1778.67,83.67
1779.33,83.68
1780.00,83.68
1780.67,83.68
1781.33,83.69
1782.00,83.69
1782.67,83.69
1783.33,83.70
1784.00,83.70
1784.67,83.70
1785.33,83.70
1786.00,83.71
1786.67,83.71
1787.33,83.71
1788.00,83.71
1788.67,83.71
1789.33,83.72
1790.00,83.72
1790.67,83.72
1791.33,83.72
1792.00,83.73
1792.67,83.73
1793.33,83.73
1794.00,83.74
1794.67,83.74
1795.33,83.75
1796.00,83.75
1796.67,83.75
1797.33,83.76
1798.00,83.76
1798.67,83.76
1799.33,83.76
1800.00,83.76
1800.67,83.76
1801.33,83.77
1802.00,83.77
1802.67,83.77
1803.33,83.77
1804.00,83.77
1804.67,83.78
1805.33,83.78
1806.00,83.78
1806.67,83.79
1807.33,83.79
1808.00,83.80
1808.67,83.80
1809.33,83.80
1810.00,83.81
1810.67,83.81
1811.33,83.81
1812.00,83.81
1812.67,83.81
1813.33,83.81
1814.00,83.82
1814.67,83.82
1815.33,83.82
1816.00,83.82
1816.67,83.83
1817.33,83.83
1818.00,83.83
1818.67,83.84
1819.33,83.84
1820.00,83.84
1820.67,83.85
1821.33,83.85
1822.00,83.85
1822.67,83.85
1823.33,83.86
1824.00,83.86
1824.67,83.86
1825.33,83.86
1826.00,83.87
1826.67,83.87
1827.33,83.87
1828.00,83.88
1828.67,83.88
1829.33,83.88
1830.00,83.89
1830.67,83.89
1831.33,83.90
1832.00,83.90
1832.67,83.90
1833.33,83.91
1834.00,83.91
1834.67,83.91
1835.33,83.92
1836.00,83.92
1836.67,83.92
1837.33,83.92
1838.00,83.93
1838.67,83.93
1839.33,83.93
1840.00,83.93
1840.67,83.94
1841.33,83.94
1842.00,83.94
1842.67,83.94
1843.33,83.94
1844.00,83.95
1844.67,83.95
1845.33,83.95
1846.00,83.95
1846.67,83.96
1847.33,83.96
1848.00,83.96
1848.67,83.97
1849.33,83.97
1850.00,83.98
1850.67,83.98
1851.33,83.98
1852.00,83.99
1852.67,83.99
1853.33,83.99
1854.00,84.00
1854.67,84.00
1855.33,84.00
1856.00,84.01
1856.67,84.01
1857.33,84.01
1858.00,84.02
1858.67,84.02
1859.33,84.02
1860.00,84.02
1860.67,84.03
1861.33,84.03
1862.00,84.03
1862.67,84.04
1863.33,84.04
1864.00,84.04
1864.67,84.04
1865.33,84.05
1866.00,84.05
1866.67,84.05
1867.33,84.06
1868.00,84.06
1868.67,84.06
1869.33,84.07
1870.00,84.07
1870.67,84.07
1871.33,84.08
1872.00,84.08
1872.67,84.09
1873.33,84.09
1874.00,84.09
1874.67,84.09
1875.33,84.10
1876.00,84.10
1876.67,84.10
1877.33,84.10
1878.00,84.11
1878.67,84.11
1879.33,84.11
1880.00,84.12
1880.67,84.12
1881.33,84.12
1882.00,84.13
1882.67,84.13
1883.33,84.13
1884.00,84.14
1884.67,84.14
1885.33,84.14
1886.00,84.15
1886.67,84.15
1887.33,84.15
1888.00,84.15
1888.67,84.16
1889.33,84.16
1890.00,84.16
1890.67,84.17
1891.33,84.17
1892.00,84.17
1892.67,84.18
1893.33,84.18
1894.00,84.18
1894.67,84.19
1895.33,84.19
1896.00,84.20
1896.67,84.20
1897.33,84.20
1898.00,84.21
1898.67,84.21
1899.33,84.22
1900.00,84.22
1900.67,84.22
1901.33,84.22
1902.00,84.23
1902.67,84.23
1903.33,84.23
1904.00,84.24
1904.67,84.24
1905.33,84.24
1906.00,84.24
1906.67,84.25
1907.33,84.25
1908.00,84.26
1908.67,84.26
1909.33,84.26
1910.00,84.27
1910.67,84.27
1911.33,84.28
1912.00,84.28
1912.67,84.28
1913.33,84.29
1914.00,84.29
1914.67,84.29
1915.33,84.29
1916.00,84.30
1916.67,84.30
1917.33,84.30
1918.00,84.31
1918.67,84.31
1919.33,84.32
1920.00,84.32
1920.67,84.32
1921.33,84.33
1922.00,84.33
1922.67,84.34
1923.33,84.34
1924.00,84.34
1924.67,84.35
1925.33,84.35
1926.00,84.35
1926.67,84.36
1927.33,84.36
1928.00,84.36
1928.67,84.37
1929.33,84.37
1930.00,84.37
1930.67,84.38
1931.33,84.38
1932.00,84.38
1932.67,84.39
1933.33,84.39
1934.00,84.39
1934.67,84.40
1935.33,84.40
1936.00,84.41
1936.67,84.41
1937.33,84.41
1938.00,84.42
1938.67,84.42
1939.33,84.43
1940.00,84.43
1940.67,84.43
1941.33,84.44
1942.00,84.44
1942.67,84.45
1943.33,84.45
1944.00,84.45
1944.67,84.46
1945.33,84.46
1946.00,84.46
1946.67,84.47
1947.33,84.47
1948.00,84.47
1948.67,84.48
1949.33,84.48
1950.00,84.49
1950.67,84.49
1951.33,84.49
1952.00,84.50
1952.67,84.50
1953.33,84.51
1954.00,84.51
1954.67,84.51
1955.33,84.51
1956.00,84.52
1956.67,84.52
1957.33,84.52
1958.00,84.53
1958.67,84.53
1959.33,84.53
1960.00,84.54
1960.67,84.54
1961.33,84.55
1962.00,84.55
1962.67,84.55
1963.33,84.56
1964.00,84.56
1964.67,84.57
1965.33,84.57
1966.00,84.57
1966.67,84.58
1967.33,84.58
1968.00,84.58
1968.67,84.59
1969.33,84.59
1970.00,84.59
1970.67,84.59
1971.33,84.60
1972.00,84.60
1972.67,84.61
1973.33,84.61
1974.00,84.61
1974.67,84.62
1975.33,84.62
1976.00,84.63
1976.67,84.63
1977.33,84.64
1978.00,84.64
1978.67,84.64
1979.33,84.65
1980.00,84.65
1980.67,84.65
1981.33,84.66
1982.00,84.66
1982.67,84.67
1983.33,84.67
1984.00,84.67
1984.67,84.68
1985.33,84.68
1986.00,84.69
1986.67,84.69
1987.33,84.69
1988.00,84.70
1988.67,84.70
1989.33,84.70
1990.00,84.71
1990.67,84.71
1991.33,84.72
1992.00,84.72
1992.67,84.72
1993.33,84.73
1994.00,84.73
1994.67,84.74
1995.33,84.74
1996.00,84.75
1996.67,84.75
1997.33,84.75
1998.00,84.76
1998.67,84.76
1999.33,84.76
2000.00,84.77
2000.67,84.77
2001.33,84.78
2002.00,84.78
2002.67,84.78
2003.33,84.79
2004.00,84.79
2004.67,84.80
2005.33,84.80
2006.00,84.80
2006.67,84.81
2007.33,84.81
2008.00,84.82
2008.67,84.82
2009.33,84.83
2010.00,84.83
2010.67,84.83
2011.33,84.84
2012.00,84.84
2012.67,84.84
2013.33,84.85
2014.00,84.85
2014.67,84.86
2015.33,84.86
2016.00,84.87
2016.67,84.87
2017.33,84.87
2018.00,84.88
2018.67,84.88
2019.33,84.89
2020.00,84.89
2020.67,84.90
2021.33,84.90
2022.00,84.90
2022.67,84.90
2023.33,84.91
2024.00,84.91
2024.67,84.91
2025.33,84.92
2026.00,84.92
2026.67,84.92
2027.33,84.93
2028.00,84.93
2028.67,84.94
2029.33,84.94
2030.00,84.95
2030.67,84.95
2031.33,84.96
2032.00,84.96
2032.67,84.97
2033.33,84.97
2034.00,84.98
2034.67,84.98
2035.33,84.98
2036.00,84.99
2036.67,84.99
2037.33,84.99
2038.00,85.00
2038.67,85.00
2039.33,85.01
2040.00,85.01
2040.67,85.01
2041.33,85.02
2042.00,85.02
2042.67,85.03
2043.33,85.03
2044.00,85.04
2044.67,85.04
2045.33,85.05
2046.00,85.05
2046.67,85.05
2047.33,85.06
2048.00,85.06
2048.67,85.06
2049.33,85.07
2050.00,85.07
2050.67,85.07
2051.33,85.08
2052.00,85.08
2052.67,85.09
2053.33,85.09
2054.00,85.10
2054.67,85.10
2055.33,85.10
2056.00,85.11
2056.67,85.11
2057.33,85.12
2058.00,85.12
2058.67,85.12
2059.33,85.13
2060.00,85.13
2060.67,85.13
2061.33,85.14
2062.00,85.14
2062.67,85.14
2063.33,85.15
2064.00,85.15
2064.67,85.16
2065.33,85.16
2066.00,85.16
2066.67,85.17
2067.33,85.17
2068.00,85.18
2068.67,85.18
2069.33,85.18
2070.00,85.19
2070.67,85.19
2071.33,85.19
2072.00,85.20
2072.67,85.20
2073.33,85.21
2074.00,85.21
2074.67,85.21
2075.33,85.22
2076.00,85.22
2076.67,85.23
2077.33,85.23
2078.00,85.24
2078.67,85.24
2079.33,85.24
2080.00,85.25
2080.67,85.25
2081.33,85.25
2082.00,85.26
2082.67,85.26
2083.33,85.26
2084.00,85.27
2084.67,85.27
2085.33,85.27
2086.00,85.28
2086.67,85.28
2087.33,85.28
2088.00,85.29
2088.67,85.29
2089.33,85.29
2090.00,85.30
2090.67,85.30
2091.33,85.30
2092.00,85.31
2092.67,85.31
2093.33,85.32
2094.00,85.32
2094.67,85.32
2095.33,85.33
2096.00,85.33
2096.67,85.33
2097.33,85.34
2098.00,85.34
2098.67,85.34
2099.33,85.35
2100.00,85.35
2100.67,85.36
2101.33,85.36
2102.00,85.36
2102.67,85.37
2103.33,85.37
2104.00,85.37
2104.67,85.38
2105.33,85.38
2106.00,85.38
2106.67,85.39
2107.33,85.39
2108.00,85.39
2108.67,85.40
2109.33,85.40
2110.00,85.40
2110.67,85.40
2111.33,85.41
2112.00,85.41
2112.67,85.41
2113.33,85.42
2114.00,85.42
2114.67,85.42
2115.33,85.43
2116.00,85.43
2116.67,85.43
2117.33,85.44
2118.00,85.44
2118.67,85.44
2119.33,85.45
2120.00,85.45
2120.67,85.45
2121.33,85.46
2122.00,85.46
2122.67,85.46
2123.33,85.47
2124.00,85.47
2124.67,85.47
2125.33,85.48
2126.00,85.48
2126.67,85.48
2127.33,85.48
2128.00,85.49
2128.67,85.49
2129.33,85.49
2130.00,85.49
2130.67,85.50
2131.33,85.50
2132.00,85.50
2132.67,85.51
2133.33,85.51
2134.00,85.52
2134.67,85.52
2135.33,85.52
2136.00,85.53
2136.67,85.53
2137.33,85.53
2138.00,85.54
2138.67,85.54
2139.33,85.54
2140.00,85.54
2140.67,85.54
2141.33,85.55
2142.00,85.55
2142.67,85.55
2143.33,85.55
2144.00,85.56
2144.67,85.56
2145.33,85.56
2146.00,85.56
2146.67,85.57
2147.33,85.57
2148.00,85.57
2148.67,85.58
2149.33,85.58
2150.00,85.58
2150.67,85.59
2151.33,85.59
2152.00,85.59
2152.67,85.59
2153.33,85.60
2154.00,85.60
2154.67,85.60
2155.33,85.60
2156.00,85.61
2156.67,85.61
2157.33,85.61
2158.00,85.61
2158.67,85.62
2159.33,85.62
2160.00,85.62
2160.67,85.62
2161.33,85.63
2162.00,85.63
2162.67,85.63
2163.33,85.63
2164.00,85.64
2164.67,85.64
2165.33,85.64
2166.00,85.64
2166.67,85.64
2167.33,85.65
2168.00,85.65
2168.67,85.65
2169.33,85.65
2170.00,85.65
2170.67,85.65
2171.33,85.66
2172.00,85.66
2172.67,85.66
2173.33,85.66
2174.00,85.66
2174.67,85.67
2175.33,85.67
2176.00,85.67
2176.67,85.67
2177.33,85.68
2178.00,85.68
2178.67,85.68
2179.33,85.68
2180.00,85.69
2180.67,85.69
2181.33,85.69
2182.00,85.69
2182.67,85.69
2183.33,85.70
2184.00,85.70
2184.67,85.70
2185.33,85.70
2186.00,85.71
2186.67,85.71
2187.33,85.71
2188.00,85.71
2188.67,85.72
2189.33,85.72
2190.00,85.72
2190.67,85.72
2191.33,85.72
2192.00,85.72
2192.67,85.72
2193.33,85.72
2194.00,85.73
2194.67,85.73
2195.33,85.73
2196.00,85.73
2196.67,85.73
2197.33,85.74
2198.00,85.74
2198.67,85.74
2199.33,85.74
2200.00,85.75
2200.67,85.75
2201.33,85.75
2202.00,85.75
2202.67,85.75
2203.33,85.75
2204.00,85.76
2204.67,85.76
2205.33,85.76
2206.00,85.76
2206.67,85.76
2207.33,85.76
2208.00,85.77
2208.67,85.77
2209.33,85.77
2210.00,85.77
2210.67,85.77
2211.33,85.77
2212.00,85.78
2212.67,85.78
2213.33,85.78
2214.00,85.78
2214.67,85.78
2215.33,85.78
2216.00,85.79
2216.67,85.79
2217.33,85.79
2218.00,85.79
2218.67,85.79
2219.33,85.79
2220.00,85.79
2220.67,85.80
2221.33,85.80
2222.00,85.80
2222.67,85.80
2223.33,85.80
2224.00,85.80
2224.67,85.80
2225.33,85.80
2226.00,85.80
2226.67,85.81
2227.33,85.81
2228.00,85.81
2228.67,85.81
2229.33,85.81
2230.00,85.81
2230.67,85.82
2231.33,85.82
2232.00,85.82
2232.67,85.82
2233.33,85.82
2234.00,85.82
2234.67,85.82
2235.33,85.83
2236.00,85.83
2236.67,85.83
2237.33,85.83
2238.00,85.83
2238.67,85.83
2239.33,85.83
2240.00,85.83
2240.67,85.83
2241.33,85.84
2242.00,85.84
2242.67,85.84
2243.33,85.84
2244.00,85.84
2244.67,85.84
2245.33,85.84
2246.00,85.84
2246.67,85.84
2247.33,85.84
2248.00,85.84
2248.67,85.84
2249.33,85.84
2250.00,85.85
2250.67,85.85
2251.33,85.85
2252.00,85.85
2252.67,85.85
2253.33,85.85
2254.00,85.85
2254.67,85.85
2255.33,85.85
2256.00,85.85
2256.67,85.85
2257.33,85.85
2258.00,85.85
2258.67,85.85
2259.33,85.85
2260.00,85.85
2260.67,85.86
2261.33,85.86
2262.00,85.86
2262.67,85.86
2263.33,85.86
2264.00,85.86
2264.67,85.86
2265.33,85.86
2266.00,85.86
2266.67,85.86
2267.33,85.86
2268.00,85.86
2268.67,85.86
2269.33,85.86
2270.00,85.86
2270.67,85.87
2271.33,85.87
2272.00,85.87
2272.67,85.87
2273.33,85.87
2274.00,85.87
2274.67,85.87
2275.33,85.87
2276.00,85.87
2276.67,85.87
2277.33,85.87
2278.00,85.87
2278.67,85.87
2279.33,85.87
2280.00,85.87
2280.67,85.87
2281.33,85.87
2282.00,85.87
2282.67,85.87
2283.33,85.87
2284.00,85.88
2284.67,85.88
2285.33,85.88
2286.00,85.88
2286.67,85.88
2287.33,85.88
2288.00,85.88
2288.67,85.88
2289.33,85.88
2290.00,85.88
2290.67,85.88
2291.33,85.88
2292.00,85.88
2292.67,85.88
2293.33,85.88
2294.00,85.88
2294.67,85.88
2295.33,85.88
2296.00,85.88
2296.67,85.88
2297.33,85.88
2298.00,85.88
2298.67,85.88
2299.33,85.88
2300.00,85.88
2300.67,85.88
2301.33,85.88
2302.00,85.88
2302.67,85.88
2303.33,85.88
2304.00,85.88
2304.67,85.88
2305.33,85.88
2306.00,85.88
2306.67,85.88
2307.33,85.88
2308.00,85.88
2308.67,85.88
2309.33,85.88
2310.00,85.88
2310.67,85.88
2311.33,85.88
2312.00,85.88
2312.67,85.88
2313.33,85.88
2314.00,85.88
2314.67,85.88
2315.33,85.88
2316.00,85.88
2316.67,85.87
2317.33,85.87
2318.00,85.87
2318.67,85.87
2319.33,85.87
2320.00,85.87
2320.67,85.88
2321.33,85.88
2322.00,85.88
2322.67,85.88
2323.33,85.88
2324.00,85.88
2324.67,85.88
2325.33,85.88
2326.00,85.88
2326.67,85.87
2327.33,85.87
2328.00,85.87
2328.67,85.87
2329.33,85.87
2330.00,85.87
2330.67,85.87
2331.33,85.87
2332.00,85.87
2332.67,85.87
2333.33,85.87
2334.00,85.87
2334.67,85.87
2335.33,85.87
2336.00,85.87
2336.67,85.87
2337.33,85.87
2338.00,85.87
2338.67,85.86
2339.33,85.86
2340.00,85.86
2340.67,85.86
2341.33,85.86
2342.00,85.86
2342.67,85.86
2343.33,85.86
2344.00,85.86
2344.67,85.86
2345.33,85.86
2346.00,85.86
2346.67,85.86
2347.33,85.86
2348.00,85.85
2348.67,85.85
2349.33,85.85
2350.00,85.85
2350.67,85.85
2351.33,85.85
2352.00,85.85
2352.67,85.85
2353.33,85.85
2354.00,85.85
2354.67,85.85
2355.33,85.85
2356.00,85.85
2356.67,85.85
2357.33,85.85
2358.00,85.85
2358.67,85.85
2359.33,85.85
2360.00,85.85
2360.67,85.85
2361.33,85.85
2362.00,85.85
2362.67,85.84
2363.33,85.84
2364.00,85.84
2364.67,85.84
2365.33,85.84
2366.00,85.84
2366.67,85.84
2367.33,85.84
2368.00,85.84
2368.67,85.84
2369.33,85.83
2370.00,85.83
2370.67,85.83
2371.33,85.83
2372.00,85.83
2372.67,85.83
2373.33,85.83
2374.00,85.83
2374.67,85.82
2375.33,85.82
2376.00,85.82
2376.67,85.82
2377.33,85.82
2378.00,85.82
2378.67,85.82
2379.33,85.82
2380.00,85.82
2380.67,85.81
2381.33,85.81
2382.00,85.81
2382.67,85.81
2383.33,85.81
2384.00,85.81
2384.67,85.81
2385.33,85.81
2386.00,85.81
2386.67,85.81
2387.33,85.81
2388.00,85.81
2388.67,85.81
2389.33,85.81
2390.00,85.80
2390.67,85.80
2391.33,85.80
2392.00,85.80
2392.67,85.80
2393.33,85.79
2394.00,85.79
2394.67,85.79
2395.33,85.79
2396.00,85.79
2396.67,85.79
2397.33,85.79
2398.00,85.79
2398.67,85.79
2399.33,85.79
2400.00,85.79
2400.67,85.79
2401.33,85.79
2402.00,85.79
2402.67,85.78
2403.33,85.78
2404.00,85.78
2404.67,85.78
2405.33,85.78
2406.00,85.78
2406.67,85.78
2407.33,85.77
2408.00,85.77
2408.67,85.77
2409.33,85.77
2410.00,85.77
2410.67,85.77
2411.33,85.77
2412.00,85.76
2412.67,85.76
2413.33,85.76
2414.00,85.76
2414.67,85.76
2415.33,85.76
2416.00,85.76
2416.67,85.76
2417.33,85.76
2418.00,85.75
2418.67,85.75
2419.33,85.75
2420.00,85.75
2420.67,85.75
2421.33,85.75
2422.00,85.75
2422.67,85.75
2423.33,85.74
2424.00,85.74
2424.67,85.74
2425.33,85.74
2426.00,85.74
2426.67,85.74
2427.33,85.73
2428.00,85.73
2428.67,85.73
2429.33,85.73
2430.00,85.73
2430.67,85.73
2431.33,85.73
2432.00,85.73
2432.67,85.73
2433.33,85.73
2434.00,85.73
2434.67,85.73
2435.33,85.73
2436.00,85.73
2436.67,85.72
2437.33,85.72
2438.00,85.72
2438.67,85.72
2439.33,85.72
2440.00,85.71
2440.67,85.71
2441.33,85.71
2442.00,85.71
2442.67,85.71
2443.33,85.70
2444.00,85.70
2444.67,85.70
2445.33,85.70
2446.00,85.70
2446.67,85.70
2447.33,85.70
2448.00,85.69
2448.67,85.69
2449.33,85.69
2450.00,85.69
2450.67,85.69
2451.33,85.69
2452.00,85.69
2452.67,85.69
2453.33,85.68
2454.00,85.68
2454.67,85.68
2455.33,85.68
2456.00,85.68
2456.67,85.68
2457.33,85.68
2458.00,85.68
2458.67,85.68
2459.33,85.68
2460.00,85.68
2460.67,85.67
2461.33,85.67
2462.00,85.67
2462.67,85.67
2463.33,85.67
2464.00,85.66
2464.67,85.66
2465.33,85.66
2466.00,85.66
2466.67,85.66
2467.33,85.66
2468.00,85.66
2468.67,85.65
2469.33,85.65
2470.00,85.65
2470.67,85.65
2471.33,85.65
2472.00,85.65
2472.67,85.65
2473.33,85.64
2474.00,85.64
2474.67,85.64
2475.33,85.64
2476.00,85.64
2476.67,85.64
2477.33,85.64
2478.00,85.64
2478.67,85.63
2479.33,85.63
2480.00,85.63
2480.67,85.63
2481.33,85.63
2482.00,85.62
2482.67,85.62
2483.33,85.62
2484.00,85.62
2484.67,85.62
2485.33,85.61
2486.00,85.61
2486.67,85.61
2487.33,85.61
2488.00,85.61
2488.67,85.61
2489.33,85.61
2490.00,85.61
2490.67,85.60
2491.33,85.60
2492.00,85.60
2492.67,85.60
2493.33,85.59
2494.00,85.59
2494.67,85.59
2495.33,85.59
2496.00,85.58
2496.67,85.58
2497.33,85.58
2498.00,85.58
2498.67,85.58
2499.33,85.58
2500.00,85.58
2500.67,85.58
2501.33,85.58
2502.00,85.57
2502.67,85.57
2503.33,85.57
2504.00,85.57
2504.67,85.57
2505.33,85.57
2506.00,85.57
2506.67,85.56
2507.33,85.56
2508.00,85.56
2508.67,85.56
2509.33,85.55
2510.00,85.55
2510.67,85.55
2511.33,85.55
2512.00,85.54
2512.67,85.54
2513.33,85.54
2514.00,85.54
2514.67,85.53
2515.33,85.53
2516.00,85.53
2516.67,85.53
2517.33,85.53
2518.00,85.53
2518.67,85.53
2519.33,85.52
2520.00,85.52
2520.67,85.52
2521.33,85.52
2522.00,85.52
2522.67,85.52
2523.33,85.51
2524.00,85.51
2524.67,85.51
2525.33,85.51
2526.00,85.51
2526.67,85.51
2527.33,85.50
2528.00,85.50
2528.67,85.50
2529.33,85.50
2530.00,85.50
2530.67,85.50
2531.33,85.50
2532.00,85.50
2532.67,85.49
2533.33,85.49
2534.00,85.49
2534.67,85.49
2535.33,85.48
2536.00,85.48
2536.67,85.48
2537.33,85.48
2538.00,85.47
2538.67,85.47
2539.33,85.47
2540.00,85.47
2540.67,85.47
2541.33,85.47
2542.00,85.47
2542.67,85.47
2543.33,85.47
2544.00,85.46
2544.67,85.46
2545.33,85.46
2546.00,85.46
2546.67,85.45
2547.33,85.45
2548.00,85.45
2548.67,85.45
2549.33,85.44
2550.00,85.44
2550.67,85.44
2551.33,85.44
2552.00,85.44
2552.67,85.44
2553.33,85.44
2554.00,85.44
2554.67,85.43
2555.33,85.43
2556.00,85.43
2556.67,85.43
2557.33,85.43
2558.00,85.43
2558.67,85.43
2559.33,85.43
2560.00,85.42
2560.67,85.42
2561.33,85.42
2562.00,85.42
2562.67,85.42
2563.33,85.41
2564.00,85.41
2564.67,85.41
2565.33,85.41
2566.00,85.40
2566.67,85.40
2567.33,85.40
2568.00,85.40
2568.67,85.40
2569.33,85.39
2570.00,85.39
2570.67,85.39
2571.33,85.39
2572.00,85.39
2572.67,85.38
2573.33,85.38
2574.00,85.38
2574.67,85.38
2575.33,85.38
2576.00,85.37
2576.67,85.37
2577.33,85.37
2578.00,85.37
2578.67,85.37
2579.33,85.37
2580.00,85.36
2580.67,85.36
2581.33,85.36
2582.00,85.36
2582.67,85.36
2583.33,85.35
2584.00,85.35
2584.67,85.35
2585.33,85.35
2586.00,85.34
2586.67,85.34
2587.33,85.34
2588.00,85.34
2588.67,85.34
2589.33,85.34
2590.00,85.33
2590.67,85.33
2591.33,85.33
2592.00,85.33
2592.67,85.33
2593.33,85.33
2594.00,85.33
2594.67,85.32
2595.33,85.32
2596.00,85.32
2596.67,85.32
2597.33,85.31
2598.00,85.31
2598.67,85.31
2599.33,85.31
2600.00,85.31
2600.67,85.31
2601.33,85.31
2602.00,85.31
2602.67,85.30
2603.33,85.30
2604.00,85.30
2604.67,85.30
2605.33,85.30
2606.00,85.30
2606.67,85.30
2607.33,85.29
2608.00,85.29
2608.67,85.29
2609.33,85.29
2610.00,85.28
2610.67,85.28
2611.33,85.28
2612.00,85.28
2612.67,85.28
2613.33,85.28
2614.00,85.27
2614.67,85.27
2615.33,85.27
2616.00,85.27
2616.67,85.27
2617.33,85.26
2618.00,85.26
2618.67,85.26
2619.33,85.26
2620.00,85.26
2620.67,85.25
2621.33,85.25
2622.00,85.25
2622.67,85.25
2623.33,85.25
2624.00,85.25
2624.67,85.24
2625.33,85.24
2626.00,85.24
2626.67,85.24
2627.33,85.24
2628.00,85.23
2628.67,85.23
2629.33,85.23
2630.00,85.23
2630.67,85.23
2631.33,85.23
2632.00,85.23
2632.67,85.22
2633.33,85.22
2634.00,85.22
2634.67,85.22
2635.33,85.22
2636.00,85.22
2636.67,85.22
2637.33,85.22
2638.00,85.22
2638.67,85.22
2639.33,85.21
2640.00,85.21
2640.67,85.21
2641.33,85.21
2642.00,85.21
2642.67,85.20
2643.33,85.20
2644.00,85.20
2644.67,85.20
2645.33,85.20
2646.00,85.20
2646.67,85.19
2647.33,85.19
2648.00,85.19
2648.67,85.19
2649.33,85.18
2650.00,85.18
2650.67,85.18
2651.33,85.18
2652.00,85.18
2652.67,85.18
2653.33,85.18
2654.00,85.18
2654.67,85.17
2655.33,85.17
2656.00,85.17
2656.67,85.17
2657.33,85.17
2658.00,85.17
2658.67,85.17
2659.33,85.16
2660.00,85.16
2660.67,85.16
2661.33,85.16
2662.00,85.16
2662.67,85.16
2663.33,85.15
2664.00,85.15
2664.67,85.15
2665.33,85.15
2666.00,85.15
2666.67,85.15
2667.33,85.15
2668.00,85.14
2668.67,85.14
2669.33,85.14
2670.00,85.14
2670.67,85.13
2671.33,85.13
2672.00,85.13
2672.67,85.13
2673.33,85.13
2674.00,85.13
2674.67,85.12
2675.33,85.12
2676.00,85.12
2676.67,85.12
2677.33,85.12
2678.00,85.12
2678.67,85.12
2679.33,85.12
2680.00,85.11
2680.67,85.11
2681.33,85.11
2682.00,85.11
2682.67,85.11
2683.33,85.10
2684.00,85.10
2684.67,85.10
2685.33,85.10
2686.00,85.10
2686.67,85.10
2687.33,85.09
2688.00,85.09
2688.67,85.09
2689.33,85.09
2690.00,85.09
2690.67,85.09
2691.33,85.09
2692.00,85.09
2692.67,85.09
2693.33,85.09
2694.00,85.08
2694.67,85.08
2695.33,85.08
2696.00,85.08
2696.67,85.08
2697.33,85.08
2698.00,85.07
2698.67,85.07
2699.33,85.07
2700.00,85.07
2700.67,85.07
2701.33,85.07
2702.00,85.07
2702.67,85.06
2703.33,85.06
2704.00,85.06
2704.67,85.06
2705.33,85.06
2706.00,85.06
2706.67,85.06
2707.33,85.06
2708.00,85.06
2708.67,85.05
2709.33,85.05
2710.00,85.05
2710.67,85.05
2711.33,85.05
2712.00,85.05
2712.67,85.05
2713.33,85.05
2714.00,85.05
2714.67,85.04
2715.33,85.04
2716.00,85.04
2716.67,85.04
2717.33,85.04
2718.00,85.04
2718.67,85.03
2719.33,85.03
2720.00,85.03
2720.67,85.03
2721.33,85.02
2722.00,85.02
2722.67,85.02
2723.33,85.02
2724.00,85.02
2724.67,85.02
2725.33,85.02
2726.00,85.02
2726.67,85.02
2727.33,85.02
2728.00,85.02
2728.67,85.02
2729.33,85.02
2730.00,85.02
2730.67,85.01
2731.33,85.01
2732.00,85.01
2732.67,85.01
2733.33,85.00
2734.00,85.00
2734.67,85.00
2735.33,85.00
2736.00,85.00
2736.67,85.00
2737.33,85.00
2738.00,85.00
2738.67,85.00
2739.33,85.00
2740.00,85.00
2740.67,85.00
2741.33,85.00
2742.00,85.00
2742.67,85.00
2743.33,85.00
2744.00,84.99
2744.67,84.99
2745.33,84.99
2746.00,84.99
2746.67,84.99
2747.33,84.98
2748.00,84.98
2748.67,84.98
2749.33,84.98
2750.00,84.98
2750.67,84.98
2751.33,84.98
2752.00,84.98
2752.67,84.98
2753.33,84.98
2754.00,84.98
2754.67,84.98
2755.33,84.97
2756.00,84.97
2756.67,84.97
2757.33,84.97
2758.00,84.97
2758.67,84.96
2759.33,84.96
2760.00,84.96
2760.67,84.96
2761.33,84.96
2762.00,84.96
2762.67,84.96
2763.33,84.96
2764.00,84.96
2764.67,84.96
2765.33,84.96
2766.00,84.96
2766.67,84.96
2767.33,84.96
2768.00,84.95
2768.67,84.95
2769.33,84.95
2770.00,84.95
2770.67,84.95
2771.33,84.95
2772.00,84.94
2772.67,84.94
2773.33,84.94
2774.00,84.94
2774.67,84.94
2775.33,84.94
2776.00,84.94
2776.67,84.94
2777.33,84.94
2778.00,84.94
2778.67,84.93
2779.33,84.93
2780.00,84.93
2780.67,84.93
2781.33,84.93
2782.00,84.93
2782.67,84.92
2783.33,84.92
2784.00,84.92
2784.67,84.92
2785.33,84.92
2786.00,84.92
2786.67,84.92
2787.33,84.92
2788.00,84.92
2788.67,84.92
2789.33,84.93
2790.00,84.93
2790.67,84.92
2791.33,84.92
2792.00,84.92
2792.67,84.92
2793.33,84.92
2794.00,84.92
2794.67,84.92
2795.33,84.92
2796.00,84.91
2796.67,84.91
2797.33,84.91
2798.00,84.91
2798.67,84.91
2799.33,84.91
2800.00,84.91
2800.67,84.91
2801.33,84.91
2802.00,84.91
2802.67,84.91
2803.33,84.91
2804.00,84.91
2804.67,84.91
2805.33,84.91
2806.00,84.91
2806.67,84.91
2807.33,84.90
2808.00,84.90
2808.67,84.90
2809.33,84.90
2810.00,84.90
2810.67,84.90
2811.33,84.90
2812.00,84.90
2812.67,84.90
2813.33,84.89
2814.00,84.89
2814.67,84.89
2815.33,84.89
2816.00,84.89
2816.67,84.89
2817.33,84.89
2818.00,84.89
2818.67,84.89
2819.33,84.89
2820.00,84.89
2820.67,84.89
2821.33,84.89
2822.00,84.89
2822.67,84.89
2823.33,84.89
2824.00,84.89
2824.67,84.88
2825.33,84.88
2826.00,84.88
2826.67,84.89
2827.33,84.89
2828.00,84.89
2828.67,84.89
2829.33,84.89
2830.00,84.89
2830.67,84.89
2831.33,84.88
2832.00,84.88
2832.67,84.88
2833.33,84.88
2834.00,84.88
2834.67,84.88
2835.33,84.88
2836.00,84.88
2836.67,84.88
2837.33,84.88
2838.00,84.87
2838.67,84.87
2839.33,84.87
2840.00,84.87
2840.67,84.87
2841.33,84.87
2842.00,84.87
2842.67,84.87
2843.33,84.87
2844.00,84.87
2844.67,84.87
2845.33,84.87
2846.00,84.87
2846.67,84.87
2847.33,84.87
2848.00,84.87
2848.67,84.87
2849.33,84.87
2850.00,84.87
2850.67,84.87
2851.33,84.87
2852.00,84.87
2852.67,84.87
2853.33,84.87
2854.00,84.87
2854.67,84.87
2855.33,84.86
2856.00,84.86
2856.67,84.86
2857.33,84.86
2858.00,84.86
2858.67,84.87
2859.33,84.87
2860.00,84.87
2860.67,84.87
2861.33,84.87
2862.00,84.87
2862.67,84.87
2863.33,84.87
2864.00,84.86
2864.67,84.86
2865.33,84.86
2866.00,84.86
2866.67,84.86
2867.33,84.86
2868.00,84.86
2868.67,84.86
2869.33,84.85
2870.00,84.85
2870.67,84.86
2871.33,84.86
2872.00,84.86
2872.67,84.86
2873.33,84.86
2874.00,84.86
2874.67,84.86
2875.33,84.86
2876.00,84.85
2876.67,84.85
2877.33,84.85
2878.00,84.85
2878.67,84.85
2879.33,84.85
2880.00,84.85
2880.67,84.85
2881.33,84.85
2882.00,84.85
2882.67,84.85
2883.33,84.85
2884.00,84.85
2884.67,84.85
2885.33,84.85
2886.00,84.85
2886.67,84.85
2887.33,84.85
2888.00,84.85
2888.67,84.85
2889.33,84.85
2890.00,84.85
2890.67,84.85
2891.33,84.85
2892.00,84.85
2892.67,84.84
2893.33,84.84
2894.00,84.84
2894.67,84.84
2895.33,84.84
2896.00,84.84
2896.67,84.84
2897.33,84.84
2898.00,84.84
2898.67,84.84
2899.33,84.84
2900.00,84.84
2900.67,84.84
2901.33,84.84
2902.00,84.84
2902.67,84.84
2903.33,84.84
2904.00,84.84
2904.67,84.84
2905.33,84.84
2906.00,84.84
2906.67,84.84
2907.33,84.84
2908.00,84.84
2908.67,84.84
2909.33,84.84
2910.00,84.84
2910.67,84.84
2911.33,84.84
2912.00,84.84
2912.67,84.84
2913.33,84.84
2914.00,84.84
2914.67,84.84
2915.33,84.84
2916.00,84.84
2916.67,84.84
2917.33,84.84
2918.00,84.84
2918.67,84.84
2919.33,84.84
2920.00,84.84
2920.67,84.84
2921.33,84.84
2922.00,84.84
2922.67,84.84
2923.33,84.84
2924.00,84.84
2924.67,84.84
2925.33,84.84
2926.00,84.84
2926.67,84.84
2927.33,84.84
2928.00,84.84
2928.67,84.84
2929.33,84.84
2930.00,84.84
2930.67,84.84
2931.33,84.84
2932.00,84.84
2932.67,84.84
2933.33,84.84
2934.00,84.84
2934.67,84.84
2935.33,84.84
2936.00,84.84
2936.67,84.84
2937.33,84.84
2938.00,84.84
2938.67,84.84
2939.33,84.84
2940.00,84.84
2940.67,84.84
2941.33,84.84
2942.00,84.84
2942.67,84.84
2943.33,84.84
2944.00,84.84
2944.67,84.84
2945.33,84.84
2946.00,84.84
2946.67,84.84
2947.33,84.84
2948.00,84.84
2948.67,84.84
2949.33,84.84
2950.00,84.84
2950.67,84.84
2951.33,84.84
2952.00,84.85
2952.67,84.85
2953.33,84.85
2954.00,84.85
2954.67,84.85
2955.33,84.85
2956.00,84.85
2956.67,84.85
2957.33,84.85
2958.00,84.85
2958.67,84.85
2959.33,84.85
2960.00,84.85
2960.67,84.85
2961.33,84.85
2962.00,84.84
2962.67,84.84
2963.33,84.84
2964.00,84.84
2964.67,84.84
2965.33,84.84
2966.00,84.85
2966.67,84.85
2967.33,84.85
2968.00,84.85
2968.67,84.85
2969.33,84.85
2970.00,84.85
2970.67,84.85
2971.33,84.85
2972.00,84.85
2972.67,84.85
2973.33,84.85
2974.00,84.85
2974.67,84.85
2975.33,84.85
2976.00,84.85
2976.67,84.85
2977.33,84.85
2978.00,84.85
2978.67,84.85
2979.33,84.85
2980.00,84.85
2980.67,84.85
2981.33,84.85
2982.00,84.85
2982.67,84.85
2983.33,84.85
2984.00,84.85
2984.67,84.85
2985.33,84.85
2986.00,84.85
2986.67,84.85
2987.33,84.86
2988.00,84.86
2988.67,84.86
2989.33,84.86
2990.00,84.86
2990.67,84.86
2991.33,84.86
2992.00,84.86
2992.67,84.86
2993.33,84.86
2994.00,84.86
2994.67,84.86
2995.33,84.86
2996.00,84.86
2996.67,84.86
2997.33,84.86
2998.00,84.86
2998.67,84.86
2999.33,84.86
3000.00,84.86
3000.67,84.86
3001.33,84.86
3002.00,84.86
3002.67,84.86
3003.33,84.86
3004.00,84.87
3004.67,84.87
3005.33,84.87
3006.00,84.87
3006.67,84.87
3007.33,84.87
3008.00,84.87
3008.67,84.87
3009.33,84.87
3010.00,84.87
3010.67,84.87
3011.33,84.87
3012.00,84.87
3012.67,84.87
3013.33,84.87
3014.00,84.87
3014.67,84.87
3015.33,84.87
3016.00,84.87
3016.67,84.87
3017.33,84.87
3018.00,84.87
3018.67,84.87
3019.33,84.87
3020.00,84.87
3020.67,84.87
3021.33,84.87
3022.00,84.87
3022.67,84.87
3023.33,84.87
3024.00,84.87
3024.67,84.87
3025.33,84.87
3026.00,84.87
3026.67,84.87
3027.33,84.87
3028.00,84.88
3028.67,84.88
3029.33,84.88
3030.00,84.88
3030.67,84.88
3031.33,84.88
3032.00,84.88
3032.67,84.88
3033.33,84.88
3034.00,84.88
3034.67,84.88
3035.33,84.88
3036.00,84.88
3036.67,84.88
3037.33,84.88
3038.00,84.88
3038.67,84.88
3039.33,84.88
3040.00,84.89
3040.67,84.89
3041.33,84.89
3042.00,84.89
3042.67,84.89
3043.33,84.89
3044.00,84.89
3044.67,84.89
3045.33,84.89
3046.00,84.89
3046.67,84.89
3047.33,84.89
3048.00,84.89
3048.67,84.89
3049.33,84.89
3050.00,84.89
3050.67,84.89
3051.33,84.89
3052.00,84.89
3052.67,84.89
3053.33,84.90
3054.00,84.90
3054.67,84.90
3055.33,84.90
3056.00,84.90
3056.67,84.90
3057.33,84.90
3058.00,84.90
3058.67,84.90
3059.33,84.91
3060.00,84.91
3060.67,84.91
3061.33,84.91
3062.00,84.91
3062.67,84.91
3063.33,84.91
3064.00,84.91
3064.67,84.91
3065.33,84.91
3066.00,84.91
3066.67,84.91
3067.33,84.91
3068.00,84.91
3068.67,84.91
3069.33,84.91
3070.00,84.91
3070.67,84.91
3071.33,84.91
3072.00,84.91
3072.67,84.91
3073.33,84.92
3074.00,84.92
3074.67,84.92
3075.33,84.92
3076.00,84.92
3076.67,84.92
3077.33,84.92
3078.00,84.93
3078.67,84.93
3079.33,84.93
3080.00,84.93
3080.67,84.93
3081.33,84.93
3082.00,84.93
3082.67,84.93
3083.33,84.93
3084.00,84.94
3084.67,84.94
3085.33,84.94
3086.00,84.94
3086.67,84.94
3087.33,84.94
3088.00,84.94
3088.67,84.94
3089.33,84.94
3090.00,84.94
3090.67,84.94
3091.33,84.94
3092.00,84.94
3092.67,84.94
3093.33,84.94
3094.00,84.94
3094.67,84.94
3095.33,84.94
3096.00,84.94
3096.67,84.95
3097.33,84.95
3098.00,84.95
3098.67,84.95
3099.33,84.95
3100.00,84.95
3100.67,84.95
3101.33,84.95
3102.00,84.96
3102.67,84.96
3103.33,84.96
3104.00,84.96
3104.67,84.96
3105.33,84.96
3106.00,84.96
3106.67,84.96
3107.33,84.96
3108.00,84.97
3108.67,84.97
3109.33,84.97
3110.00,84.97
3110.67,84.97
3111.33,84.97
3112.00,84.97
3112.67,84.97
3113.33,84.97
3114.00,84.97
3114.67,84.97
3115.33,84.97
3116.00,84.98
3116.67,84.98
3117.33,84.98
3118.00,84.98
3118.67,84.98
3119.33,84.98
3120.00,84.98
3120.67,84.98
3121.33,84.98
3122.00,84.98
3122.67,84.98
3123.33,84.98
3124.00,84.98
3124.67,84.99
3125.33,84.99
3126.00,84.99
3126.67,85.00
3127.33,85.00
3128.00,85.00
3128.67,85.00
3129.33,85.00
3130.00,85.00
3130.67,85.00
3131.33,85.00
3132.00,85.00
3132.67,85.00
3133.33,85.00
3134.00,85.00
3134.67,85.00
3135.33,85.00
3136.00,85.00
3136.67,85.00
3137.33,85.00
3138.00,85.00
3138.67,85.01
3139.33,85.01
3140.00,85.01
3140.67,85.01
3141.33,85.01
3142.00,85.01
3142.67,85.01
3143.33,85.02
3144.00,85.02
3144.67,85.02
3145.33,85.02
3146.00,85.02
3146.67,85.02
3147.33,85.03
3148.00,85.03
3148.67,85.03
3149.33,85.03
3150.00,85.04
3150.67,85.04
3151.33,85.04
3152.00,85.04
3152.67,85.04
3153.33,85.04
3154.00,85.04
3154.67,85.04
3155.33,85.04
3156.00,85.04
3156.67,85.05
3157.33,85.05
3158.00,85.05
3158.67,85.05
3159.33,85.05
3160.00,85.05
3160.67,85.06
3161.33,85.06
3162.00,85.06
3162.67,85.06
3163.33,85.06
3164.00,85.06
3164.67,85.06
3165.33,85.06
3166.00,85.07
3166.67,85.07
3167.33,85.07
3168.00,85.07
3168.67,85.07
3169.33,85.07
3170.00,85.07
3170.67,85.07
3171.33,85.07
3172.00,85.07
3172.67,85.07
3173.33,85.08
3174.00,85.08
3174.67,85.08
3175.33,85.08
3176.00,85.08
3176.67,85.09
3177.33,85.09
3178.00,85.09
3178.67,85.09
3179.33,85.10
3180.00,85.10
3180.67,85.10
3181.33,85.10
3182.00,85.10
3182.67,85.11
3183.33,85.11
3184.00,85.11
3184.67,85.11
3185.33,85.11
3186.00,85.11
3186.67,85.11
3187.33,85.11
3188.00,85.11
3188.67,85.12
3189.33,85.12
3190.00,85.12
3190.67,85.12
3191.33,85.12
3192.00,85.12
3192.67,85.13
3193.33,85.13
3194.00,85.13
3194.67,85.13
3195.33,85.13
3196.00,85.13
3196.67,85.13
3197.33,85.13
3198.00,85.13
3198.67,85.13
3199.33,85.13
3200.00,85.14
3200.67,85.14
3201.33,85.14
3202.00,85.14
3202.67,85.15
3203.33,85.15
3204.00,85.15
3204.67,85.15
3205.33,85.15
3206.00,85.16
3206.67,85.16
3207.33,85.16
3208.00,85.16
3208.67,85.16
3209.33,85.16
3210.00,85.16
3210.67,85.17
3211.33,85.17
3212.00,85.17
3212.67,85.17
3213.33,85.18
3214.00,85.18
3214.67,85.18
3215.33,85.18
3216.00,85.18
3216.67,85.18
3217.33,85.18
3218.00,85.18
3218.67,85.18
3219.33,85.18
3220.00,85.18
3220.67,85.18
3221.33,85.19
3222.00,85.19
3222.67,85.19
3223.33,85.19
3224.00,85.19
3224.67,85.20
3225.33,85.20
3226.00,85.20
3226.67,85.20
3227.33,85.20
3228.00,85.20
3228.67,85.20
3229.33,85.20
3230.00,85.20
3230.67,85.21
3231.33,85.21
3232.00,85.21
3232.67,85.21
3233.33,85.22
3234.00,85.22
3234.67,85.22
3235.33,85.23
3236.00,85.23
3236.67,85.23
3237.33,85.23
3238.00,85.23
3238.67,85.23
3239.33,85.24
3240.00,85.24
3240.67,85.24
3241.33,85.24
3242.00,85.24
3242.67,85.24
3243.33,85.25
3244.00,85.25
3244.67,85.25
3245.33,85.25
3246.00,85.25
3246.67,85.25
3247.33,85.25
3248.00,85.25
3248.67,85.25
3249.33,85.25
3250.00,85.26
3250.67,85.26
3251.33,85.26
3252.00,85.26
3252.67,85.26
3253.33,85.27
3254.00,85.27
3254.67,85.27
3255.33,85.28
3256.00,85.28
3256.67,85.28
3257.33,85.29
3258.00,85.29
3258.67,85.29
3259.33,85.29
3260.00,85.29
3260.67,85.29
3261.33,85.29
3262.00,85.30
3262.67,85.30
3263.33,85.30
3264.00,85.30
3264.67,85.30
3265.33,85.30
3266.00,85.30
3266.67,85.31
3267.33,85.31
3268.00,85.31
3268.67,85.31
3269.33,85.32
3270.00,85.32
3270.67,85.32
3271.33,85.32
3272.00,85.33
3272.67,85.33
3273.33,85.33
3274.00,85.33
3274.67,85.34
3275.33,85.34
3276.00,85.34
3276.67,85.34
3277.33,85.34
3278.00,85.34
3278.67,85.34
3279.33,85.35
3280.00,85.35
3280.67,85.35
3281.33,85.35
3282.00,85.35
3282.67,85.35
3283.33,85.35
3284.00,85.36
3284.67,85.36
3285.33,85.36
3286.00,85.36
3286.67,85.36
3287.33,85.36
3288.00,85.37
3288.67,85.37
3289.33,85.37
3290.00,85.37
3290.67,85.37
3291.33,85.37
3292.00,85.37
3292.67,85.38
3293.33,85.38
3294.00,85.38
3294.67,85.38
3295.33,85.39
3296.00,85.39
3296.67,85.39
3297.33,85.40
3298.00,85.40
3298.67,85.40
3299.33,85.40
3300.00,85.40
3300.67,85.40
3301.33,85.41
3302.00,85.41
3302.67,85.41
3303.33,85.41
3304.00,85.41
3304.67,85.41
3305.33,85.42
3306.00,85.42
3306.67,85.42
3307.33,85.43
3308.00,85.43
3308.67,85.43
3309.33,85.44
3310.00,85.44
3310.67,85.44
3311.33,85.44
3312.00,85.44
3312.67,85.44
3313.33,85.44
3314.00,85.44
3314.67,85.44
3315.33,85.44
3316.00,85.45
3316.67,85.45
3317.33,85.45
3318.00,85.45
3318.67,85.45
3319.33,85.45
3320.00,85.46
3320.67,85.46
3321.33,85.46
3322.00,85.46
3322.67,85.47
3323.33,85.47
3324.00,85.47
3324.67,85.47
3325.33,85.48
3326.00,85.48
3326.67,85.48
3327.33,85.48
3328.00,85.49
3328.67,85.49
3329.33,85.49
3330.00,85.49
3330.67,85.50
3331.33,85.50
3332.00,85.50
3332.67,85.50
3333.33,85.50
3334.00,85.50
3334.67,85.51
3335.33,85.51
3336.00,85.51
3336.67,85.51
3337.33,85.52
3338.00,85.52
3338.67,85.52
3339.33,85.53
3340.00,85.53
3340.67,85.53
3341.33,85.54
3342.00,85.54
3342.67,85.54
3343.33,85.54
3344.00,85.54
3344.67,85.54
3345.33,85.55
3346.00,85.55
3346.67,85.55
3347.33,85.55
3348.00,85.55
3348.67,85.55
3349.33,85.56
3350.00,85.56
3350.67,85.56
3351.33,85.56
3352.00,85.57
3352.67,85.57
3353.33,85.57
3354.00,85.57
3354.67,85.57
3355.33,85.57
3356.00,85.58
3356.67,85.58
3357.33,85.58
3358.00,85.58
3358.67,85.59
3359.33,85.59
3360.00,85.59
3360.67,85.60
3361.33,85.60
3362.00,85.60
3362.67,85.61
3363.33,85.61
3364.00,85.61
3364.67,85.62
3365.33,85.62
3366.00,85.62
3366.67,85.62
3367.33,85.63
3368.00,85.63
3368.67,85.63
3369.33,85.63
3370.00,85.63
3370.67,85.63
3371.33,85.63
3372.00,85.64
3372.67,85.64
3373.33,85.64
3374.00,85.64
3374.67,85.65
3375.33,85.65
3376.00,85.65
3376.67,85.66
3377.33,85.66
3378.00,85.66
3378.67,85.67
3379.33,85.67
3380.00,85.67
3380.67,85.67
3381.33,85.67
3382.00,85.67
3382.67,85.67
3383.33,85.68
3384.00,85.68
3384.67,85.68
3385.33,85.68
3386.00,85.68
3386.67,85.68
3387.33,85.69
3388.00,85.69
3388.67,85.69
3389.33,85.70
3390.00,85.70
3390.67,85.70
3391.33,85.71
3392.00,85.71
3392.67,85.71
3393.33,85.71
3394.00,85.71
3394.67,85.72
3395.33,85.72
3396.00,85.72
3396.67,85.72
3397.33,85.72
3398.00,85.73
3398.67,85.73
3399.33,85.73
3400.00,85.74
3400.67,85.74
3401.33,85.74
3402.00,85.74
3402.67,85.75
3403.33,85.75
3404.00,85.75
3404.67,85.75
3405.33,85.75
3406.00,85.75
3406.67,85.76
3407.33,85.76
3408.00,85.76
3408.67,85.76
3409.33,85.77
3410.00,85.77
3410.67,85.77
3411.33,85.77
3412.00,85.78
3412.67,85.78
3413.33,85.78
3414.00,85.78
3414.67,85.79
3415.33,85.79
3416.00,85.79
3416.67,85.79
3417.33,85.80
3418.00,85.80
3418.67,85.80
3419.33,85.81
3420.00,85.81
3420.67,85.81
3421.33,85.82
3422.00,85.82
3422.67,85.82
3423.33,85.83
3424.00,85.83
3424.67,85.83
3425.33,85.83
3426.00,85.83
3426.67,85.84
3427.33,85.84
3428.00,85.84
3428.67,85.84
3429.33,85.84
3430.00,85.85
3430.67,85.85
3431.33,85.85
3432.00,85.86
3432.67,85.86
3433.33,85.86
3434.00,85.87
3434.67,85.87
3435.33,85.87
3436.00,85.87
3436.67,85.88
3437.33,85.88
3438.00,85.88
3438.67,85.88
3439.33,85.88
3440.00,85.89
3440.67,85.89
3441.33,85.89
3442.00,85.89
3442.67,85.90
3443.33,85.90
3444.00,85.90
3444.67,85.91
3445.33,85.91
3446.00,85.91
3446.67,85.91
3447.33,85.92
3448.00,85.92
3448.67,85.92
3449.33,85.92
3450.00,85.92
3450.67,85.92
3451.33,85.93
3452.00,85.93
3452.67,85.93
3453.33,85.94
3454.00,85.94
3454.67,85.94
3455.33,85.95
3456.00,85.95
3456.67,85.95
3457.33,85.96
3458.00,85.96
3458.67,85.96
3459.33,85.96
3460.00,85.96
3460.67,85.96
3461.33,85.97
3462.00,85.97
3462.67,85.97
3463.33,85.97
3464.00,85.97
3464.67,85.98
3465.33,85.98
3466.00,85.98
3466.67,85.99
3467.33,85.99
3468.00,86.00
3468.67,86.00
3469.33,86.00
3470.00,86.01
3470.67,86.01
3471.33,86.01
3472.00,86.01
3472.67,86.02
3473.33,86.02
3474.00,86.02
3474.67,86.02
3475.33,86.02
3476.00,86.02
3476.67,86.03
3477.33,86.03
3478.00,86.03
3478.67,86.03
3479.33,86.04
3480.00,86.04
3480.67,86.04
3481.33,86.04
3482.00,86.05
3482.67,86.05
3483.33,86.05
3484.00,86.05
3484.67,86.05
3485.33,86.06
3486.00,86.06
3486.67,86.06
3487.33,86.06
3488.00,86.06
3488.67,86.07
3489.33,86.07
3490.00,86.07
3490.67,86.07
3491.33,86.08
3492.00,86.08
3492.67,86.08
3493.33,86.09
3494.00,86.09
3494.67,86.09
3495.33,86.10
3496.00,86.10
3496.67,86.10
3497.33,86.11
3498.00,86.11
3498.67,86.11
3499.33,86.12
3500.00,86.12
3500.67,86.12
3501.33,86.13
3502.00,86.13
3502.67,86.13
3503.33,86.13
3504.00,86.13
3504.67,86.13
3505.33,86.14
3506.00,86.14
3506.67,86.14
3507.33,86.14
3508.00,86.14
3508.67,86.14
3509.33,86.15
3510.00,86.15
3510.67,86.15
3511.33,86.16
3512.00,86.16
3512.67,86.16
3513.33,86.17
3514.00,86.17
3514.67,86.17
3515.33,86.17
3516.00,86.18
3516.67,86.18
3517.33,86.18
3518.00,86.18
3518.67,86.18
3519.33,86.19
3520.00,86.19
3520.67,86.19
3521.33,86.19
3522.00,86.20
3522.67,86.20
3523.33,86.20
3524.00,86.21
3524.67,86.21
3525.33,86.21
3526.00,86.22
3526.67,86.22
3527.33,86.22
3528.00,86.23
3528.67,86.23
3529.33,86.23
3530.00,86.23
3530.67,86.24
3531.33,86.24
3532.00,86.24
3532.67,86.24
3533.33,86.25
3534.00,86.25
3534.67,86.25
3535.33,86.25
3536.00,86.26
3536.67,86.26
3537.33,86.26
3538.00,86.26
3538.67,86.27
3539.33,86.27
3540.00,86.27
3540.67,86.27
3541.33,86.28
3542.00,86.28
3542.67,86.28
3543.33,86.29
3544.00,86.29
3544.67,86.29
3545.33,86.30
3546.00,86.30
3546.67,86.30
3547.33,86.30
3548.00,86.31
3548.67,86.31
3549.33,86.31
3550.00,86.31
3550.67,86.31
3551.33,86.31
3552.00,86.31
3552.67,86.32
3553.33,86.32
3554.00,86.32
3554.67,86.32
3555.33,86.32
3556.00,86.33
3556.67,86.33
3557.33,86.33
3558.00,86.34
3558.67,86.34
3559.33,86.34
3560.00,86.35
3560.67,86.35
3561.33,86.35
3562.00,86.35
3562.67,86.36
3563.33,86.36
3564.00,86.36
3564.67,86.36
3565.33,86.36
3566.00,86.37
3566.67,86.37
3567.33,86.37
3568.00,86.37
3568.67,86.38
3569.33,86.38
3570.00,86.38
3570.67,86.39
3571.33,86.39
3572.00,86.39
3572.67,86.39
3573.33,86.40
3574.00,86.40
3574.67,86.40
3575.33,86.40
3576.00,86.40
3576.67,86.40
3577.33,86.40
3578.00,86.40
3578.67,86.41
3579.33,86.41
3580.00,86.41
3580.67,86.41
3581.33,86.41
3582.00,86.42
3582.67,86.42
3583.33,86.42
3584.00,86.43
3584.67,86.43
3585.33,86.43
3586.00,86.44
3586.67,86.44
3587.33,86.44
3588.00,86.44
3588.67,86.45
3589.33,86.45
3590.00,86.45
3590.67,86.45
3591.33,86.45
3592.00,86.46
3592.67,86.46
3593.33,86.46
3594.00,86.46
3594.67,86.47
3595.33,86.47
3596.00,86.47
3596.67,86.48
3597.33,86.48
3598.00,86.48
3598.67,86.48
3599.33,86.49
3600.00,86.49
3600.67,86.49
3601.33,86.49
3602.00,86.49
3602.67,86.50
3603.33,86.50
3604.00,86.50
3604.67,86.50
3605.33,86.50
3606.00,86.51
3606.67,86.51
3607.33,86.51
3608.00,86.52
3608.67,86.52
3609.33,86.52
3610.00,86.52
3610.67,86.52
3611.33,86.53
3612.00,86.53
3612.67,86.53
3613.33,86.53
3614.00,86.53
3614.67,86.53
3615.33,86.53
3616.00,86.53
3616.67,86.53
3617.33,86.54
3618.00,86.54
3618.67,86.54
3619.33,86.54
3620.00,86.55
3620.67,86.55
3621.33,86.55
3622.00,86.55
3622.67,86.56
3623.33,86.56
3624.00,86.56
3624.67,86.56
3625.33,86.56
3626.00,86.56
3626.67,86.56
3627.33,86.57
3628.00,86.57
3628.67,86.57
3629.33,86.57
3630.00,86.57
3630.67,86.58
3631.33,86.58
3632.00,86.58
3632.67,86.59
3633.33,86.59
3634.00,86.59
3634.67,86.59
3635.33,86.60
3636.00,86.60
3636.67,86.60
3637.33,86.60
3638.00,86.60
3638.67,86.60
3639.33,86.60
3640.00,86.61
3640.67,86.61
3641.33,86.61
3642.00,86.61
3642.67,86.61
3643.33,86.62
3644.00,86.62
3644.67,86.62
3645.33,86.62
3646.00,86.63
3646.67,86.63
3647.33,86.63
3648.00,86.63
3648.67,86.64
3649.33,86.64
3650.00,86.64
3650.67,86.64
3651.33,86.64
3652.00,86.64
3652.67,86.65
3653.33,86.65
3654.00,86.65
3654.67,86.65
3655.33,86.65
3656.00,86.65
3656.67,86.65
3657.33,86.65
3658.00,86.66
3658.67,86.66
3659.33,86.66
3660.00,86.66
3660.67,86.66
3661.33,86.67
3662.00,86.67
3662.67,86.67
3663.33,86.67
3664.00,86.68
3664.67,86.68
3665.33,86.68
3666.00,86.68
3666.67,86.68
3667.33,86.69
3668.00,86.69
3668.67,86.69
3669.33,86.69
3670.00,86.70
3670.67,86.70
3671.33,86.70
3672.00,86.70
3672.67,86.70
3673.33,86.71
3674.00,86.71
3674.67,86.71
3675.33,86.71
3676.00,86.71
3676.67,86.71
3677.33,86.72
3678.00,86.72
3678.67,86.72
3679.33,86.72
3680.00,86.72
3680.67,86.73
3681.33,86.73
3682.00,86.73
3682.67,86.73
3683.33,86.73
3684.00,86.74
3684.67,86.74
3685.33,86.74
3686.00,86.74
3686.67,86.74
3687.33,86.74
3688.00,86.75
3688.67,86.75
3689.33,86.75
3690.00,86.75
3690.67,86.75
3691.33,86.75
3692.00,86.75
3692.67,86.76
3693.33,86.76
3694.00,86.76
3694.67,86.76
3695.33,86.76
3696.00,86.76
3696.67,86.76
3697.33,86.77
3698.00,86.77
3698.67,86.77
3699.33,86.77
3700.00,86.77
3700.67,86.78
3701.33,86.78
3702.00,86.78
3702.67,86.78
3703.33,86.79
3704.00,86.79
3704.67,86.79
3705.33,86.79
3706.00,86.80
3706.67,86.80
3707.33,86.80
3708.00,86.80
3708.67,86.80
3709.33,86.80
3710.00,86.80
3710.67,86.80
3711.33,86.80
3712.00,86.80
3712.67,86.81
3713.33,86.81
3714.00,86.81
3714.67,86.81
3715.33,86.81
3716.00,86.81
3716.67,86.81
3717.33,86.82
3718.00,86.82
3718.67,86.82
3719.33,86.82
3720.00,86.82
3720.67,86.82
3721.33,86.82
3722.00,86.82
3722.67,86.82
3723.33,86.83
3724.00,86.83
3724.67,86.83
3725.33,86.83
3726.00,86.83
3726.67,86.83
3727.33,86.83
3728.00,86.83
3728.67,86.84
3729.33,86.84
3730.00,86.84
3730.67,86.84
3731.33,86.84
3732.00,86.84
3732.67,86.84
3733.33,86.84
3734.00,86.84
3734.67,86.84
3735.33,86.84
3736.00,86.85
3736.67,86.85
3737.33,86.85
3738.00,86.85
3738.67,86.85
3739.33,86.85
3740.00,86.86
3740.67,86.86
3741.33,86.86
3742.00,86.86
3742.67,86.86
3743.33,86.86
3744.00,86.87
3744.67,86.87
3745.33,86.87
3746.00,86.87
3746.67,86.87
3747.33,86.87
3748.00,86.87
3748.67,86.87
3749.33,86.87
3750.00,86.87
3750.67,86.87
3751.33,86.88
3752.00,86.88
3752.67,86.88
3753.33,86.88
3754.00,86.88
3754.67,86.88
3755.33,86.88
3756.00,86.88
3756.67,86.89
3757.33,86.89
3758.00,86.89
3758.67,86.89
3759.33,86.89
3760.00,86.89
3760.67,86.89
3761.33,86.89
3762.00,86.89
3762.67,86.89
3763.33,86.89
3764.00,86.89
3764.67,86.89
3765.33,86.89
3766.00,86.89
3766.67,86.89
3767.33,86.90
3768.00,86.90
3768.67,86.90
3769.33,86.90
3770.00,86.90
3770.67,86.90
3771.33,86.90
3772.00,86.90
3772.67,86.90
3773.33,86.91
3774.00,86.91
3774.67,86.91
3775.33,86.91
3776.00,86.91
3776.67,86.91
3777.33,86.91
3778.00,86.91
3778.67,86.91
3779.33,86.91
3780.00,86.91
3780.67,86.92
3781.33,86.92
3782.00,86.92
3782.67,86.92
3783.33,86.92
3784.00,86.92
3784.67,86.92
3785.33,86.92
3786.00,86.92
3786.67,86.92
3787.33,86.92
3788.00,86.92
3788.67,86.92
3789.33,86.92
3790.00,86.92
3790.67,86.92
3791.33,86.92
3792.00,86.92
3792.67,86.93
3793.33,86.93
3794.00,86.93
3794.67,86.93
3795.33,86.93
3796.00,86.93
3796.67,86.93
3797.33,86.93
3798.00,86.93
3798.67,86.94
3799.33,86.94
3800.00,86.94
3800.67,86.94
3801.33,86.94
3802.00,86.94
3802.67,86.94
3803.33,86.94
3804.00,86.94
3804.67,86.94
3805.33,86.94
3806.00,86.94
3806.67,86.94
3807.33,86.94
3808.00,86.94
3808.67,86.94
3809.33,86.94
3810.00,86.95
3810.67,86.95
3811.33,86.95
3812.00,86.95
3812.67,86.95
3813.33,86.95
3814.00,86.95
3814.67,86.95
3815.33,86.95
3816.00,86.95
3816.67,86.96
3817.33,86.96
3818.00,86.96
3818.67,86.96
3819.33,86.96
3820.00,86.96
3820.67,86.96
3821.33,86.96
3822.00,86.96
3822.67,86.96
3823.33,86.96
3824.00,86.96
3824.67,86.97
3825.33,86.97
3826.00,86.97
3826.67,86.97
3827.33,86.97
3828.00,86.97
3828.67,86.97
3829.33,86.97
3830.00,86.97
3830.67,86.97
3831.33,86.97
3832.00,86.97
3832.67,86.97
3833.33,86.97
3834.00,86.97
3834.67,86.97
3835.33,86.97
3836.00,86.98
3836.67,86.98
3837.33,86.98
3838.00,86.98
3838.67,86.98
3839.33,86.98
3840.00,86.98
3840.67,86.98
3841.33,86.98
3842.00,86.98
3842.67,86.98
3843.33,86.98
3844.00,86.98
3844.67,86.98
3845.33,86.98
3846.00,86.98
3846.67,86.98
3847.33,86.98
3848.00,86.98
3848.67,86.98
3849.33,86.98
3850.00,86.98
3850.67,86.98
3851.33,86.98
3852.00,86.98
3852.67,86.98
3853.33,86.98
3854.00,86.98
3854.67,86.98
3855.33,86.98
3856.00,86.98
3856.67,86.99
3857.33,86.99
3858.00,86.99
3858.67,86.99
3859.33,86.99
3860.00,86.99
3860.67,86.99
3861.33,86.99
3862.00,86.99
3862.67,86.99
3863.33,86.99
3864.00,86.99
3864.67,86.99
3865.33,86.99
3866.00,86.99
3866.67,86.99
3867.33,86.99
3868.00,86.99
3868.67,86.99
3869.33,86.99
3870.00,86.99
3870.67,86.99
3871.33,86.99
3872.00,86.99
3872.67,86.99
3873.33,86.99
3874.00,86.99
3874.67,86.99
3875.33,86.99
3876.00,86.99
3876.67,86.99
3877.33,86.99
3878.00,86.99
3878.67,86.99
3879.33,86.99
3880.00,86.98
3880.67,86.99
3881.33,86.99
3882.00,86.99
3882.67,86.99
3883.33,86.99
3884.00,86.99
3884.67,86.99
3885.33,86.99
3886.00,87.00
3886.67,87.00
3887.33,87.00
3888.00,87.00
3888.67,87.00
3889.33,87.00
3890.00,87.00
3890.67,87.00
3891.33,87.00
3892.00,87.00
3892.67,87.00
3893.33,87.00
3894.00,87.00
3894.67,86.99
3895.33,86.99
3896.00,86.99
3896.67,86.99
3897.33,87.00
3898.00,87.00
3898.67,87.00
3899.33,87.00
3900.00,86.99
3900.67,86.99
3901.33,86.99
3902.00,86.99
3902.67,86.99
3903.33,86.99
3904.00,86.99
3904.67,86.99
3905.33,87.00
3906.00,87.00
3906.67,87.00
3907.33,87.00
3908.00,86.99
3908.67,86.99
3909.33,86.99
3910.00,86.99
3910.67,86.99
3911.33,86.99
3912.00,86.99
3912.67,87.00
3913.33,87.00
3914.00,87.00
3914.67,87.00
3915.33,87.00
3916.00,87.00
3916.67,87.00
3917.33,87.00
3918.00,87.00
3918.67,87.00
3919.33,87.00
3920.00,87.00
3920.67,87.00
3921.33,87.00
3922.00,87.00
3922.67,87.00
3923.33,87.00
3924.00,87.00
3924.67,87.00
3925.33,87.00
3926.00,87.00
3926.67,87.00
3927.33,87.00
3928.00,87.00
3928.67,87.00
3929.33,87.00
3930.00,87.00
3930.67,87.00
3931.33,87.00
3932.00,87.00
3932.67,87.00
3933.33,87.00
3934.00,87.00
3934.67,87.00
3935.33,87.00
3936.00,87.00
3936.67,87.00
3937.33,87.00
3938.00,87.00
3938.67,87.00
3939.33,87.00
3940.00,87.00
3940.67,87.00
3941.33,87.00
3942.00,87.00
3942.67,87.00
3943.33,86.99
3944.00,86.99
3944.67,86.99
3945.33,86.99
3946.00,86.99
3946.67,86.99
3947.33,86.99
3948.00,86.99
3948.67,86.99
3949.33,86.99
3950.00,86.99
3950.67,87.00
3951.33,87.00
3952.00,87.00
3952.67,87.00
3953.33,87.00
3954.00,87.00
3954.67,86.99
3955.33,86.99
3956.00,86.99
3956.67,86.99
3957.33,87.00
3958.00,87.00
3958.67,87.00
3959.33,87.00
3960.00,87.00
3960.67,87.00
3961.33,87.00
3962.00,87.00
3962.67,87.00
3963.33,87.00
3964.00,87.00
3964.67,87.00
3965.33,87.00
3966.00,87.00
3966.67,87.00
3967.33,87.00
3968.00,87.00
3968.67,87.00
3969.33,87.00
3970.00,87.00
3970.67,87.00
3971.33,87.00
3972.00,86.99
3972.67,86.99
3973.33,86.99
3974.00,86.99
3974.67,86.99
3975.33,86.99
3976.00,86.99
3976.67,86.99
3977.33,86.99
3978.00,86.99
3978.67,86.99
3979.33,86.99
3980.00,86.99
3980.67,86.99
3981.33,86.99
3982.00,86.99
3982.67,86.99
3983.33,86.99
3984.00,86.99
3984.67,86.99
3985.33,86.99
3986.00,86.99
3986.67,86.99
3987.33,86.99
3988.00,86.99
3988.67,86.99
3989.33,86.99
3990.00,86.99
3990.67,86.99
3991.33,86.99
3992.00,86.99
3992.67,86.99
3993.33,86.99
3994.00,86.99
3994.67,86.99
3995.33,86.99
3996.00,86.99
3996.67,86.99
3997.33,86.99
3998.00,86.98
3998.67,86.98
3999.33,86.98
4000.00,86.98
4000.67,86.99
4001.33,86.99
4002.00,86.99
4002.67,86.99
4003.33,86.99
4004.00,86.99
4004.67,86.99
4005.33,86.99
4006.00,87.00
4006.67,87.00
4007.33,87.00
4008.00,87.00
4008.67,86.99
4009.33,86.99
4010.00,86.99
4010.67,86.99
4011.33,86.99
4012.00,86.99
4012.67,86.99
4013.33,86.99
4014.00,86.99
4014.67,86.99
4015.33,86.99
4016.00,86.99
4016.67,86.99
4017.33,86.99
4018.00,86.99
4018.67,86.99
4019.33,86.99
4020.00,86.99
4020.67,86.99
4021.33,86.99
4022.00,86.99
4022.67,86.99
4023.33,86.99
4024.00,86.99
4024.67,86.99
4025.33,86.99
4026.00,87.00
4026.67,87.00
4027.33,87.00
4028.00,87.00
4028.67,87.00
4029.33,86.99
4030.00,86.99
4030.67,86.99
4031.33,86.99
4032.00,86.99
4032.67,86.99
4033.33,86.99
4034.00,86.99
4034.67,86.99
4035.33,86.99
4036.00,86.99
4036.67,86.99
4037.33,86.99
4038.00,86.99
4038.67,86.99
4039.33,86.99
4040.00,86.99
4040.67,86.99
4041.33,86.99
4042.00,86.99
4042.67,86.99
4043.33,86.99
4044.00,86.99
4044.67,86.99
4045.33,86.99
4046.00,86.99
4046.67,86.99
4047.33,86.99
4048.00,86.99
4048.67,86.99
4049.33,86.99
4050.00,86.99
4050.67,86.99
4051.33,86.99
4052.00,86.99
4052.67,86.99
4053.33,86.99
4054.00,86.99
4054.67,86.99
4055.33,86.99
4056.00,86.99
4056.67,86.99
4057.33,86.99
4058.00,86.99
4058.67,86.99
4059.33,86.99
4060.00,86.99
4060.67,86.99
4061.33,86.99
4062.00,86.99
4062.67,86.99
4063.33,86.99
4064.00,86.99
4064.67,86.99
4065.33,86.99
4066.00,86.99
4066.67,86.99
4067.33,86.99
4068.00,86.99
4068.67,86.99
4069.33,86.99
4070.00,86.99
4070.67,86.99
4071.33,86.99
4072.00,86.99
4072.67,86.99
4073.33,86.99
4074.00,86.99
4074.67,86.99
4075.33,86.99
4076.00,86.99
4076.67,86.99
4077.33,86.99
4078.00,87.00
4078.67,87.00
4079.33,87.00
4080.00,87.00
4080.67,87.00
4081.33,87.00
4082.00,87.00
4082.67,87.00
4083.33,87.00
4084.00,87.00
4084.67,87.00
4085.33,87.00
4086.00,87.00
4086.67,87.00
4087.33,87.00
4088.00,87.00
4088.67,87.00
4089.33,87.00
4090.00,87.00
4090.67,87.00
4091.33,87.00
4092.00,87.00
4092.67,87.00
4093.33,87.00
4094.00,87.00
4094.67,87.00
4095.33,87.00
4096.00,87.00
4096.67,86.99
4097.33,86.99
4098.00,86.99
4098.67,87.00
4099.33,87.00
4100.00,87.00
4100.67,87.00
4101.33,87.00
4102.00,87.00
4102.67,87.00
4103.33,87.00
4104.00,87.00
4104.67,87.00
4105.33,87.00
4106.00,87.00
4106.67,87.00
4107.33,87.00
4108.00,87.00
4108.67,87.00
4109.33,87.00
4110.00,87.00
4110.67,87.00
4111.33,87.00
4112.00,87.01
4112.67,87.01
4113.33,87.01
4114.00,87.01
4114.67,87.01
4115.33,87.01
4116.00,87.01
4116.67,87.01
4117.33,87.01
4118.00,87.01
4118.67,87.01
4119.33,87.01
4120.00,87.01
4120.67,87.01
4121.33,87.01
4122.00,87.01
4122.67,87.01
4123.33,87.01
4124.00,87.01
4124.67,87.02
4125.33,87.02
4126.00,87.02
4126.67,87.02
4127.33,87.02
4128.00,87.02
4128.67,87.02
4129.33,87.02
4130.00,87.02
4130.67,87.02
4131.33,87.02
4132.00,87.02
4132.67,87.02
4133.33,87.02
4134.00,87.02
4134.67,87.02
4135.33,87.02
4136.00,87.03
4136.67,87.03
4137.33,87.03
4138.00,87.03
4138.67,87.03
4139.33,87.03
4140.00,87.03
4140.67,87.03
4141.33,87.03
4142.00,87.03
4142.67,87.03
4143.33,87.02
4144.00,87.03
4144.67,87.03
4145.33,87.03
4146.00,87.03
4146.67,87.03
4147.33,87.03
4148.00,87.03
4148.67,87.03
4149.33,87.03
4150.00,87.04
4150.67,87.04
4151.33,87.04
4152.00,87.04
4152.67,87.04
4153.33,87.04
4154.00,87.04
4154.67,87.04
4155.33,87.04
4156.00,87.04
4156.67,87.04
4157.33,87.04
4158.00,87.05
4158.67,87.05
4159.33,87.05
4160.00,87.05
4160.67,87.05
4161.33,87.05
4162.00,87.05
4162.67,87.05
4163.33,87.05
4164.00,87.05
4164.67,87.05
4165.33,87.05
4166.00,87.05
4166.67,87.05
4167.33,87.05
4168.00,87.05
4168.67,87.06
4169.33,87.06
4170.00,87.06
4170.67,87.06
4171.33,87.06
4172.00,87.06
4172.67,87.06
4173.33,87.06
4174.00,87.07
4174.67,87.07
4175.33,87.07
4176.00,87.07
4176.67,87.07
4177.33,87.07
4178.00,87.07
4178.67,87.07
4179.33,87.07
4180.00,87.07
4180.67,87.07
4181.33,87.07
4182.00,87.07
4182.67,87.07
4183.33,87.07
4184.00,87.08
4184.67,87.08
4185.33,87.08
4186.00,87.08
4186.67,87.08
4187.33,87.08
4188.00,87.08
4188.67,87.08
4189.33,87.08
4190.00,87.09
4190.67,87.09
4191.33,87.09
4192.00,87.09
4192.67,87.09
4193.33,87.09
4194.00,87.09
4194.67,87.09
4195.33,87.09
4196.00,87.09
4196.67,87.09
4197.33,87.09
4198.00,87.09
4198.67,87.10
4199.33,87.10
4200.00,87.10
4200.67,87.10
4201.33,87.10
4202.00,87.11
4202.67,87.11
4203.33,87.11
4204.00,87.11
4204.67,87.11
4205.33,87.11
4206.00,87.11
4206.67,87.11
4207.33,87.11
4208.00,87.11
4208.67,87.11
4209.33,87.11
4210.00,87.11
4210.67,87.11
4211.33,87.11
4212.00,87.11
4212.67,87.11
4213.33,87.11
4214.00,87.11
4214.67,87.11
4215.33,87.12
4216.00,87.12
4216.67,87.12
4217.33,87.12
4218.00,87.12
4218.67,87.12
4219.33,87.12
4220.00,87.12
4220.67,87.12
4221.33,87.12
4222.00,87.12
4222.67,87.13
4223.33,87.13
4224.00,87.13
4224.67,87.13
4225.33,87.13
4226.00,87.14
4226.67,87.14
4227.33,87.14
4228.00,87.14
4228.67,87.14
4229.33,87.14
4230.00,87.14
4230.67,87.14
4231.33,87.14
4232.00,87.15
4232.67,87.15
4233.33,87.15
4234.00,87.15
4234.67,87.15
4235.33,87.15
4236.00,87.15
4236.67,87.15
4237.33,87.16
4238.00,87.16
4238.67,87.16
4239.33,87.16
4240.00,87.16
4240.67,87.16
4241.33,87.16
4242.00,87.16
4242.67,87.16
4243.33,87.17
4244.00,87.17
4244.67,87.17
4245.33,87.17
4246.00,87.17
4246.67,87.17
4247.33,87.17
4248.00,87.17
4248.67,87.17
4249.33,87.17
4250.00,87.17
4250.67,87.17
4251.33,87.17
4252.00,87.18
4252.67,87.18
4253.33,87.18
4254.00,87.18
4254.67,87.18
4255.33,87.18
4256.00,87.18
4256.67,87.18
4257.33,87.19
4258.00,87.19
4258.67,87.19
4259.33,87.19
4260.00,87.19
4260.67,87.19
4261.33,87.19
4262.00,87.19
4262.67,87.20
4263.33,87.20
4264.00,87.20
4264.67,87.20
4265.33,87.20
4266.00,87.20
4266.67,87.21
4267.33,87.21
4268.00,87.21
4268.67,87.21
4269.33,87.21
4270.00,87.22
4270.67,87.22
4271.33,87.22
4272.00,87.22
4272.67,87.22
4273.33,87.22
4274.00,87.22
4274.67,87.22
4275.33,87.22
4276.00,87.23
4276.67,87.23
4277.33,87.23
4278.00,87.23
4278.67,87.23
4279.33,87.23
4280.00,87.23
4280.67,87.24
4281.33,87.24
4282.00,87.24
4282.67,87.24
4283.33,87.24
4284.00,87.24
4284.67,87.24
4285.33,87.24
4286.00,87.25
4286.67,87.25
4287.33,87.25
4288.00,87.25
4288.67,87.25
4289.33,87.25
4290.00,87.25
4290.67,87.25
4291.33,87.26
4292.00,87.26
4292.67,87.26
4293.33,87.26
4294.00,87.26
4294.67,87.26
4295.33,87.26
4296.00,87.27
4296.67,87.27
4297.33,87.27
4298.00,87.27
4298.67,87.27
4299.33,87.27
4300.00,87.27
4300.67,87.27
4301.33,87.27
4302.00,87.27
4302.67,87.27
4303.33,87.27
4304.00,87.27
4304.67,87.28
4305.33,87.28
4306.00,87.28
4306.67,87.28
4307.33,87.28
4308.00,87.29
4308.67,87.29
4309.33,87.29
4310.00,87.29
4310.67,87.29
4311.33,87.29
4312.00,87.29
4312.67,87.29
4313.33,87.29
4314.00,87.30
4314.67,87.30
4315.33,87.30
4316.00,87.30
4316.67,87.30
4317.33,87.31
4318.00,87.31
4318.67,87.31
4319.33,87.31
4320.00,87.31
4320.67,87.32
4321.33,87.32
4322.00,87.32
4322.67,87.32
4323.33,87.32
4324.00,87.32
4324.67,87.32
4325.33,87.32
4326.00,87.32
4326.67,87.32
4327.33,87.32
4328.00,87.32
4328.67,87.33
4329.33,87.33
4330.00,87.33
4330.67,87.33
4331.33,87.33
4332.00,87.34
4332.67,87.34
4333.33,87.34
4334.00,87.34
4334.67,87.34
4335.33,87.34
4336.00,87.34
4336.67,87.35
4337.33,87.35
4338.00,87.35
4338.67,87.35
4339.33,87.36
4340.00,87.36
4340.67,87.36
4341.33,87.36
4342.00,87.36
4342.67,87.36
4343.33,87.37
4344.00,87.37
4344.67,87.37
4345.33,87.37
4346.00,87.37
4346.67,87.37
4347.33,87.37
4348.00,87.37
4348.67,87.37
4349.33,87.37
4350.00,87.38
4350.67,87.38
4351.33,87.38
4352.00,87.38
4352.67,87.39
4353.33,87.39
4354.00,87.39
4354.67,87.39
4355.33,87.40
4356.00,87.40
4356.67,87.40
4357.33,87.40
4358.00,87.40
4358.67,87.40
4359.33,87.40
4360.00,87.40
4360.67,87.41
4361.33,87.41
4362.00,87.41
4362.67,87.41
4363.33,87.41
4364.00,87.41
4364.67,87.41
4365.33,87.41
4366.00,87.42
4366.67,87.42
4367.33,87.42
4368.00,87.42
4368.67,87.42
4369.33,87.42
4370.00,87.42
4370.67,87.42
4371.33,87.42
4372.00,87.43
4372.67,87.43
4373.33,87.43
4374.00,87.43
4374.67,87.43
4375.33,87.43
4376.00,87.44
4376.67,87.44
4377.33,87.44
4378.00,87.44
4378.67,87.44
4379.33,87.44
4380.00,87.45
4380.67,87.45
4381.33,87.45
4382.00,87.45
4382.67,87.45
4383.33,87.45
4384.00,87.46
4384.67,87.46
4385.33,87.46
4386.00,87.46
4386.67,87.46
4387.33,87.46
4388.00,87.46
4388.67,87.46
4389.33,87.46
4390.00,87.47
4390.67,87.47
4391.33,87.47
4392.00,87.47
4392.67,87.47
4393.33,87.47
4394.00,87.47
4394.67,87.48
4395.33,87.48
4396.00,87.48
4396.67,87.48
4397.33,87.49
4398.00,87.49
4398.67,87.49
4399.33,87.49
4400.00,87.50
4400.67,87.50
4401.33,87.50
4402.00,87.50
4402.67,87.50
4403.33,87.50
4404.00,87.50
4404.67,87.50
4405.33,87.50
4406.00,87.50
4406.67,87.51
4407.33,87.51
4408.00,87.51
4408.67,87.51
4409.33,87.51
4410.00,87.51
4410.67,87.52
4411.33,87.52
4412.00,87.52
4412.67,87.52
4413.33,87.52
4414.00,87.53
4414.67,87.53
4415.33,87.53
4416.00,87.53
4416.67,87.53
4417.33,87.53
4418.00,87.53
4418.67,87.53
4419.33,87.53
4420.00,87.53
4420.67,87.53
4421.33,87.54
4422.00,87.54
4422.67,87.54
4423.33,87.54
4424.00,87.54
4424.67,87.55
4425.33,87.55
4426.00,87.55
4426.67,87.55
4427.33,87.55
4428.00,87.55
4428.67,87.55
4429.33,87.56
4430.00,87.56
4430.67,87.56
4431.33,87.56
4432.00,87.56
4432.67,87.56
4433.33,87.56
4434.00,87.57
4434.67,87.57
4435.33,87.57
4436.00,87.57
4436.67,87.57
4437.33,87.58
4438.00,87.58
4438.67,87.58
4439.33,87.58
4440.00,87.58
4440.67,87.58
4441.33,87.58
4442.00,87.59
4442.67,87.59
4443.33,87.59
4444.00,87.59
4444.67,87.59
4445.33,87.59
4446.00,87.60
4446.67,87.60
4447.33,87.60
4448.00,87.60
4448.67,87.60
4449.33,87.61
4450.00,87.61
4450.67,87.61
4451.33,87.61
4452.00,87.61
4452.67,87.61
4453.33,87.61
4454.00,87.62
4454.67,87.62
4455.33,87.62
4456.00,87.62
4456.67,87.62
4457.33,87.62
4458.00,87.62
4458.67,87.63
4459.33,87.63
4460.00,87.63
4460.67,87.63
4461.33,87.63
4462.00,87.63
4462.67,87.63
4463.33,87.64
4464.00,87.64
4464.67,87.64
4465.33,87.64
4466.00,87.64
4466.67,87.65
4467.33,87.65
4468.00,87.65
4468.67,87.65
4469.33,87.65
4470.00,87.66
4470.67,87.66
4471.33,87.66
4472.00,87.66
4472.67,87.66
4473.33,87.66
4474.00,87.66
4474.67,87.66
4475.33,87.66
4476.00,87.67
4476.67,87.67
4477.33,87.67
4478.00,87.67
4478.67,87.67
4479.33,87.68
4480.00,87.68
4480.67,87.68
4481.33,87.69
4482.00,87.69
4482.67,87.69
4483.33,87.69
4484.00,87.69
4484.67,87.69
4485.33,87.69
4486.00,87.69
4486.67,87.70
4487.33,87.70
4488.00,87.70
4488.67,87.70
4489.33,87.70
4490.00,87.70
4490.67,87.71
4491.33,87.71
4492.00,87.71
4492.67,87.71
4493.33,87.71
4494.00,87.72
4494.67,87.72
4495.33,87.72
4496.00,87.72
4496.67,87.72
4497.33,87.72
4498.00,87.72
4498.67,87.73
4499.33,87.73
4500.00,87.73
4500.67,87.73
4501.33,87.73
4502.00,87.73
4502.67,87.74
4503.33,87.74
4504.00,87.74
4504.67,87.74
4505.33,87.74
4506.00,87.74
4506.67,87.75
4507.33,87.75
4508.00,87.75
4508.67,87.75
4509.33,87.75
4510.00,87.76
4510.67,87.76
4511.33,87.76
4512.00,87.76
4512.67,87.77
4513.33,87.77
4514.00,87.77
4514.67,87.78
4515.33,87.78
4516.00,87.78
4516.67,87.78
4517.33,87.78
4518.00,87.79
4518.67,87.79
4519.33,87.79
4520.00,87.79
4520.67,87.79
4521.33,87.79
4522.00,87.79
4522.67,87.79
4523.33,87.80
4524.00,87.80
4524.67,87.80
4525.33,87.80
4526.00,87.80
4526.67,87.80
4527.33,87.81
4528.00,87.81
4528.67,87.81
4529.33,87.81
4530.00,87.81
4530.67,87.82
4531.33,87.82
4532.00,87.82
4532.67,87.82
4533.33,87.82
4534.00,87.82
4534.67,87.82
4535.33,87.83
4536.00,87.83
4536.67,87.83
4537.33,87.83
4538.00,87.83
4538.67,87.83
4539.33,87.83
4540.00,87.84
4540.67,87.84
4541.33,87.84
4542.00,87.84
4542.67,87.84
4543.33,87.85
4544.00,87.85
4544.67,87.85
4545.33,87.85
4546.00,87.85
4546.67,87.85
4547.33,87.85
4548.00,87.85
4548.67,87.85
4549.33,87.86
4550.00,87.86
4550.67,87.86
4551.33,87.86
4552.00,87.86
4552.67,87.86
4553.33,87.86
4554.00,87.86
4554.67,87.87
4555.33,87.87
4556.00,87.87
4556.67,87.88
4557.33,87.88
4558.00,87.88
4558.67,87.88
4559.33,87.89
4560.00,87.89
4560.67,87.89
4561.33,87.89
4562.00,87.89
4562.67,87.89
4563.33,87.89
4564.00,87.90
4564.67,87.90
4565.33,87.90
4566.00,87.90
4566.67,87.90
4567.33,87.90
4568.00,87.91
4568.67,87.91
4569.33,87.91
4570.00,87.91
4570.67,87.91
4571.33,87.92
4572.00,87.92
4572.67,87.92
4573.33,87.92
4574.00,87.92
4574.67,87.92
4575.33,87.92
4576.00,87.93
4576.67,87.93
4577.33,87.93
4578.00,87.93
4578.67,87.93
4579.33,87.94
4580.00,87.94
4580.67,87.94
4581.33,87.94
4582.00,87.95
4582.67,87.95
4583.33,87.95
4584.00,87.95
4584.67,87.95
4585.33,87.95
4586.00,87.95
4586.67,87.96
4587.33,87.96
4588.00,87.96
4588.67,87.96
4589.33,87.96
4590.00,87.96
4590.67,87.97
4591.33,87.97
4592.00,87.97
4592.67,87.97
4593.33,87.98
4594.00,87.98
4594.67,87.98
4595.33,87.98
4596.00,87.98
4596.67,87.98
4597.33,87.98
4598.00,87.98
4598.67,87.98
4599.33,87.99
4600.00,87.99
4600.67,87.99
4601.33,87.99
4602.00,87.99
4602.67,88.00
4603.33,88.00
4604.00,88.00
4604.67,88.00
4605.33,88.01
4606.00,88.01
4606.67,88.01
4607.33,88.01
4608.00,88.02
4608.67,88.02
4609.33,88.02
4610.00,88.02
4610.67,88.02
4611.33,88.02
4612.00,88.03
4612.67,88.03
4613.33,88.03
4614.00,88.03
4614.67,88.03
4615.33,88.04
4616.00,88.04
4616.67,88.04
4617.33,88.04
4618.00,88.04
4618.67,88.05
4619.33,88.05
4620.00,88.05
4620.67,88.05
4621.33,88.05
4622.00,88.05
4622.67,88.05
4623.33,88.06
4624.00,88.06
4624.67,88.06
4625.33,88.06
4626.00,88.06
4626.67,88.06
4627.33,88.06
4628.00,88.07
4628.67,88.07
4629.33,88.07
4630.00,88.07
4630.67,88.07
4631.33,88.07
4632.00,88.08
4632.67,88.08
4633.33,88.08
4634.00,88.08
4634.67,88.08
4635.33,88.08
4636.00,88.09
4636.67,88.09
4637.33,88.09
4638.00,88.09
4638.67,88.09
4639.33,88.09
4640.00,88.09
4640.67,88.09
4641.33,88.10
4642.00,88.10
4642.67,88.10
4643.33,88.10
4644.00,88.10
4644.67,88.10
4645.33,88.11
4646.00,88.11
4646.67,88.11
4647.33,88.11
4648.00,88.12
4648.67,88.12
4649.33,88.12
4650.00,88.12
4650.67,88.13
4651.33,88.13
4652.00,88.13
4652.67,88.13
4653.33,88.13
4654.00,88.13
4654.67,88.13
4655.33,88.14
4656.00,88.14
4656.67,88.14
4657.33,88.14
4658.00,88.14
4658.67,88.14
4659.33,88.14
4660.00,88.15
4660.67,88.15
4661.33,88.15
4662.00,88.15
4662.67,88.15
4663.33,88.15
4664.00,88.16
4664.67,88.16
4665.33,88.16
4666.00,88.16
4666.67,88.16
4667.33,88.16
4668.00,88.16
4668.67,88.16
4669.33,88.16
4670.00,88.16
4670.67,88.17
4671.33,88.17
4672.00,88.17
4672.67,88.17
4673.33,88.17
4674.00,88.18
4674.67,88.18
4675.33,88.18
4676.00,88.18
4676.67,88.18
4677.33,88.19
4678.00,88.19
4678.67,88.19
4679.33,88.19
4680.00,88.19
4680.67,88.20
4681.33,88.20
4682.00,88.20
4682.67,88.20
4683.33,88.20
4684.00,88.21
4684.67,88.21
4685.33,88.21
4686.00,88.21
4686.67,88.21
4687.33,88.21
4688.00,88.21
4688.67,88.22
4689.33,88.22
4690.00,88.22
4690.67,88.22
4691.33,88.22
4692.00,88.22
4692.67,88.22
4693.33,88.23
4694.00,88.23
4694.67,88.23
4695.33,88.23
4696.00,88.23
4696.67,88.24
4697.33,88.24
4698.00,88.24
4698.67,88.24
4699.33,88.24
4700.00,88.24
4700.67,88.24
4701.33,88.24
4702.00,88.25
4702.67,88.25
4703.33,88.25
4704.00,88.25
4704.67,88.25
4705.33,88.26
4706.00,88.26
4706.67,88.26
4707.33,88.26
4708.00,88.27
4708.67,88.27
4709.33,88.27
4710.00,88.27
4710.67,88.27
4711.33,88.27
4712.00,88.27
4712.67,88.27
4713.33,88.27
4714.00,88.27
4714.67,88.28
4715.33,88.28
4716.00,88.28
4716.67,88.28
4717.33,88.28
4718.00,88.29
4718.67,88.29
4719.33,88.29
4720.00,88.29
4720.67,88.29
4721.33,88.30
4722.00,88.30
4722.67,88.30
4723.33,88.30
4724.00,88.30
4724.67,88.30
4725.33,88.31
4726.00,88.31
4726.67,88.31
4727.33,88.31
4728.00,88.31
4728.67,88.31
4729.33,88.32
4730.00,88.32
4730.67,88.32
4731.33,88.32
4732.00,88.32
4732.67,88.33
4733.33,88.33
4734.00,88.33
4734.67,88.33
4735.33,88.33
4736.00,88.33
4736.67,88.33
4737.33,88.34
4738.00,88.34
4738.67,88.34
4739.33,88.34
4740.00,88.34
4740.67,88.34
4741.33,88.35
4742.00,88.35
4742.67,88.35
4743.33,88.35
4744.00,88.35
4744.67,88.35
4745.33,88.35
4746.00,88.36
4746.67,88.36
4747.33,88.36
4748.00,88.36
4748.67,88.36
4749.33,88.36
4750.00,88.36
4750.67,88.36
4751.33,88.37
4752.00,88.37
4752.67,88.37
4753.33,88.37
4754.00,88.37
4754.67,88.37
4755.33,88.37
4756.00,88.38
4756.67,88.38
4757.33,88.38
4758.00,88.38
4758.67,88.38
4759.33,88.38
4760.00,88.39
4760.67,88.39
4761.33,88.39
4762.00,88.39
4762.67,88.39
4763.33,88.40
4764.00,88.40
4764.67,88.40
4765.33,88.40
4766.00,88.40
4766.67,88.40
4767.33,88.40
4768.00,88.41
4768.67,88.41
4769.33,88.41
4770.00,88.41
4770.67,88.41
4771.33,88.41
4772.00,88.41
4772.67,88.41
4773.33,88.42
4774.00,88.42
4774.67,88.42
4775.33,88.42
4776.00,88.42
4776.67,88.42
4777.33,88.43
4778.00,88.43
4778.67,88.43
4779.33,88.43
4780.00,88.43
4780.67,88.43
4781.33,88.43
4782.00,88.44
4782.67,88.44
4783.33,88.44
4784.00,88.44
4784.67,88.44
4785.33,88.44
4786.00,88.44
4786.67,88.44
4787.33,88.45
4788.00,88.45
4788.67,88.45
4789.33,88.45
4790.00,88.45
4790.67,88.45
4791.33,88.46
4792.00,88.46
4792.67,88.46
4793.33,88.46
4794.00,88.46
4794.67,88.46
4795.33,88.46
4796.00,88.46
4796.67,88.47
4797.33,88.47
4798.00,88.47
4798.67,88.47
4799.33,88.47
4800.00,88.47
4800.67,88.47
4801.33,88.47
4802.00,88.47
4802.67,88.48
4803.33,88.48
4804.00,88.48
4804.67,88.48
4805.33,88.48
4806.00,88.49
4806.67,88.49
4807.33,88.49
4808.00,88.49
4808.67,88.49
4809.33,88.49
4810.00,88.49
4810.67,88.50
4811.33,88.50
4812.00,88.50
4812.67,88.50
4813.33,88.50
4814.00,88.50
4814.67,88.50
4815.33,88.50
4816.00,88.50
4816.67,88.50
4817.33,88.51
4818.00,88.51
4818.67,88.51
4819.33,88.51
4820.00,88.51
4820.67,88.51
4821.33,88.51
4822.00,88.52
4822.67,88.52
4823.33,88.52
4824.00,88.52
4824.67,88.52
4825.33,88.52
4826.00,88.52
4826.67,88.52
4827.33,88.52
4828.00,88.53
4828.67,88.53
4829.33,88.53
4830.00,88.53
4830.67,88.53
4831.33,88.53
4832.00,88.53
4832.67,88.54
4833.33,88.54
4834.00,88.54
4834.67,88.54
4835.33,88.54
4836.00,88.54
4836.67,88.55
4837.33,88.55
4838.00,88.55
4838.67,88.55
4839.33,88.55
4840.00,88.55
4840.67,88.55
4841.33,88.55
4842.00,88.56
4842.67,88.56
4843.33,88.56
4844.00,88.56
4844.67,88.56
4845.33,88.56
4846.00,88.56
4846.67,88.56
4847.33,88.56
4848.00,88.56
4848.67,88.56
4849.33,88.56
4850.00,88.56
4850.67,88.56
4851.33,88.56
4852.00,88.57
4852.67,88.57
4853.33,88.57
4854.00,88.57
4854.67,88.57
4855.33,88.57
4856.00,88.57
4856.67,88.58
4857.33,88.58
4858.00,88.58
4858.67,88.58
4859.33,88.58
4860.00,88.58
4860.67,88.58
4861.33,88.58
4862.00,88.59
4862.67,88.59
4863.33,88.59
4864.00,88.59
4864.67,88.59
4865.33,88.59
4866.00,88.59
4866.67,88.59
4867.33,88.60
4868.00,88.60
4868.67,88.60
4869.33,88.60
4870.00,88.60
4870.67,88.60
4871.33,88.60
4872.00,88.61
4872.67,88.61
4873.33,88.61
4874.00,88.61
4874.67,88.61
4875.33,88.61
4876.00,88.61
4876.67,88.62
4877.33,88.62
4878.00,88.62
4878.67,88.62
4879.33,88.62
4880.00,88.62
4880.67,88.62
4881.33,88.62
4882.00,88.62
4882.67,88.62
4883.33,88.63
4884.00,88.63
4884.67,88.63
4885.33,88.63
4886.00,88.63
4886.67,88.63
4887.33,88.64
4888.00,88.64
4888.67,88.64
4889.33,88.64
4890.00,88.64
4890.67,88.64
4891.33,88.64
4892.00,88.64
4892.67,88.64
4893.33,88.64
4894.00,88.64
4894.67,88.64
4895.33,88.64
4896.00,88.64
4896.67,88.65
4897.33,88.65
4898.00,88.65
4898.67,88.65
4899.33,88.65
4900.00,88.65
4900.67,88.66
4901.33,88.66
4902.00,88.66
4902.67,88.66
4903.33,88.66
4904.00,88.66
4904.67,88.66
4905.33,88.66
4906.00,88.66
4906.67,88.66
4907.33,88.67
4908.00,88.67
4908.67,88.67
4909.33,88.67
4910.00,88.67
4910.67,88.67
4911.33,88.68
4912.00,88.68
4912.67,88.68
4913.33,88.68
4914.00,88.68
4914.67,88.68
4915.33,88.68
4916.00,88.68
4916.67,88.68
4917.33,88.68
4918.00,88.69
4918.67,88.69
4919.33,88.69
4920.00,88.69
4920.67,88.69
4921.33,88.69
4922.00,88.69
4922.67,88.69
4923.33,88.69
4924.00,88.69
4924.67,88.69
4925.33,88.69
4926.00,88.69
4926.67,88.70
4927.33,88.70
4928.00,88.70
4928.67,88.70
4929.33,88.70
4930.00,88.71
4930.67,88.71
4931.33,88.71
4932.00,88.71
4932.67,88.71
4933.33,88.71
4934.00,88.71
4934.67,88.71
4935.33,88.71
4936.00,88.71
4936.67,88.71
4937.33,88.71
4938.00,88.71
4938.67,88.71
4939.33,88.71
4940.00,88.71
4940.67,88.71
4941.33,88.72
4942.00,88.72
4942.67,88.72
4943.33,88.72
4944.00,88.72
4944.67,88.72
4945.33,88.72
4946.00,88.72
4946.67,88.73
4947.33,88.73
4948.00,88.73
4948.67,88.73
4949.33,88.73
4950.00,88.73
4950.67,88.73
4951.33,88.73
4952.00,88.73
4952.67,88.73
4953.33,88.73
4954.00,88.74
4954.67,88.74
4955.33,88.74
4956.00,88.74
4956.67,88.74
4957.33,88.74
4958.00,88.75
4958.67,88.75
4959.33,88.75
4960.00,88.75
4960.67,88.75
4961.33,88.75
4962.00,88.75
4962.67,88.75
4963.33,88.75
4964.00,88.75
4964.67,88.75
4965.33,88.76
4966.00,88.76
4966.67,88.76
4967.33,88.76
4968.00,88.76
4968.67,88.76
4969.33,88.76
4970.00,88.76
4970.67,88.76
4971.33,88.76
4972.00,88.77
4972.67,88.77
4973.33,88.77
4974.00,88.77
4974.67,88.77
4975.33,88.77
4976.00,88.77
4976.67,88.77
4977.33,88.77
4978.00,88.77
4978.67,88.77
4979.33,88.78
4980.00,88.78
4980.67,88.78
4981.33,88.78
4982.00,88.78
4982.67,88.78
4983.33,88.78
4984.00,88.78
4984.67,88.78
4985.33,88.79
4986.00,88.79
4986.67,88.79
4987.33,88.79
4988.00,88.79
4988.67,88.79
4989.33,88.79
4990.00,88.79
4990.67,88.79
4991.33,88.79
4992.00,88.79
4992.67,88.79
4993.33,88.79
4994.00,88.79
4994.67,88.79
4995.33,88.79
4996.00,88.79
4996.67,88.80
4997.33,88.80
4998.00,88.80
4998.67,88.80
4999.33,88.80
5000.00,88.80
5000.67,88.80
5001.33,88.80
5002.00,88.80
5002.67,88.80
5003.33,88.80
5004.00,88.80
5004.67,88.80
5005.33,88.81
5006.00,88.81
5006.67,88.81
5007.33,88.81
5008.00,88.81
5008.67,88.81
5009.33,88.81
5010.00,88.81
5010.67,88.81
5011.33,88.81
5012.00,88.81
5012.67,88.81
5013.33,88.81
5014.00,88.81
5014.67,88.81
5015.33,88.82
5016.00,88.82
5016.67,88.82
5017.33,88.82
5018.00,88.82
5018.67,88.82
5019.33,88.82
5020.00,88.83
5020.67,88.83
5021.33,88.83
5022.00,88.83
5022.67,88.83
5023.33,88.83
5024.00,88.82
5024.67,88.82
5025.33,88.82
5026.00,88.82
5026.67,88.82
5027.33,88.83
5028.00,88.83
5028.67,88.83
5029.33,88.83
5030.00,88.83
5030.67,88.83
5031.33,88.83
5032.00,88.83
5032.67,88.83
5033.33,88.83
5034.00,88.83
5034.67,88.83
5035.33,88.83
5036.00,88.83
5036.67,88.83
5037.33,88.83
5038.00,88.83
5038.67,88.83
5039.33,88.83
5040.00,88.83
5040.67,88.83
5041.33,88.83
5042.00,88.83
5042.67,88.84
5043.33,88.84
5044.00,88.84
5044.67,88.84
5045.33,88.84
5046.00,88.84
5046.67,88.84
5047.33,88.84
5048.00,88.84
5048.67,88.84
5049.33,88.84
5050.00,88.84
5050.67,88.85
5051.33,88.85
5052.00,88.85
5052.67,88.85
5053.33,88.85
5054.00,88.85
5054.67,88.85
5055.33,88.85
5056.00,88.85
5056.67,88.85
5057.33,88.85
5058.00,88.85
5058.67,88.85
5059.33,88.85
5060.00,88.85
5060.67,88.86
5061.33,88.86
5062.00,88.86
5062.67,88.86
5063.33,88.86
5064.00,88.86
5064.67,88.86
5065.33,88.86
5066.00,88.86
5066.67,88.86
5067.33,88.86
5068.00,88.86
5068.67,88.86
5069.33,88.86
5070.00,88.86
5070.67,88.86
5071.33,88.86
5072.00,88.87
5072.67,88.87
5073.33,88.87
5074.00,88.87
5074.67,88.87
5075.33,88.87
5076.00,88.87
5076.67,88.87
5077.33,88.87
5078.00,88.87
5078.67,88.87
5079.33,88.87
5080.00,88.87
5080.67,88.87
5081.33,88.87
5082.00,88.87
5082.67,88.88
5083.33,88.88
5084.00,88.88
5084.67,88.88
5085.33,88.88
5086.00,88.88
5086.67,88.88
5087.33,88.88
5088.00,88.88
5088.67,88.88
5089.33,88.88
5090.00,88.88
5090.67,88.88
5091.33,88.88
5092.00,88.88
5092.67,88.88
5093.33,88.88
5094.00,88.89
5094.67,88.89
5095.33,88.89
5096.00,88.89
5096.67,88.89
5097.33,88.89
5098.00,88.89
5098.67,88.89
5099.33,88.89
5100.00,88.89
5100.67,88.89
5101.33,88.89
5102.00,88.89
5102.67,88.89
5103.33,88.89
5104.00,88.89
5104.67,88.89
5105.33,88.89
5106.00,88.89
5106.67,88.89
5107.33,88.89
5108.00,88.89
5108.67,88.89
5109.33,88.89
5110.00,88.89
5110.67,88.89
5111.33,88.89
5112.00,88.89
5112.67,88.89
5113.33,88.90
5114.00,88.90
5114.67,88.90
5115.33,88.90
5116.00,88.90
5116.67,88.90
5117.33,88.90
5118.00,88.90
5118.67,88.90
5119.33,88.90
5120.00,88.90
5120.67,88.90
5121.33,88.90
5122.00,88.90
5122.67,88.90
5123.33,88.90
5124.00,88.90
5124.67,88.90
5125.33,88.90
5126.00,88.90
5126.67,88.90
5127.33,88.90
5128.00,88.90
5128.67,88.90
5129.33,88.90
5130.00,88.90
5130.67,88.90
5131.33,88.90
5132.00,88.90
5132.67,88.90
5133.33,88.90
5134.00,88.90
5134.67,88.90
5135.33,88.90
5136.00,88.90
5136.67,88.90
5137.33,88.90
5138.00,88.90
5138.67,88.90
5139.33,88.90
5140.00,88.90
5140.67,88.89
5141.33,88.89
5142.00,88.89
5142.67,88.89
5143.33,88.89
5144.00,88.89
5144.67,88.90
5145.33,88.90
5146.00,88.90
5146.67,88.90
5147.33,88.90
5148.00,88.90
5148.67,88.90
5149.33,88.90
5150.00,88.90
5150.67,88.90
5151.33,88.90
5152.00,88.90
5152.67,88.90
5153.33,88.90
5154.00,88.90
5154.67,88.90
5155.33,88.90
5156.00,88.90
5156.67,88.90
5157.33,88.90
5158.00,88.90
5158.67,88.90
5159.33,88.90
5160.00,88.90
5160.67,88.90
5161.33,88.90
5162.00,88.90
5162.67,88.90
5163.33,88.90
5164.00,88.90
5164.67,88.90
5165.33,88.90
5166.00,88.90
5166.67,88.90
5167.33,88.90
5168.00,88.90
5168.67,88.89
5169.33,88.89
5170.00,88.89
5170.67,88.89
5171.33,88.89
5172.00,88.89
5172.67,88.89
5173.33,88.89
5174.00,88.89
5174.67,88.89
5175.33,88.89
5176.00,88.89
5176.67,88.89
5177.33,88.89
5178.00,88.89
5178.67,88.89
5179.33,88.89
5180.00,88.89
5180.67,88.89
5181.33,88.89
5182.00,88.89
5182.67,88.89
5183.33,88.89
5184.00,88.89
5184.67,88.89
5185.33,88.89
5186.00,88.89
5186.67,88.89
5187.33,88.89
5188.00,88.89
5188.67,88.89
5189.33,88.89
5190.00,88.88
5190.67,88.88
5191.33,88.88
5192.00,88.88
5192.67,88.88
5193.33,88.88
5194.00,88.88
5194.67,88.88
5195.33,88.88
5196.00,88.88
5196.67,88.89
5197.33,88.89
5198.00,88.89
5198.67,88.89
5199.33,88.89
5200.00,88.89
5200.67,88.89
5201.33,88.88
5202.00,88.88
5202.67,88.88
5203.33,88.88
5204.00,88.88
5204.67,88.88
5205.33,88.88
5206.00,88.88
5206.67,88.88
5207.33,88.88
5208.00,88.87
5208.67,88.87
5209.33,88.87
5210.00,88.87
5210.67,88.87
5211.33,88.87
5212.00,88.87
5212.67,88.87
5213.33,88.87
5214.00,88.87
5214.67,88.87
5215.33,88.87
5216.00,88.87
5216.67,88.87
5217.33,88.87
5218.00,88.87
5218.67,88.87
5219.33,88.87
5220.00,88.87
5220.67,88.87
5221.33,88.87
5222.00,88.87
5222.67,88.87
5223.33,88.87
5224.00,88.87
5224.67,88.87
5225.33,88.87
5226.00,88.87
5226.67,88.87
5227.33,88.87
5228.00,88.87
5228.67,88.87
5229.33,88.87
5230.00,88.86
5230.67,88.86
5231.33,88.86
5232.00,88.86
5232.67,88.86
5233.33,88.86
5234.00,88.86
5234.67,88.86
5235.33,88.86
5236.00,88.85
5236.67,88.85
5237.33,88.85
5238.00,88.85
5238.67,88.85
5239.33,88.85
5240.00,88.85
5240.67,88.85
5241.33,88.85
5242.00,88.85
5242.67,88.85
5243.33,88.85
5244.00,88.85
5244.67,88.85
5245.33,88.85
5246.00,88.85
5246.67,88.85
5247.33,88.85
5248.00,88.85
5248.67,88.84
5249.33,88.84
5250.00,88.85
5250.67,88.85
5251.33,88.85
5252.00,88.85
5252.67,88.85
5253.33,88.85
5254.00,88.85
5254.67,88.85
5255.33,88.84
5256.00,88.84
5256.67,88.84
5257.33,88.84
5258.00,88.84
5258.67,88.84
5259.33,88.84
5260.00,88.84
5260.67,88.83
5261.33,88.83
5262.00,88.83
5262.67,88.83
5263.33,88.83
5264.00,88.83
5264.67,88.83
5265.33,88.83
5266.00,88.83
5266.67,88.83
5267.33,88.83
5268.00,88.83
5268.67,88.83
5269.33,88.83
5270.00,88.82
5270.67,88.82
5271.33,88.82
5272.00,88.82
5272.67,88.82
5273.33,88.82
5274.00,88.82
5274.67,88.82
5275.33,88.81
5276.00,88.81
5276.67,88.81
5277.33,88.81
5278.00,88.81
5278.67,88.81
5279.33,88.81
5280.00,88.81
5280.67,88.81
5281.33,88.81
5282.00,88.81
5282.67,88.81
5283.33,88.81
5284.00,88.81
5284.67,88.80
5285.33,88.80
5286.00,88.80
5286.67,88.80
5287.33,88.80
5288.00,88.80
5288.67,88.80
5289.33,88.80
5290.00,88.80
5290.67,88.80
5291.33,88.79
5292.00,88.79
5292.67,88.79
5293.33,88.79
5294.00,88.79
5294.67,88.79
5295.33,88.79
5296.00,88.79
5296.67,88.79
5297.33,88.79
5298.00,88.79
5298.67,88.79
5299.33,88.79
5300.00,88.79
5300.67,88.79
5301.33,88.79
5302.00,88.79
5302.67,88.78
5303.33,88.78
5304.00,88.78
5304.67,88.78
5305.33,88.78
5306.00,88.78
5306.67,88.78
5307.33,88.78
5308.00,88.78
5308.67,88.77
5309.33,88.77
5310.00,88.77
5310.67,88.77
5311.33,88.77
5312.00,88.77
5312.67,88.77
5313.33,88.77
5314.00,88.77
5314.67,88.77
5315.33,88.76
5316.00,88.76
5316.67,88.76
5317.33,88.76
5318.00,88.76
5318.67,88.76
5319.33,88.76
5320.00,88.76
5320.67,88.76
5321.33,88.76
5322.00,88.76
5322.67,88.76
5323.33,88.76
5324.00,88.76
5324.67,88.76
5325.33,88.75
5326.00,88.75
5326.67,88.75
5327.33,88.75
5328.00,88.75
5328.67,88.75
5329.33,88.75
5330.00,88.75
5330.67,88.74
5331.33,88.74
5332.00,88.74
5332.67,88.74
5333.33,88.74
5334.00,88.74
5334.67,88.74
5335.33,88.73
5336.00,88.73
5336.67,88.73
5337.33,88.73
5338.00,88.73
5338.67,88.73
5339.33,88.72
5340.00,88.72
5340.67,88.72
5341.33,88.72
5342.00,88.72
5342.67,88.72
5343.33,88.72
5344.00,88.72
5344.67,88.72
5345.33,88.72
5346.00,88.71
5346.67,88.71
5347.33,88.71
5348.00,88.71
5348.67,88.71
5349.33,88.71
5350.00,88.70
5350.67,88.70
5351.33,88.70
5352.00,88.70
5352.67,88.70
5353.33,88.70
5354.00,88.70
5354.67,88.70
5355.33,88.70
5356.00,88.70
5356.67,88.70
5357.33,88.70
5358.00,88.70
5358.67,88.69
5359.33,88.69
5360.00,88.69
5360.67,88.69
5361.33,88.69
5362.00,88.69
5362.67,88.68
5363.33,88.68
5364.00,88.68
5364.67,88.68
5365.33,88.68
5366.00,88.68
5366.67,88.68
5367.33,88.68
5368.00,88.68
5368.67,88.67
5369.33,88.67
5370.00,88.67
5370.67,88.67
5371.33,88.67
5372.00,88.66
5372.67,88.66
5373.33,88.66
5374.00,88.66
5374.67,88.66
5375.33,88.66
5376.00,88.66
5376.67,88.66
5377.33,88.66
5378.00,88.66
5378.67,88.65
5379.33,88.65
5380.00,88.65
5380.67,88.65
5381.33,88.65
5382.00,88.65
5382.67,88.65
5383.33,88.65
5384.00,88.64
5384.67,88.64
5385.33,88.64
5386.00,88.64
5386.67,88.64
5387.33,88.63
5388.00,88.63
5388.67,88.63
5389.33,88.63
5390.00,88.63
5390.67,88.63
5391.33,88.63
5392.00,88.62
5392.67,88.62
5393.33,88.62
5394.00,88.62
5394.67,88.62
5395.33,88.62
5396.00,88.62
5396.67,88.62
5397.33,88.61
5398.00,88.61
5398.67,88.61
5399.33,88.61
5400.00,88.61
5400.67,88.60
5401.33,88.60
5402.00,88.60
5402.67,88.60
5403.33,88.60
5404.00,88.60
5404.67,88.60
5405.33,88.59
5406.00,88.59
5406.67,88.59
5407.33,88.59
5408.00,88.59
5408.67,88.59
5409.33,88.59
5410.00,88.59
5410.67,88.58
5411.33,88.58
5412.00,88.58
5412.67,88.58
5413.33,88.58
5414.00,88.58
5414.67,88.57
5415.33,88.57
5416.00,88.57
5416.67,88.57
5417.33,88.57
5418.00,88.57
5418.67,88.57
5419.33,88.56
5420.00,88.56
5420.67,88.56
5421.33,88.56
5422.00,88.55
5422.67,88.55
5423.33,88.55
5424.00,88.54
5424.67,88.54
5425.33,88.54
5426.00,88.54
5426.67,88.54
5427.33,88.53
5428.00,88.53
5428.67,88.53
5429.33,88.53
5430.00,88.53
5430.67,88.53
5431.33,88.53
5432.00,88.53
5432.67,88.52
5433.33,88.52
5434.00,88.52
5434.67,88.52
5435.33,88.51
5436.00,88.51
5436.67,88.51
5437.33,88.51
5438.00,88.51
5438.67,88.50
5439.33,88.50
5440.00,88.50
5440.67,88.50
5441.33,88.50
5442.00,88.49
5442.67,88.49
5443.33,88.49
5444.00,88.49
5444.67,88.49
5445.33,88.49
5446.00,88.49
5446.67,88.48
5447.33,88.48
5448.00,88.48
5448.67,88.48
5449.33,88.48
5450.00,88.48
5450.67,88.47
5451.33,88.47
5452.00,88.47
5452.67,88.47
5453.33,88.46
5454.00,88.46
5454.67,88.46
5455.33,88.46
5456.00,88.46
5456.67,88.45
5457.33,88.45
5458.00,88.45
5458.67,88.45
5459.33,88.45
5460.00,88.44
5460.67,88.44
5461.33,88.44
5462.00,88.44
5462.67,88.44
5463.33,88.44
5464.00,88.43
5464.67,88.43
5465.33,88.43
5466.00,88.43
5466.67,88.42
5467.33,88.42
5468.00,88.42
5468.67,88.42
5469.33,88.42
5470.00,88.42
5470.67,88.41
5471.33,88.41
5472.00,88.41
5472.67,88.41
5473.33,88.41
5474.00,88.41
5474.67,88.41
5475.33,88.41
5476.00,88.40
5476.67,88.40
5477.33,88.40
5478.00,88.40
5478.67,88.39
5479.33,88.39
5480.00,88.39
5480.67,88.38
5481.33,88.38
5482.00,88.38
5482.67,88.38
5483.33,88.38
5484.00,88.37
5484.67,88.37
5485.33,88.37
5486.00,88.37
5486.67,88.37
5487.33,88.36
5488.00,88.36
5488.67,88.36
5489.33,88.36
5490.00,88.36
5490.67,88.35
5491.33,88.35
5492.00,88.35
5492.67,88.35
5493.33,88.34
5494.00,88.34
5494.67,88.34
5495.33,88.34
5496.00,88.34
5496.67,88.33
5497.33,88.33
5498.00,88.33
5498.67,88.33
5499.33,88.33
5500.00,88.32
5500.67,88.32
5501.33,88.32
5502.00,88.31
5502.67,88.31
5503.33,88.31
5504.00,88.31
5504.67,88.30
5505.33,88.30
5506.00,88.30
5506.67,88.30
5507.33,88.29
5508.00,88.29
5508.67,88.29
5509.33,88.29
5510.00,88.29
5510.67,88.29
5511.33,88.29
5512.00,88.28
5512.67,88.28
5513.33,88.28
5514.00,88.28
5514.67,88.27
5515.33,88.27
5516.00,88.27
5516.67,88.27
5517.33,88.26
5518.00,88.26
5518.67,88.26
5519.33,88.26
5520.00,88.25
5520.67,88.25
5521.33,88.25
5522.00,88.25
5522.67,88.24
5523.33,88.24
5524.00,88.24
5524.67,88.23
5525.33,88.23
5526.00,88.23
5526.67,88.23
5527.33,88.23
5528.00,88.22
5528.67,88.22
5529.33,88.22
5530.00,88.22
5530.67,88.21
5531.33,88.21
5532.00,88.21
5532.67,88.21
5533.33,88.20
5534.00,88.20
5534.67,88.20
5535.33,88.19
5536.00,88.19
5536.67,88.19
5537.33,88.18
5538.00,88.18
5538.67,88.18
5539.33,88.18
5540.00,88.18
5540.67,88.17
5541.33,88.17
5542.00,88.17
5542.67,88.17
5543.33,88.17
5544.00,88.16
5544.67,88.16
5545.33,88.16
5546.00,88.15
5546.67,88.15
5547.33,88.15
5548.00,88.15
5548.67,88.14
5549.33,88.14
5550.00,88.14
5550.67,88.14
5551.33,88.13
5552.00,88.13
5552.67,88.13
5553.33,88.13
5554.00,88.13
5554.67,88.12
5555.33,88.12
5556.00,88.12
5556.67,88.12
5557.33,88.11
5558.00,88.11
5558.67,88.11
5559.33,88.10
5560.00,88.10
5560.67,88.10
5561.33,88.09
5562.00,88.09
5562.67,88.09
5563.33,88.08
5564.00,88.08
5564.67,88.08
5565.33,88.08
5566.00,88.08
5566.67,88.07
5567.33,88.07
5568.00,88.07
5568.67,88.07
5569.33,88.06
5570.00,88.06
5570.67,88.06
5571.33,88.06
5572.00,88.05
5572.67,88.05
5573.33,88.05
5574.00,88.05
5574.67,88.04
5575.33,88.04
5576.00,88.04
5576.67,88.04
5577.33,88.03
5578.00,88.03
5578.67,88.03
5579.33,88.02
5580.00,88.02
5580.67,88.02
5581.33,88.02
5582.00,88.01
5582.67,88.01
5583.33,88.01
5584.00,88.01
5584.67,88.00
5585.33,88.00
5586.00,88.00
5586.67,87.99
5587.33,87.99
5588.00,87.99
5588.67,87.99
5589.33,87.98
5590.00,87.98
5590.67,87.98
5591.33,87.98
5592.00,87.97
5592.67,87.97
5593.33,87.97
5594.00,87.97
5594.67,87.96
5595.33,87.96
5596.00,87.96
5596.67,87.96
5597.33,87.95
5598.00,87.95
5598.67,87.95
5599.33,87.95
5600.00,87.94
5600.67,87.94
5601.33,87.94
5602.00,87.94
5602.67,87.93
5603.33,87.93
5604.00,87.93
5604.67,87.93
5605.33,87.92
5606.00,87.92
5606.67,87.92
5607.33,87.92
5608.00,87.92
5608.67,87.91
5609.33,87.91
5610.00,87.91
5610.67,87.90
5611.33,87.90
5612.00,87.90
5612.67,87.89
5613.33,87.89
5614.00,87.89
5614.67,87.88
5615.33,87.88
5616.00,87.88
5616.67,87.87
5617.33,87.87
5618.00,87.87
5618.67,87.86
5619.33,87.86
5620.00,87.86
5620.67,87.86
5621.33,87.85
5622.00,87.85
5622.67,87.85
5623.33,87.84
5624.00,87.84
5624.67,87.84
5625.33,87.84
5626.00,87.83
5626.67,87.83
5627.33,87.83
5628.00,87.83
5628.67,87.82
5629.33,87.82
5630.00,87.82
5630.67,87.81
5631.33,87.81
5632.00,87.81
5632.67,87.80
5633.33,87.80
5634.00,87.79
5634.67,87.79
5635.33,87.79
5636.00,87.78
5636.67,87.78
5637.33,87.78
5638.00,87.78
5638.67,87.77
5639.33,87.77
5640.00,87.77
5640.67,87.76
5641.33,87.76
5642.00,87.76
5642.67,87.76
5643.33,87.75
5644.00,87.75
5644.67,87.75
5645.33,87.75
5646.00,87.74
5646.67,87.74
5647.33,87.74
5648.00,87.73
5648.67,87.73
5649.33,87.73
5650.00,87.72
5650.67,87.72
5651.33,87.72
5652.00,87.71
5652.67,87.71
5653.33,87.71
5654.00,87.71
5654.67,87.70
5655.33,87.70
5656.00,87.70
5656.67,87.70
5657.33,87.69
5658.00,87.69
5658.67,87.69
5659.33,87.68
5660.00,87.68
5660.67,87.67
5661.33,87.67
5662.00,87.67
5662.67,87.66
5663.33,87.66
5664.00,87.66
5664.67,87.66
5665.33,87.65
5666.00,87.65
5666.67,87.65
5667.33,87.65
5668.00,87.64
5668.67,87.64
5669.33,87.64
5670.00,87.63
5670.67,87.63
5671.33,87.63
5672.00,87.62
5672.67,87.62
5673.33,87.62
5674.00,87.61
5674.67,87.61
5675.33,87.60
5676.00,87.60
5676.67,87.60
5677.33,87.60
5678.00,87.59
5678.67,87.59
5679.33,87.59
5680.00,87.58
5680.67,87.58
5681.33,87.58
5682.00,87.57
5682.67,87.57
5683.33,87.56
5684.00,87.56
5684.67,87.56
5685.33,87.55
5686.00,87.55
5686.67,87.55
5687.33,87.55
5688.00,87.54
5688.67,87.54
5689.33,87.54
5690.00,87.53
5690.67,87.53
5691.33,87.53
5692.00,87.52
5692.67,87.52
5693.33,87.52
5694.00,87.52
5694.67,87.51
5695.33,87.51
5696.00,87.51
5696.67,87.50
5697.33,87.50
5698.00,87.50
5698.67,87.50
5699.33,87.49
5700.00,87.49
5700.67,87.48
5701.33,87.48
5702.00,87.48
5702.67,87.47
5703.33,87.47
5704.00,87.46
5704.67,87.46
5705.33,87.46
5706.00,87.45
5706.67,87.45
5707.33,87.45
5708.00,87.45
5708.67,87.44
5709.33,87.44
5710.00,87.44
5710.67,87.44
5711.33,87.43
5712.00,87.43
5712.67,87.43
5713.33,87.42
5714.00,87.42
5714.67,87.41
5715.33,87.41
5716.00,87.41
5716.67,87.40
5717.33,87.40
5718.00,87.40
5718.67,87.40
5719.33,87.39
5720.00,87.39
5720.67,87.39
5721.33,87.39
5722.00,87.38
5722.67,87.38
5723.33,87.38
5724.00,87.37
5724.67,87.37
5725.33,87.37
5726.00,87.36
5726.67,87.36
5727.33,87.35
5728.00,87.35
5728.67,87.35
5729.33,87.34
5730.00,87.34
5730.67,87.34
5731.33,87.33
5732.00,87.33
5732.67,87.33
5733.33,87.32
5734.00,87.32
5734.67,87.32
5735.33,87.31
5736.00,87.31
5736.67,87.31
5737.33,87.31
5738.00,87.30
5738.67,87.30
5739.33,87.30
5740.00,87.29
5740.67,87.29
5741.33,87.29
5742.00,87.29
5742.67,87.28
5743.33,87.28
5744.00,87.28
5744.67,87.27
5745.33,87.27
5746.00,87.27
5746.67,87.26
5747.33,87.26
5748.00,87.26
5748.67,87.25
5749.33,87.25
5750.00,87.25
5750.67,87.25
5751.33,87.24
5752.00,87.24
5752.67,87.24
5753.33,87.23
5754.00,87.23
5754.67,87.22
5755.33,87.22
5756.00,87.22
5756.67,87.21
5757.33,87.21
5758.00,87.21
5758.67,87.20
5759.33,87.20
5760.00,87.20
5760.67,87.19
5761.33,87.19
5762.00,87.19
5762.67,87.18
5763.33,87.18
5764.00,87.17
5764.67,87.17
5765.33,87.17
5766.00,87.16
5766.67,87.16
5767.33,87.15
5768.00,87.15
5768.67,87.15
5769.33,87.14
5770.00,87.14
5770.67,87.14
5771.33,87.13
5772.00,87.13
5772.67,87.13
5773.33,87.12
5774.00,87.12
5774.67,87.12
5775.33,87.11
5776.00,87.11
5776.67,87.11
5777.33,87.10
5778.00,87.10
5778.67,87.10
5779.33,87.09
5780.00,87.09
5780.67,87.08
5781.33,87.08
5782.00,87.08
5782.67,87.07
5783.33,87.07
5784.00,87.07
5784.67,87.06
5785.33,87.06
5786.00,87.05
5786.67,87.05
5787.33,87.05
5788.00,87.04
5788.67,87.04
5789.33,87.04
5790.00,87.03
5790.67,87.03
5791.33,87.03
5792.00,87.02
5792.67,87.02
5793.33,87.02
5794.00,87.01
5794.67,87.01
5795.33,87.01
5796.00,87.00
5796.67,87.00
5797.33,86.99
5798.00,86.99
5798.67,86.99
5799.33,86.98
5800.00,86.98
5800.67,86.98
5801.33,86.97
5802.00,86.97
5802.67,86.97
5803.33,86.97
5804.00,86.96
5804.67,86.96
5805.33,86.96
5806.00,86.95
5806.67,86.95
5807.33,86.95
5808.00,86.94
5808.67,86.94
5809.33,86.94
5810.00,86.93
5810.67,86.93
5811.33,86.92
5812.00,86.92
5812.67,86.92
5813.33,86.91
5814.00,86.91
5814.67,86.91
5815.33,86.90
5816.00,86.90
5816.67,86.90
5817.33,86.89
5818.00,86.89
5818.67,86.88
5819.33,86.88
5820.00,86.88
5820.67,86.87
5821.33,86.87
5822.00,86.87
5822.67,86.86
5823.33,86.86
5824.00,86.86
5824.67,86.86
5825.33,86.85
5826.00,86.85
5826.67,86.84
5827.33,86.84
5828.00,86.84
5828.67,86.83
5829.33,86.83
5830.00,86.83
5830.67,86.83
5831.33,86.82
5832.00,86.82
5832.67,86.82
5833.33,86.81
5834.00,86.81
5834.67,86.81
5835.33,86.80
5836.00,86.80
5836.67,86.79
5837.33,86.79
5838.00,86.78
5838.67,86.78
5839.33,86.77
5840.00,86.77
5840.67,86.76
5841.33,86.76
5842.00,86.76
5842.67,86.75
5843.33,86.75
5844.00,86.75
5844.67,86.74
5845.33,86.74
5846.00,86.74
5846.67,86.73
5847.33,86.73
5848.00,86.72
5848.67,86.72
5849.33,86.72
5850.00,86.71
5850.67,86.71
5851.33,86.71
5852.00,86.70
5852.67,86.70
5853.33,86.70
5854.00,86.69
5854.67,86.69
5855.33,86.69
5856.00,86.68
5856.67,86.68
5857.33,86.68
5858.00,86.67
5858.67,86.67
5859.33,86.67
5860.00,86.66
5860.67,86.66
5861.33,86.66
5862.00,86.65
5862.67,86.65
5863.33,86.64
5864.00,86.64
5864.67,86.64
5865.33,86.63
5866.00,86.63
5866.67,86.63
5867.33,86.62
5868.00,86.62
5868.67,86.62
5869.33,86.61
5870.00,86.61
5870.67,86.60
5871.33,86.60
5872.00,86.59
5872.67,86.59
5873.33,86.58
5874.00,86.58
5874.67,86.57
5875.33,86.57
5876.00,86.57
5876.67,86.56
5877.33,86.56
5878.00,86.56
5878.67,86.55
5879.33,86.55
5880.00,86.55
5880.67,86.55
5881.33,86.54
5882.00,86.54
5882.67,86.54
5883.33,86.54
5884.00,86.53
5884.67,86.53
5885.33,86.52
5886.00,86.52
5886.67,86.52
5887.33,86.51
5888.00,86.51
5888.67,86.50
5889.33,86.50
5890.00,86.50
5890.67,86.49
5891.33,86.49
5892.00,86.48
5892.67,86.48
5893.33,86.48
5894.00,86.48
5894.67,86.47
5895.33,86.47
5896.00,86.47
5896.67,86.46
5897.33,86.46
5898.00,86.45
5898.67,86.45
5899.33,86.44
5900.00,86.44
5900.67,86.43
5901.33,86.43
5902.00,86.43
5902.67,86.42
5903.33,86.42
5904.00,86.41
5904.67,86.41
5905.33,86.41
5906.00,86.40
5906.67,86.40
5907.33,86.40
5908.00,86.39
5908.67,86.39
5909.33,86.39
5910.00,86.38
5910.67,86.38
5911.33,86.37
5912.00,86.37
5912.67,86.37
5913.33,86.36
5914.00,86.36
5914.67,86.36
5915.33,86.35
5916.00,86.35
5916.67,86.35
5917.33,86.34
5918.00,86.34
5918.67,86.34
5919.33,86.34
5920.00,86.33
5920.67,86.33
5921.33,86.33
5922.00,86.32
5922.67,86.32
5923.33,86.31
5924.00,86.31
5924.67,86.31
5925.33,86.30
5926.00,86.30
5926.67,86.30
5927.33,86.29
5928.00,86.29
5928.67,86.28
5929.33,86.28
5930.00,86.28
5930.67,86.27
5931.33,86.27
5932.00,86.26
5932.67,86.26
5933.33,86.26
5934.00,86.25
5934.67,86.25
5935.33,86.25
5936.00,86.24
5936.67,86.24
5937.33,86.24
5938.00,86.23
5938.67,86.23
5939.33,86.23
5940.00,86.22
5940.67,86.22
5941.33,86.21
5942.00,86.21
5942.67,86.21
5943.33,86.20
5944.00,86.20
5944.67,86.19
5945.33,86.19
5946.00,86.18
5946.67,86.18
5947.33,86.18
5948.00,86.17
5948.67,86.17
5949.33,86.17
5950.00,86.17
5950.67,86.16
5951.33,86.16
5952.00,86.16
5952.67,86.15
5953.33,86.15
5954.00,86.15
5954.67,86.14
5955.33,86.14
5956.00,86.13
5956.67,86.13
5957.33,86.13
5958.00,86.12
5958.67,86.12
5959.33,86.12
5960.00,86.11
5960.67,86.11
5961.33,86.11
5962.00,86.10
5962.67,86.10
5963.33,86.09
5964.00,86.09
5964.67,86.09
5965.33,86.08
5966.00,86.08
5966.67,86.07
5967.33,86.07
5968.00,86.07
5968.67,86.06
5969.33,86.06
5970.00,86.05
5970.67,86.05
5971.33,86.05
5972.00,86.04
5972.67,86.04
5973.33,86.04
5974.00,86.03
5974.67,86.03
5975.33,86.03
5976.00,86.02
5976.67,86.02
5977.33,86.02
5978.00,86.01
5978.67,86.01
5979.33,86.01
5980.00,86.00
5980.67,86.00
5981.33,85.99
5982.00,85.99
5982.67,85.99
5983.33,85.98
5984.00,85.98
5984.67,85.97
5985.33,85.97
5986.00,85.97
5986.67,85.96
5987.33,85.96
5988.00,85.95
5988.67,85.95
5989.33,85.95
5990.00,85.95
5990.67,85.94
5991.33,85.94
5992.00,85.94
5992.67,85.93
5993.33,85.93
5994.00,85.93
5994.67,85.92
5995.33,85.92
5996.00,85.91
5996.67,85.91
5997.33,85.91
5998.00,85.90
5998.67,85.90
5999.33,85.89
6000.00,85.89
6000.67,85.89
6001.33,85.88
6002.00,85.88
6002.67,85.87
6003.33,85.87
6004.00,85.87
6004.67,85.86
6005.33,85.86
6006.00,85.86
6006.67,85.85
6007.33,85.85
6008.00,85.84
6008.67,85.84
6009.33,85.83
6010.00,85.83
6010.67,85.83
6011.33,85.82
6012.00,85.82
6012.67,85.82
6013.33,85.81
6014.00,85.81
6014.67,85.81
6015.33,85.80
6016.00,85.80
6016.67,85.80
6017.33,85.79
6018.00,85.79
6018.67,85.78
6019.33,85.78
6020.00,85.78
6020.67,85.77
6021.33,85.77
6022.00,85.76
6022.67,85.76
6023.33,85.76
6024.00,85.75
6024.67,85.75
6025.33,85.74
6026.00,85.74
6026.67,85.74
6027.33,85.73
6028.00,85.73
6028.67,85.73
6029.33,85.72
6030.00,85.72
6030.67,85.72
6031.33,85.71
6032.00,85.71
6032.67,85.71
6033.33,85.70
6034.00,85.70
6034.67,85.70
6035.33,85.69
6036.00,85.69
6036.67,85.69
6037.33,85.68
6038.00,85.68
6038.67,85.68
6039.33,85.67
6040.00,85.67
6040.67,85.66
6041.33,85.66
6042.00,85.66
6042.67,85.65
6043.33,85.65
6044.00,85.64
6044.67,85.64
6045.33,85.63
6046.00,85.63
6046.67,85.63
6047.33,85.62
6048.00,85.62
6048.67,85.62
6049.33,85.61
6050.00,85.61
6050.67,85.61
6051.33,85.60
6052.00,85.60
6052.67,85.60
6053.33,85.59
6054.00,85.59
6054.67,85.59
6055.33,85.58
6056.00,85.58
6056.67,85.58
6057.33,85.57
6058.00,85.57
6058.67,85.57
6059.33,85.56
6060.00,85.56
6060.67,85.56
6061.33,85.55
6062.00,85.55
6062.67,85.55
6063.33,85.54
6064.00,85.54
6064.67,85.53
6065.33,85.53
6066.00,85.52
6066.67,85.52
6067.33,85.51
6068.00,85.50
6068.67,85.50
6069.33,85.49
6070.00,85.49
6070.67,85.49
6071.33,85.48
6072.00,85.48
6072.67,85.48
6073.33,85.48
6074.00,85.48
6074.67,85.48
6075.33,85.47
6076.00,85.47
6076.67,85.47
6077.33,85.47
6078.00,85.46
6078.67,85.46
6079.33,85.45
6080.00,85.45
6080.67,85.44
6081.33,85.44
6082.00,85.44
6082.67,85.43
6083.33,85.43
6084.00,85.43
6084.67,85.42
6085.33,85.42
6086.00,85.42
6086.67,85.42
6087.33,85.42
6088.00,85.41
6088.67,85.41
6089.33,85.41
6090.00,85.40
6090.67,85.40
6091.33,85.39
6092.00,85.39
6092.67,85.38
6093.33,85.38
6094.00,85.38
6094.67,85.37
6095.33,85.37
6096.00,85.37
6096.67,85.36
6097.33,85.36
6098.00,85.36
6098.67,85.35
6099.33,85.35
6100.00,85.35
6100.67,85.34
6101.33,85.34
6102.00,85.33
6102.67,85.33
6103.33,85.32
6104.00,85.32
6104.67,85.32
6105.33,85.31
6106.00,85.31
6106.67,85.31
6107.33,85.30
6108.00,85.30
6108.67,85.30
6109.33,85.30
6110.00,85.29
6110.67,85.29
6111.33,85.29
6112.00,85.28
6112.67,85.28
6113.33,85.27
6114.00,85.27
6114.67,85.27
6115.33,85.26
6116.00,85.26
6116.67,85.25
6117.33,85.25
6118.00,85.24
6118.67,85.24
6119.33,85.24
6120.00,85.23
6120.67,85.23
6121.33,85.23
6122.00,85.22
6122.67,85.22
6123.33,85.22
6124.00,85.21
6124.67,85.21
6125.33,85.21
6126.00,85.20
6126.67,85.20
6127.33,85.20
6128.00,85.19
6128.67,85.19
6129.33,85.19
6130.00,85.18
6130.67,85.18
6131.33,85.18
6132.00,85.17
6132.67,85.17
6133.33,85.16
6134.00,85.16
6134.67,85.16
6135.33,85.15
6136.00,85.15
6136.67,85.15
6137.33,85.14
6138.00,85.14
6138.67,85.14
6139.33,85.13
6140.00,85.13
6140.67,85.13
6141.33,85.12
6142.00,85.12
6142.67,85.12
6143.33,85.12
6144.00,85.11
6144.67,85.11
6145.33,85.11
6146.00,85.10
6146.67,85.10
6147.33,85.09
6148.00,85.09
6148.67,85.08
6149.33,85.08
6150.00,85.08
6150.67,85.07
6151.33,85.07
6152.00,85.06
6152.67,85.06
6153.33,85.06
6154.00,85.05
6154.67,85.05
6155.33,85.05
6156.00,85.05
6156.67,85.04
6157.33,85.04
6158.00,85.04
6158.67,85.04
6159.33,85.03
6160.00,85.03
6160.67,85.03
6161.33,85.02
6162.00,85.02
6162.67,85.02
6163.33,85.01
6164.00,85.01
6164.67,85.00
6165.33,85.00
6166.00,84.99
6166.67,84.99
6167.33,84.98
6168.00,84.98
6168.67,84.98
6169.33,84.97
6170.00,84.97
6170.67,84.97
6171.33,84.96
6172.00,84.96
6172.67,84.96
6173.33,84.95
6174.00,84.95
6174.67,84.95
6175.33,84.94
6176.00,84.94
6176.67,84.94
6177.33,84.93
6178.00,84.93
6178.67,84.92
6179.33,84.92
6180.00,84.92
6180.67,84.91
6181.33,84.91
6182.00,84.91
6182.67,84.90
6183.33,84.90
6184.00,84.90
6184.67,84.89
6185.33,84.89
6186.00,84.89
6186.67,84.88
6187.33,84.88
6188.00,84.88
6188.67,84.87
6189.33,84.87
6190.00,84.86
6190.67,84.86
6191.33,84.86
6192.00,84.85
6192.67,84.85
6193.33,84.85
6194.00,84.84
6194.67,84.84
6195.33,84.83
6196.00,84.83
6196.67,84.83
6197.33,84.82
6198.00,84.82
6198.67,84.82
6199.33,84.81
6200.00,84.81
6200.67,84.81
6201.33,84.80
6202.00,84.80
6202.67,84.80
6203.33,84.79
6204.00,84.79
6204.67,84.79
6205.33,84.78
6206.00,84.78
6206.67,84.77
6207.33,84.77
6208.00,84.77
6208.67,84.76
6209.33,84.76
6210.00,84.75
6210.67,84.75
6211.33,84.75
6212.00,84.75
6212.67,84.74
6213.33,84.74
6214.00,84.74
6214.67,84.73
6215.33,84.73
6216.00,84.73
6216.67,84.72
6217.33,84.72
6218.00,84.72
6218.67,84.71
6219.33,84.71
6220.00,84.70
6220.67,84.70
6221.33,84.69
6222.00,84.69
6222.67,84.69
6223.33,84.69
6224.00,84.68
6224.67,84.68
6225.33,84.68
6226.00,84.67
6226.67,84.67
6227.33,84.67
6228.00,84.67
6228.67,84.66
6229.33,84.66
6230.00,84.65
6230.67,84.65
6231.33,84.65
6232.00,84.64
6232.67,84.64
6233.33,84.63
6234.00,84.63
6234.67,84.63
6235.33,84.62
6236.00,84.62
6236.67,84.62
6237.33,84.62
6238.00,84.61
6238.67,84.61
6239.33,84.61
6240.00,84.61
6240.67,84.60
6241.33,84.60
6242.00,84.60
6242.67,84.59
6243.33,84.59
6244.00,84.59
6244.67,84.59
6245.33,84.58
6246.00,84.58
6246.67,84.58
6247.33,84.57
6248.00,84.57
6248.67,84.57
6249.33,84.57
6250.00,84.56
6250.67,84.56
6251.33,84.56
6252.00,84.56
6252.67,84.55
6253.33,84.55
6254.00,84.55
6254.67,84.55
6255.33,84.54
6256.00,84.54
6256.67,84.54
6257.33,84.53
6258.00,84.53
6258.67,84.53
6259.33,84.52
6260.00,84.52
6260.67,84.51
6261.33,84.51
6262.00,84.51
6262.67,84.50
6263.33,84.50
6264.00,84.50
6264.67,84.49
6265.33,84.49
6266.00,84.49
6266.67,84.49
6267.33,84.48
6268.00,84.48
6268.67,84.48
6269.33,84.48
6270.00,84.48
6270.67,84.47
6271.33,84.47
6272.00,84.47
6272.67,84.46
6273.33,84.46
6274.00,84.46
6274.67,84.46
6275.33,84.45
6276.00,84.45
6276.67,84.45
6277.33,84.45
6278.00,84.44
6278.67,84.44
6279.33,84.44
6280.00,84.43
6280.67,84.43
6281.33,84.43
6282.00,84.42
6282.67,84.42
6283.33,84.42
6284.00,84.41
6284.67,84.41
6285.33,84.41
6286.00,84.40
6286.67,84.40
6287.33,84.39
6288.00,84.39
6288.67,84.39
6289.33,84.38
6290.00,84.38
6290.67,84.38
6291.33,84.37
6292.00,84.37
6292.67,84.37
6293.33,84.36
6294.00,84.36
6294.67,84.36
6295.33,84.36
6296.00,84.35
6296.67,84.35
6297.33,84.35
6298.00,84.35
6298.67,84.34
6299.33,84.34
6300.00,84.34
6300.67,84.33
6301.33,84.33
6302.00,84.33
6302.67,84.32
6303.33,84.32
6304.00,84.32
6304.67,84.32
6305.33,84.31
6306.00,84.31
6306.67,84.31
6307.33,84.31
6308.00,84.30
6308.67,84.30
6309.33,84.30
6310.00,84.30
6310.67,84.30
6311.33,84.29
6312.00,84.29
6312.67,84.29
6313.33,84.28
6314.00,84.28
6314.67,84.28
6315.33,84.27
6316.00,84.27
6316.67,84.27
6317.33,84.27
6318.00,84.26
6318.67,84.26
6319.33,84.26
6320.00,84.25
6320.67,84.25
6321.33,84.25
6322.00,84.25
6322.67,84.24
6323.33,84.24
6324.00,84.24
6324.67,84.24
6325.33,84.23
6326.00,84.23
6326.67,84.23
6327.33,84.23
6328.00,84.23
6328.67,84.22
6329.33,84.22
6330.00,84.22
6330.67,84.22
6331.33,84.21
6332.00,84.21
6332.67,84.21
6333.33,84.20
6334.00,84.20
6334.67,84.20
6335.33,84.20
6336.00,84.19
6336.67,84.19
6337.33,84.19
6338.00,84.19
6338.67,84.19
6339.33,84.19
6340.00,84.19
6340.67,84.18
6341.33,84.18
6342.00,84.18
6342.67,84.17
6343.33,84.17
6344.00,84.17
6344.67,84.16
6345.33,84.16
6346.00,84.15
6346.67,84.15
6347.33,84.15
6348.00,84.14
6348.67,84.14
6349.33,84.14
6350.00,84.14
6350.67,84.14
6351.33,84.13
6352.00,84.13
6352.67,84.13
6353.33,84.13
6354.00,84.13
6354.67,84.13
6355.33,84.13
6356.00,84.12
6356.67,84.12
6357.33,84.12
6358.00,84.11
6358.67,84.11
6359.33,84.11
6360.00,84.10
6360.67,84.10
6361.33,84.09
6362.00,84.09
6362.67,84.09
6363.33,84.08
6364.00,84.08
6364.67,84.08
6365.33,84.08
6366.00,84.07
6366.67,84.07
6367.33,84.07
6368.00,84.07
6368.67,84.07
6369.33,84.06
6370.00,84.06
6370.67,84.06
6371.33,84.06
6372.00,84.06
6372.67,84.05
6373.33,84.05
6374.00,84.05
6374.67,84.04
6375.33,84.04
6376.00,84.04
6376.67,84.04
6377.33,84.04
6378.00,84.03
6378.67,84.03
6379.33,84.03
6380.00,84.03
6380.67,84.03
6381.33,84.03
6382.00,84.03
6382.67,84.02
6383.33,84.02
6384.00,84.02
6384.67,84.01
6385.33,84.01
6386.00,84.00
6386.67,84.00
6387.33,84.00
6388.00,83.99
6388.67,83.99
6389.33,83.99
6390.00,83.99
6390.67,83.98
6391.33,83.98
6392.00,83.98
6392.67,83.98
6393.33,83.98
6394.00,83.98
6394.67,83.98
6395.33,83.97
6396.00,83.97
6396.67,83.97
6397.33,83.96
6398.00,83.96
6398.67,83.96
6399.33,83.95
6400.00,83.95
6400.67,83.95
6401.33,83.94
6402.00,83.94
6402.67,83.94
6403.33,83.94
6404.00,83.93
6404.67,83.93
6405.33,83.93
6406.00,83.93
6406.67,83.92
6407.33,83.92
6408.00,83.92
6408.67,83.92
6409.33,83.91
6410.00,83.91
6410.67,83.91
6411.33,83.91
6412.00,83.91
6412.67,83.90
6413.33,83.90
6414.00,83.90
6414.67,83.90
6415.33,83.90
6416.00,83.90
6416.67,83.89
6417.33,83.89
6418.00,83.89
6418.67,83.89
6419.33,83.88
6420.00,83.88
6420.67,83.88
6421.33,83.87
6422.00,83.87
6422.67,83.87
6423.33,83.87
6424.00,83.86
6424.67,83.86
6425.33,83.86
6426.00,83.86
6426.67,83.85
6427.33,83.85
6428.00,83.85
6428.67,83.85
6429.33,83.84
6430.00,83.84
6430.67,83.84
6431.33,83.84
6432.00,83.83
6432.67,83.83
6433.33,83.83
6434.00,83.83
6434.67,83.83
6435.33,83.83
6436.00,83.82
6436.67,83.82
6437.33,83.82
6438.00,83.82
6438.67,83.81
6439.33,83.81
6440.00,83.81
6440.67,83.80
6441.33,83.80
6442.00,83.80
6442.67,83.79
6443.33,83.79
6444.00,83.79
6444.67,83.79
6445.33,83.79
6446.00,83.78
6446.67,83.78
6447.33,83.78
6448.00,83.78
6448.67,83.78
6449.33,83.78
6450.00,83.77
6450.67,83.77
6451.33,83.77
6452.00,83.77
6452.67,83.76
6453.33,83.76
6454.00,83.76
6454.67,83.76
6455.33,83.76
6456.00,83.75
6456.67,83.75
6457.33,83.75
6458.00,83.74
6458.67,83.74
6459.33,83.74
6460.00,83.73
6460.67,83.73
6461.33,83.73
6462.00,83.72
6462.67,83.72
6463.33,83.72
6464.00,83.72
6464.67,83.71
6465.33,83.71
6466.00,83.71
6466.67,83.71
6467.33,83.71
6468.00,83.71
6468.67,83.71
6469.33,83.71
6470.00,83.70
6470.67,83.70
6471.33,83.70
6472.00,83.70
6472.67,83.70
6473.33,83.69
6474.00,83.69
6474.67,83.69
6475.33,83.69
6476.00,83.69
6476.67,83.69
6477.33,83.68
6478.00,83.68
6478.67,83.68
6479.33,83.68
6480.00,83.68
6480.67,83.68
6481.33,83.67
6482.00,83.67
6482.67,83.67
6483.33,83.66
6484.00,83.66
6484.67,83.66
6485.33,83.66
6486.00,83.66
6486.67,83.66
6487.33,83.65
6488.00,83.65
6488.67,83.65
6489.33,83.65
6490.00,83.65
6490.67,83.65
6491.33,83.65
6492.00,83.65
6492.67,83.64
6493.33,83.64
6494.00,83.64
6494.67,83.64
6495.33,83.63
6496.00,83.63
6496.67,83.63
6497.33,83.63
6498.00,83.63
6498.67,83.62
6499.33,83.62
6500.00,83.62
6500.67,83.62
6501.33,83.62
6502.00,83.61
6502.67,83.61
6503.33,83.61
6504.00,83.61
6504.67,83.60
6505.33,83.60
6506.00,83.60
6506.67,83.60
6507.33,83.60
6508.00,83.60
6508.67,83.60
6509.33,83.60
6510.00,83.60
6510.67,83.60
6511.33,83.59
6512.00,83.59
6512.67,83.59
6513.33,83.59
6514.00,83.59
6514.67,83.58
6515.33,83.58
6516.00,83.58
6516.67,83.57
6517.33,83.57
6518.00,83.57
6518.67,83.57
6519.33,83.57
6520.00,83.57
6520.67,83.56
6521.33,83.56
6522.00,83.56
6522.67,83.56
6523.33,83.56
6524.00,83.56
6524.67,83.55
6525.33,83.55
6526.00,83.55
6526.67,83.54
6527.33,83.54
6528.00,83.54
6528.67,83.54
6529.33,83.54
6530.00,83.53
6530.67,83.53
6531.33,83.53
6532.00,83.53
6532.67,83.53
6533.33,83.53
6534.00,83.53
6534.67,83.53
6535.33,83.52
6536.00,83.52
6536.67,83.52
6537.33,83.52
6538.00,83.52
6538.67,83.51
6539.33,83.51
6540.00,83.51
6540.67,83.51
6541.33,83.50
6542.00,83.50
6542.67,83.50
6543.33,83.50
6544.00,83.50
6544.67,83.50
6545.33,83.50
6546.00,83.50
6546.67,83.49
6547.33,83.49
6548.00,83.49
6548.67,83.49
6549.33,83.49
6550.00,83.48
6550.67,83.48
6551.33,83.48
6552.00,83.48
6552.67,83.48
6553.33,83.48
6554.00,83.48
6554.67,83.47
6555.33,83.47
6556.00,83.47
6556.67,83.47
6557.33,83.47
6558.00,83.47
6558.67,83.47
6559.33,83.47
6560.00,83.47
6560.67,83.47
6561.33,83.47
6562.00,83.46
6562.67,83.46
6563.33,83.46
6564.00,83.46
6564.67,83.46
6565.33,83.46
6566.00,83.45
6566.67,83.45
6567.33,83.45
6568.00,83.45
6568.67,83.44
6569.33,83.44
6570.00,83.44
6570.67,83.44
6571.33,83.44
6572.00,83.43
6572.67,83.43
6573.33,83.43
6574.00,83.43
6574.67,83.43
6575.33,83.43
6576.00,83.43
6576.67,83.43
6577.33,83.42
6578.00,83.42
6578.67,83.42
6579.33,83.42
6580.00,83.42
6580.67,83.42
6581.33,83.41
6582.00,83.41
6582.67,83.41
6583.33,83.41
6584.00,83.41
6584.67,83.40
6585.33,83.40
6586.00,83.40
6586.67,83.40
6587.33,83.40
6588.00,83.41
6588.67,83.41
6589.33,83.41
6590.00,83.41
6590.67,83.41
6591.33,83.41
6592.00,83.40
6592.67,83.40
6593.33,83.40
6594.00,83.40
6594.67,83.39
6595.33,83.39
6596.00,83.39
6596.67,83.39
6597.33,83.38
6598.00,83.38
6598.67,83.38
6599.33,83.38
6600.00,83.37
6600.67,83.37
6601.33,83.37
6602.00,83.37
6602.67,83.37
6603.33,83.37
6604.00,83.37
6604.67,83.37
6605.33,83.37
6606.00,83.37
6606.67,83.37
6607.33,83.37
6608.00,83.37
6608.67,83.37
6609.33,83.37
6610.00,83.36
6610.67,83.36
6611.33,83.36
6612.00,83.36
6612.67,83.36
6613.33,83.35
6614.00,83.35
6614.67,83.35
6615.33,83.35
6616.00,83.35
6616.67,83.35
6617.33,83.35
6618.00,83.35
6618.67,83.35
6619.33,83.34
6620.00,83.34
6620.67,83.34
6621.33,83.34
6622.00,83.34
6622.67,83.34
6623.33,83.34
6624.00,83.34
6624.67,83.34
6625.33,83.34
6626.00,83.34
6626.67,83.34
6627.33,83.33
6628.00,83.33
6628.67,83.33
6629.33,83.33
6630.00,83.33
6630.67,83.33
6631.33,83.33
6632.00,83.33
6632.67,83.33
6633.33,83.33
6634.00,83.32
6634.67,83.32
6635.33,83.32
6636.00,83.32
6636.67,83.32
6637.33,83.31
6638.00,83.31
6638.67,83.31
6639.33,83.31
6640.00,83.31
6640.67,83.31
6641.33,83.31
6642.00,83.31
6642.67,83.31
6643.33,83.31
6644.00,83.31
6644.67,83.31
6645.33,83.30
6646.00,83.30
6646.67,83.30
6647.33,83.30
6648.00,83.30
6648.67,83.29
6649.33,83.29
6650.00,83.29
6650.67,83.29
6651.33,83.29
6652.00,83.30
6652.67,83.30
6653.33,83.30
6654.00,83.30
6654.67,83.30
6655.33,83.30
6656.00,83.30
6656.67,83.30
6657.33,83.29
6658.00,83.29
6658.67,83.29
6659.33,83.29
6660.00,83.28
6660.67,83.28
6661.33,83.28
6662.00,83.28
6662.67,83.28
6663.33,83.28
6664.00,83.28
6664.67,83.28
6665.33,83.28
6666.00,83.28
6666.67,83.28
6667.33,83.28
6668.00,83.28
6668.67,83.28
6669.33,83.28
6670.00,83.28
6670.67,83.28
6671.33,83.28
6672.00,83.28
6672.67,83.28
6673.33,83.27
6674.00,83.27
6674.67,83.27
6675.33,83.27
6676.00,83.27
6676.67,83.27
6677.33,83.27
6678.00,83.27
6678.67,83.27
6679.33,83.27
6680.00,83.27
6680.67,83.26
6681.33,83.26
6682.00,83.26
6682.67,83.26
6683.33,83.26
6684.00,83.26
6684.67,83.26
6685.33,83.26
6686.00,83.26
6686.67,83.26
6687.33,83.26
6688.00,83.26
6688.67,83.26
6689.33,83.26
6690.00,83.26
6690.67,83.26
6691.33,83.26
6692.00,83.26
6692.67,83.26
6693.33,83.26
6694.00,83.26
6694.67,83.26
6695.33,83.26
6696.00,83.26
6696.67,83.26
6697.33,83.26
6698.00,83.26
6698.67,83.26
6699.33,83.26
6700.00,83.26
6700.67,83.26
6701.33,83.26
6702.00,83.26
6702.67,83.26
6703.33,83.26
6704.00,83.26
6704.67,83.26
6705.33,83.26
6706.00,83.26
6706.67,83.26
6707.33,83.26
6708.00,83.26
6708.67,83.25
6709.33,83.25
6710.00,83.25
6710.67,83.25
6711.33,83.25
6712.00,83.25
6712.67,83.25
6713.33,83.25
6714.00,83.25
6714.67,83.25
6715.33,83.26
6716.00,83.26
6716.67,83.26
6717.33,83.26
6718.00,83.26
6718.67,83.26
6719.33,83.26
6720.00,83.26
6720.67,83.26
6721.33,83.26
6722.00,83.26
6722.67,83.26
6723.33,83.26
6724.00,83.25
6724.67,83.25
6725.33,83.25
6726.00,83.25
6726.67,83.25
6727.33,83.25
6728.00,83.25
6728.67,83.25
6729.33,83.25
6730.00,83.25
6730.67,83.25
6731.33,83.25
6732.00,83.25
6732.67,83.25
6733.33,83.25
6734.00,83.25
6734.67,83.25
6735.33,83.25
6736.00,83.25
6736.67,83.25
6737.33,83.25
6738.00,83.25
6738.67,83.25
6739.33,83.26
6740.00,83.26
6740.67,83.26
6741.33,83.26
6742.00,83.26
6742.67,83.26
6743.33,83.26
6744.00,83.26
6744.67,83.26
6745.33,83.26
6746.00,83.26
6746.67,83.26
6747.33,83.26
6748.00,83.26
6748.67,83.26
6749.33,83.26
6750.00,83.26
6750.67,83.26
6751.33,83.26
6752.00,83.26
6752.67,83.26
6753.33,83.27
6754.00,83.27
6754.67,83.27
6755.33,83.27
6756.00,83.27
6756.67,83.27
6757.33,83.27
6758.00,83.27
6758.67,83.27
6759.33,83.27
6760.00,83.27
6760.67,83.27
6761.33,83.27
6762.00,83.27
6762.67,83.27
6763.33,83.27
6764.00,83.27
6764.67,83.27
6765.33,83.27
6766.00,83.27
6766.67,83.27
6767.33,83.27
6768.00,83.27
6768.67,83.27
6769.33,83.27
6770.00,83.27
6770.67,83.27
6771.33,83.27
6772.00,83.27
6772.67,83.27
6773.33,83.27
6774.00,83.27
6774.67,83.27
6775.33,83.27
6776.00,83.28
6776.67,83.28
6777.33,83.28
6778.00,83.28
6778.67,83.28
6779.33,83.28
6780.00,83.28
6780.67,83.28
6781.33,83.28
6782.00,83.28
6782.67,83.28
6783.33,83.28
6784.00,83.29
6784.67,83.29
6785.33,83.29
6786.00,83.29
6786.67,83.29
6787.33,83.29
6788.00,83.29
6788.67,83.29
6789.33,83.29
6790.00,83.29
6790.67,83.30
6791.33,83.30
6792.00,83.30
6792.67,83.30
6793.33,83.30
6794.00,83.30
6794.67,83.29
6795.33,83.29
6796.00,83.30
6796.67,83.30
6797.33,83.30
6798.00,83.30
6798.67,83.30
6799.33,83.30
6800.00,83.30
6800.67,83.30
6801.33,83.30
6802.00,83.31
6802.67,83.31
6803.33,83.31
6804.00,83.31
6804.67,83.31
6805.33,83.31
6806.00,83.31
6806.67,83.31
6807.33,83.31
6808.00,83.32
6808.67,83.32
6809.33,83.32
6810.00,83.32
6810.67,83.32
6811.33,83.33
6812.00,83.33
6812.67,83.33
6813.33,83.33
6814.00,83.33
6814.67,83.33
6815.33,83.33
6816.00,83.33
6816.67,83.33
6817.33,83.33
6818.00,83.33
6818.67,83.33
6819.33,83.33
6820.00,83.33
6820.67,83.33
6821.33,83.34
6822.00,83.34
6822.67,83.34
6823.33,83.34
6824.00,83.34
6824.67,83.35
6825.33,83.35
6826.00,83.35
6826.67,83.35
6827.33,83.35
6828.00,83.35
6828.67,83.35
6829.33,83.35
6830.00,83.35
6830.67,83.36
6831.33,83.36
6832.00,83.36
6832.67,83.36
6833.33,83.36
6834.00,83.37
6834.67,83.37
6835.33,83.37
6836.00,83.37
6836.67,83.38
6837.33,83.38
6838.00,83.38
6838.67,83.38
6839.33,83.38
6840.00,83.38
6840.67,83.38
6841.33,83.38
6842.00,83.38
6842.67,83.38
6843.33,83.38
6844.00,83.38
6844.67,83.38
6845.33,83.39
6846.00,83.39
6846.67,83.39
6847.33,83.40
6848.00,83.40
6848.67,83.41
6849.33,83.41
6850.00,83.41
6850.67,83.42
6851.33,83.42
6852.00,83.42
6852.67,83.42
6853.33,83.42
6854.00,83.43
6854.67,83.43
6855.33,83.43
6856.00,83.43
6856.67,83.43
6857.33,83.43
6858.00,83.43
6858.67,83.43
6859.33,83.43
6860.00,83.43
6860.67,83.44
6861.33,83.44
6862.00,83.44
6862.67,83.44
6863.33,83.44
6864.00,83.44
6864.67,83.44
6865.33,83.45
6866.00,83.45
6866.67,83.45
6867.33,83.45
6868.00,83.45
6868.67,83.46
6869.33,83.46
6870.00,83.46
6870.67,83.46
6871.33,83.47
6872.00,83.47
6872.67,83.47
6873.33,83.47
6874.00,83.47
6874.67,83.47
6875.33,83.48
6876.00,83.48
6876.67,83.48
6877.33,83.48
6878.00,83.48
6878.67,83.49
6879.33,83.49
6880.00,83.49
6880.67,83.50
6881.33,83.50
6882.00,83.50
6882.67,83.50
6883.33,83.51
6884.00,83.51
6884.67,83.51
6885.33,83.51
6886.00,83.51
6886.67,83.51
6887.33,83.51
6888.00,83.51
6888.67,83.51
6889.33,83.51
6890.00,83.51
6890.67,83.51
6891.33,83.51
6892.00,83.51
6892.67,83.51
6893.33,83.51
6894.00,83.51
6894.67,83.52
6895.33,83.52
6896.00,83.52
6896.67,83.52
6897.33,83.52
6898.00,83.53
6898.67,83.53
6899.33,83.53
6900.00,83.53
6900.67,83.53
6901.33,83.53
6902.00,83.53
6902.67,83.53
6903.33,83.53
6904.00,83.53
6904.67,83.53
6905.33,83.53
6906.00,83.53
6906.67,83.53
6907.33,83.54
6908.00,83.54
6908.67,83.54
6909.33,83.54
6910.00,83.54
6910.67,83.54
6911.33,83.55
6912.00,83.55
6912.67,83.55
6913.33,83.55
6914.00,83.55
6914.67,83.55
6915.33,83.55
6916.00,83.55
6916.67,83.55
6917.33,83.54
6918.00,83.54
6918.67,83.54
6919.33,83.54
6920.00,83.54
6920.67,83.54
6921.33,83.54
6922.00,83.54
6922.67,83.54
6923.33,83.55
6924.00,83.55
6924.67,83.55
6925.33,83.55
6926.00,83.55
6926.67,83.55
6927.33,83.55
6928.00,83.54
6928.67,83.54
6929.33,83.54
6930.00,83.53
6930.67,83.53
6931.33,83.53
6932.00,83.52
6932.67,83.52
6933.33,83.52
6934.00,83.52
6934.67,83.52
6935.33,83.52
6936.00,83.52
6936.67,83.52
6937.33,83.52
6938.00,83.52
6938.67,83.52
6939.33,83.52
6940.00,83.52
6940.67,83.51
6941.33,83.51
6942.00,83.51
6942.67,83.51
6943.33,83.50
6944.00,83.50
6944.67,83.50
6945.33,83.50
6946.00,83.49
6946.67,83.49
6947.33,83.49
6948.00,83.49
6948.67,83.49
6949.33,83.48
6950.00,83.48
6950.67,83.48
6951.33,83.47
6952.00,83.47
6952.67,83.47
6953.33,83.46
6954.00,83.46
6954.67,83.46
6955.33,83.45
6956.00,83.45
6956.67,83.44
6957.33,83.44
6958.00,83.44
6958.67,83.44
6959.33,83.43
6960.00,83.43
6960.67,83.43
6961.33,83.42
6962.00,83.42
6962.67,83.42
6963.33,83.42
6964.00,83.41
6964.67,83.41
6965.33,83.40
6966.00,83.40
6966.67,83.40
6967.33,83.39
6968.00,83.39
6968.67,83.38
6969.33,83.38
6970.00,83.38
6970.67,83.37
6971.33,83.37
6972.00,83.37
6972.67,83.36
6973.33,83.36
6974.00,83.36
6974.67,83.35
6975.33,83.35
6976.00,83.34
6976.67,83.34
6977.33,83.34
6978.00,83.33
6978.67,83.33
6979.33,83.32
6980.00,83.32
6980.67,83.31
6981.33,83.31
6982.00,83.30
6982.67,83.30
6983.33,83.29
6984.00,83.29
6984.67,83.28
6985.33,83.28
6986.00,83.27
6986.67,83.27
6987.33,83.26
6988.00,83.26
6988.67,83.25
6989.33,83.25
6990.00,83.24
6990.67,83.24
6991.33,83.24
6992.00,83.23
6992.67,83.23
6993.33,83.22
6994.00,83.22
6994.67,83.22
6995.33,83.21
6996.00,83.21
6996.67,83.20
6997.33,83.20
6998.00,83.20
6998.67,83.19
6999.33,83.19
7000.00,83.19
7000.67,83.18
7001.33,83.18
7002.00,83.17
7002.67,83.17
7003.33,83.16
7004.00,83.16
7004.67,83.15
7005.33,83.15
7006.00,83.14
7006.67,83.14
7007.33,83.13
7008.00,83.13
7008.67,83.13
7009.33,83.12
7010.00,83.12
7010.67,83.11
7011.33,83.11
7012.00,83.11
7012.67,83.10
7013.33,83.10
7014.00,83.09
7014.67,83.09
7015.33,83.08
7016.00,83.08
7016.67,83.07
7017.33,83.07
7018.00,83.06
7018.67,83.06
7019.33,83.05
7020.00,83.05
7020.67,83.04
7021.33,83.04
7022.00,83.04
7022.67,83.03
7023.33,83.03
7024.00,83.03
7024.67,83.02
7025.33,83.02
7026.00,83.02
7026.67,83.01
7027.33,83.01
7028.00,83.00
7028.67,83.00
7029.33,82.99
7030.00,82.99
7030.67,82.98
7031.33,82.98
7032.00,82.97
7032.67,82.97
7033.33,82.96
7034.00,82.96
7034.67,82.95
7035.33,82.95
7036.00,82.95
7036.67,82.95
7037.33,82.94
7038.00,82.94
7038.67,82.94
7039.33,82.94
7040.00,82.93
7040.67,82.93
7041.33,82.93
7042.00,82.93
7042.67,82.92
7043.33,82.92
7044.00,82.92
7044.67,82.91
7045.33,82.91
7046.00,82.91
7046.67,82.90
7047.33,82.90
7048.00,82.90
7048.67,82.90
7049.33,82.89
7050.00,82.89
7050.67,82.89
7051.33,82.89
7052.00,82.89
7052.67,82.88
7053.33,82.88
7054.00,82.88
7054.67,82.87
7055.33,82.87
7056.00,82.87
7056.67,82.86
7057.33,82.86
7058.00,82.85
7058.67,82.85
7059.33,82.85
7060.00,82.84
7060.67,82.84
7061.33,82.84
7062.00,82.84
7062.67,82.83
7063.33,82.83
7064.00,82.83
7064.67,82.83
7065.33,82.83
7066.00,82.82
7066.67,82.82
7067.33,82.82
7068.00,82.81
7068.67,82.81
7069.33,82.81
7070.00,82.80
7070.67,82.80
7071.33,82.80
7072.00,82.79
7072.67,82.79
7073.33,82.79
7074.00,82.79
7074.67,82.78
7075.33,82.78
7076.00,82.78
7076.67,82.78
7077.33,82.78
7078.00,82.78
7078.67,82.78
7079.33,82.77
7080.00,82.77
7080.67,82.77
7081.33,82.77
7082.00,82.76
7082.67,82.76
7083.33,82.76
7084.00,82.76
7084.67,82.75
7085.33,82.75
7086.00,82.75
7086.67,82.75
7087.33,82.74
7088.00,82.74
7088.67,82.74
7089.33,82.74
7090.00,82.74
7090.67,82.74
7091.33,82.73
7092.00,82.73
7092.67,82.73
7093.33,82.73
7094.00,82.73
7094.67,82.72
7095.33,82.72
7096.00,82.72
7096.67,82.71
7097.33,82.71
7098.00,82.71
7098.67,82.71
7099.33,82.70
7100.00,82.70
7100.67,82.70
7101.33,82.70
7102.00,82.70
7102.67,82.70
7103.33,82.70
7104.00,82.70
7104.67,82.70
7105.33,82.69
7106.00,82.69
7106.67,82.69
7107.33,82.69
7108.00,82.69
7108.67,82.69
7109.33,82.69
7110.00,82.69
7110.67,82.68
7111.33,82.68
7112.00,82.68
7112.67,82.68
7113.33,82.68
7114.00,82.68
7114.67,82.67
7115.33,82.67
7116.00,82.67
7116.67,82.67
7117.33,82.67
7118.00,82.66
7118.67,82.66
7119.33,82.66
7120.00,82.66
7120.67,82.66
7121.33,82.66
7122.00,82.65
7122.67,82.65
7123.33,82.65
7124.00,82.65
7124.67,82.65
7125.33,82.65
7126.00,82.65
7126.67,82.64
7127.33,82.64
7128.00,82.64
7128.67,82.64
7129.33,82.64
7130.00,82.63
7130.67,82.63
7131.33,82.63
7132.00,82.63
7132.67,82.63
7133.33,82.63
7134.00,82.63
7134.67,82.63
7135.33,82.62
7136.00,82.62
7136.67,82.62
7137.33,82.62
7138.00,82.62
7138.67,82.62
7139.33,82.62
7140.00,82.62
7140.67,82.62
7141.33,82.62
7142.00,82.61
7142.67,82.61
7143.33,82.61
7144.00,82.61
7144.67,82.61
7145.33,82.61
7146.00,82.61
7146.67,82.60
7147.33,82.60
7148.00,82.60
7148.67,82.60
7149.33,82.60
7150.00,82.60
7150.67,82.59
7151.33,82.59
7152.00,82.59
7152.67,82.59
7153.33,82.59
7154.00,82.59
7154.67,82.59
7155.33,82.59
7156.00,82.59
7156.67,82.58
7157.33,82.58
7158.00,82.58
7158.67,82.58
7159.33,82.58
7160.00,82.58
7160.67,82.57
7161.33,82.57
7162.00,82.57
7162.67,82.57
7163.33,82.57
7164.00,82.57
7164.67,82.56
7165.33,82.56
7166.00,82.56
7166.67,82.56
7167.33,82.56
7168.00,82.56
7168.67,82.56
7169.33,82.56
7170.00,82.56
7170.67,82.56
7171.33,82.56
7172.00,82.55
7172.67,82.55
7173.33,82.55
7174.00,82.55
7174.67,82.55
7175.33,82.55
7176.00,82.55
7176.67,82.55
7177.33,82.54
7178.00,82.54
7178.67,82.54
7179.33,82.54
7180.00,82.54
7180.67,82.54
7181.33,82.54
7182.00,82.54
7182.67,82.54
7183.33,82.54
7184.00,82.54
7184.67,82.53
7185.33,82.53
7186.00,82.53
7186.67,82.53
7187.33,82.53
7188.00,82.53
7188.67,82.53
7189.33,82.52
7190.00,82.52
7190.67,82.52
7191.33,82.52
7192.00,82.52
7192.67,82.52
7193.33,82.51
7194.00,82.51
7194.67,82.51
7195.33,82.51
7196.00,82.51
7196.67,82.51
7197.33,82.51
7198.00,82.50
7198.67,82.50
7199.33,82.50
7200.00,82.50
7200.67,82.50
7201.33,82.50
7202.00,82.50
7202.67,82.50
7203.33,82.50
7204.00,82.50
7204.67,82.49
7205.33,82.49
7206.00,82.49
7206.67,82.49
7207.33,82.49
7208.00,82.49
7208.67,82.48
7209.33,82.48
7210.00,82.48
7210.67,82.48
7211.33,82.48
7212.00,82.47
7212.67,82.47
7213.33,82.47
7214.00,82.47
7214.67,82.47
7215.33,82.47
7216.00,82.47
7216.67,82.46
7217.33,82.46
7218.00,82.46
7218.67,82.46
7219.33,82.46
7220.00,82.46
7220.67,82.45
7221.33,82.45
7222.00,82.45
7222.67,82.45
7223.33,82.45
7224.00,82.45
7224.67,82.45
7225.33,82.45
7226.00,82.45
7226.67,82.45
7227.33,82.45
7228.00,82.45
7228.67,82.45
7229.33,82.44
7230.00,82.44
7230.67,82.44
7231.33,82.44
7232.00,82.43
7232.67,82.43
7233.33,82.43
7234.00,82.43
7234.67,82.43
7235.33,82.42
7236.00,82.42
7236.67,82.42
7237.33,82.42
7238.00,82.42
7238.67,82.42
7239.33,82.42
7240.00,82.42
7240.67,82.42
7241.33,82.42
7242.00,82.42
7242.67,82.41
7243.33,82.41
7244.00,82.41
7244.67,82.41
7245.33,82.40
7246.00,82.40
7246.67,82.40
7247.33,82.40
7248.00,82.40
7248.67,82.39
7249.33,82.39
7250.00,82.39
7250.67,82.39
7251.33,82.38
7252.00,82.38
7252.67,82.38
7253.33,82.38
7254.00,82.37
7254.67,82.37
7255.33,82.37
7256.00,82.37
7256.67,82.37
7257.33,82.36
7258.00,82.36
7258.67,82.36
7259.33,82.36
7260.00,82.36
7260.67,82.36
7261.33,82.36
7262.00,82.36
7262.67,82.36
7263.33,82.36
7264.00,82.36
7264.67,82.36
7265.33,82.36
7266.00,82.36
7266.67,82.35
7267.33,82.35
7268.00,82.35
7268.67,82.35
7269.33,82.35
7270.00,82.35
7270.67,82.35
7271.33,82.34
7272.00,82.34
7272.67,82.34
7273.33,82.34
7274.00,82.33
7274.67,82.33
7275.33,82.33
7276.00,82.33
7276.67,82.33
7277.33,82.32
7278.00,82.32
7278.67,82.32
7279.33,82.32
7280.00,82.32
7280.67,82.32
7281.33,82.32
7282.00,82.32
7282.67,82.32
7283.33,82.32
7284.00,82.32
7284.67,82.31
7285.33,82.31
7286.00,82.31
7286.67,82.31
7287.33,82.30
7288.00,82.30
7288.67,82.30
7289.33,82.30
7290.00,82.30
7290.67,82.30
7291.33,82.29
7292.00,82.29
7292.67,82.29
7293.33,82.29
7294.00,82.29
7294.67,82.29
7295.33,82.28
7296.00,82.28
7296.67,82.28
7297.33,82.28
7298.00,82.28
7298.67,82.27
7299.33,82.27
7300.00,82.27
7300.67,82.27
7301.33,82.27
7302.00,82.26
7302.67,82.26
7303.33,82.26
7304.00,82.26
7304.67,82.26
7305.33,82.25
7306.00,82.25
7306.67,82.25
7307.33,82.25
7308.00,82.24
7308.67,82.24
7309.33,82.24
7310.00,82.24
7310.67,82.24
7311.33,82.24
7312.00,82.24
7312.67,82.23
7313.33,82.23
7314.00,82.23
7314.67,82.23
7315.33,82.23
7316.00,82.23
7316.67,82.22
7317.33,82.22
7318.00,82.22
7318.67,82.22
7319.33,82.22
7320.00,82.21
7320.67,82.21
7321.33,82.21
7322.00,82.21
7322.67,82.21
7323.33,82.20
7324.00,82.20
7324.67,82.20
7325.33,82.20
7326.00,82.19
7326.67,82.19
7327.33,82.18
7328.00,82.18
7328.67,82.18
7329.33,82.18
7330.00,82.17
7330.67,82.17
7331.33,82.17
7332.00,82.17
7332.67,82.17
7333.33,82.18
7334.00,82.18
7334.67,82.18
7335.33,82.18
7336.00,82.17
7336.67,82.17
7337.33,82.17
7338.00,82.17
7338.67,82.16
7339.33,82.16
7340.00,82.15
7340.67,82.15
7341.33,82.15
7342.00,82.14
7342.67,82.14
7343.33,82.14
7344.00,82.14
7344.67,82.14
7345.33,82.14
7346.00,82.14
7346.67,82.13
7347.33,82.13
7348.00,82.13
7348.67,82.13
7349.33,82.12
7350.00,82.12
7350.67,82.12
7351.33,82.12
7352.00,82.11
7352.67,82.11
7353.33,82.11
7354.00,82.11
7354.67,82.11
7355.33,82.11
7356.00,82.11
7356.67,82.10
7357.33,82.10
7358.00,82.10
7358.67,82.10
7359.33,82.10
7360.00,82.09
7360.67,82.09
7361.33,82.09
7362.00,82.08
7362.67,82.08
7363.33,82.08
7364.00,82.08
7364.67,82.08
7365.33,82.08
7366.00,82.07
7366.67,82.07
7367.33,82.07
7368.00,82.07
7368.67,82.07
7369.33,82.07
7370.00,82.06
7370.67,82.06
7371.33,82.06
7372.00,82.06
7372.67,82.05
7373.33,82.05
7374.00,82.05
7374.67,82.05
7375.33,82.05
7376.00,82.04
7376.67,82.04
7377.33,82.04
7378.00,82.04
7378.67,82.04
7379.33,82.03
7380.00,82.03
7380.67,82.03
7381.33,82.03
7382.00,82.03
7382.67,82.02
7383.33,82.02
7384.00,82.02
7384.67,82.02
7385.33,82.02
7386.00,82.02
7386.67,82.02
7387.33,82.02
7388.00,82.01
7388.67,82.01
7389.33,82.01
7390.00,82.01
7390.67,82.00
7391.33,82.00
7392.00,82.00
7392.67,82.00
7393.33,82.00
7394.00,82.00
7394.67,82.00
7395.33,82.00
7396.00,82.00
7396.67,82.00
7397.33,82.00
7398.00,82.00
7398.67,82.00
7399.33,81.99
7400.00,81.99
7400.67,81.99
7401.33,81.98
7402.00,81.98
7402.67,81.97
7403.33,81.97
7404.00,81.96
7404.67,81.96
7405.33,81.96
7406.00,81.96
7406.67,81.95
7407.33,81.95
7408.00,81.95
7408.67,81.95
7409.33,81.95
7410.00,81.95
7410.67,81.94
7411.33,81.94
7412.00,81.93
7412.67,81.93
7413.33,81.93
7414.00,81.92
7414.67,81.92
7415.33,81.91
7416.00,81.91
7416.67,81.91
7417.33,81.91
7418.00,81.91
7418.67,81.91
7419.33,81.91
7420.00,81.91
7420.67,81.91
7421.33,81.91
7422.00,81.91
7422.67,81.91
7423.33,81.90
7424.00,81.90
7424.67,81.90
7425.33,81.90
7426.00,81.90
7426.67,81.89
7427.33,81.89
7428.00,81.89
7428.67,81.89
7429.33,81.89
7430.00,81.89
7430.67,81.89
7431.33,81.88
7432.00,81.88
7432.67,81.88
7433.33,81.87
7434.00,81.87
7434.67,81.87
7435.33,81.86
7436.00,81.86
7436.67,81.86
7437.33,81.86
7438.00,81.86
7438.67,81.86
7439.33,81.86
7440.00,81.86
7440.67,81.86
7441.33,81.86
7442.00,81.86
7442.67,81.86
7443.33,81.86
7444.00,81.85
7444.67,81.85
7445.33,81.85
7446.00,81.85
7446.67,81.84
7447.33,81.84
7448.00,81.84
7448.67,81.83
7449.33,81.83
7450.00,81.83
7450.67,81.83
7451.33,81.82
7452.00,81.82
7452.67,81.82
7453.33,81.82
7454.00,81.82
7454.67,81.82
7455.33,81.82
7456.00,81.81
7456.67,81.81
7457.33,81.81
7458.00,81.81
7458.67,81.81
7459.33,81.81
7460.00,81.80
7460.67,81.80
7461.33,81.80
7462.00,81.80
7462.67,81.80
7463.33,81.80
7464.00,81.80
7464.67,81.80
7465.33,81.79
7466.00,81.79
7466.67,81.79
7467.33,81.79
7468.00,81.79
7468.67,81.78
7469.33,81.78
7470.00,81.78
7470.67,81.78
7471.33,81.78
7472.00,81.77
7472.67,81.77
7473.33,81.77
7474.00,81.77
7474.67,81.77
7475.33,81.77
7476.00,81.76
7476.67,81.76
7477.33,81.76
7478.00,81.76
7478.67,81.76
7479.33,81.76
7480.00,81.76
7480.67,81.76
7481.33,81.76
7482.00,81.75
7482.67,81.75
7483.33,81.75
7484.00,81.75
7484.67,81.75
7485.33,81.75
7486.00,81.74
7486.67,81.74
7487.33,81.74
7488.00,81.74
7488.67,81.73
7489.33,81.73
7490.00,81.73
7490.67,81.73
7491.33,81.73
7492.00,81.73
7492.67,81.73
7493.33,81.73
7494.00,81.73
7494.67,81.73
7495.33,81.73
7496.00,81.73
7496.67,81.73
7497.33,81.73
7498.00,81.73
7498.67,81.73
7499.33,81.73
7500.00,81.73
7500.67,81.73
7501.33,81.73
7502.00,81.73
7502.67,81.72
7503.33,81.72
7504.00,81.72
7504.67,81.72
7505.33,81.72
7506.00,81.72
7506.67,81.71
7507.33,81.71
7508.00,81.71
7508.67,81.71
7509.33,81.71
7510.00,81.71
7510.67,81.71
7511.33,81.71
7512.00,81.71
7512.67,81.71
7513.33,81.71
7514.00,81.70
7514.67,81.70
7515.33,81.70
7516.00,81.70
7516.67,81.69
7517.33,81.69
7518.00,81.69
7518.67,81.69
7519.33,81.69
7520.00,81.69
7520.67,81.69
7521.33,81.69
7522.00,81.69
7522.67,81.69
7523.33,81.69
7524.00,81.69
7524.67,81.69
7525.33,81.69
7526.00,81.69
7526.67,81.69
7527.33,81.69
7528.00,81.69
7528.67,81.69
7529.33,81.68
7530.00,81.68
7530.67,81.68
7531.33,81.68
7532.00,81.68
7532.67,81.68
7533.33,81.68
7534.00,81.68
7534.67,81.68
7535.33,81.68
7536.00,81.68
7536.67,81.68
7537.33,81.67
7538.00,81.67
7538.67,81.67
7539.33,81.67
7540.00,81.67
7540.67,81.67
7541.33,81.67
7542.00,81.67
7542.67,81.67
7543.33,81.67
7544.00,81.67
7544.67,81.67
7545.33,81.67
7546.00,81.67
7546.67,81.67
7547.33,81.67
7548.00,81.67
7548.67,81.67
7549.33,81.67
7550.00,81.67
7550.67,81.67
7551.33,81.67
7552.00,81.67
7552.67,81.67
7553.33,81.67
7554.00,81.67
7554.67,81.67
7555.33,81.67
7556.00,81.67
7556.67,81.67
7557.33,81.67
7558.00,81.67
7558.67,81.67
7559.33,81.67
7560.00,81.67
7560.67,81.67
7561.33,81.66
7562.00,81.66
7562.67,81.66
7563.33,81.66
7564.00,81.66
7564.67,81.66
7565.33,81.66
7566.00,81.66
7566.67,81.67
7567.33,81.67
7568.00,81.67
7568.67,81.67
7569.33,81.67
7570.00,81.68
7570.67,81.68
7571.33,81.68
7572.00,81.68
7572.67,81.68
7573.33,81.68
7574.00,81.68
7574.67,81.67
7575.33,81.67
7576.00,81.67
7576.67,81.67
7577.33,81.67
7578.00,81.67
7578.67,81.66
7579.33,81.66
7580.00,81.66
7580.67,81.66
7581.33,81.67
7582.00,81.67
7582.67,81.67
7583.33,81.67
7584.00,81.67
7584.67,81.67
7585.33,81.67
7586.00,81.67
7586.67,81.67
7587.33,81.67
7588.00,81.67
7588.67,81.67
7589.33,81.67
7590.00,81.67
7590.67,81.67
7591.33,81.68
7592.00,81.68
7592.67,81.68
7593.33,81.68
7594.00,81.68
7594.67,81.69
7595.33,81.69
7596.00,81.69
7596.67,81.69
7597.33,81.69
7598.00,81.69
7598.67,81.69
7599.33,81.69
7600.00,81.69
7600.67,81.69
7601.33,81.69
7602.00,81.69
7602.67,81.69
7603.33,81.70
7604.00,81.70
7604.67,81.70
7605.33,81.70
7606.00,81.70
7606.67,81.70
7607.33,81.70
7608.00,81.70
7608.67,81.70
7609.33,81.70
7610.00,81.70
7610.67,81.70
7611.33,81.70
7612.00,81.70
7612.67,81.70
7613.33,81.70
7614.00,81.70
7614.67,81.70
7615.33,81.70
7616.00,81.71
7616.67,81.71
7617.33,81.71
7618.00,81.71
7618.67,81.71
7619.33,81.71
7620.00,81.71
7620.67,81.71
7621.33,81.71
7622.00,81.71
7622.67,81.71
7623.33,81.71
7624.00,81.71
7624.67,81.72
7625.33,81.72
7626.00,81.72
7626.67,81.72
7627.33,81.72
7628.00,81.72
7628.67,81.73
7629.33,81.73
7630.00,81.73
7630.67,81.73
7631.33,81.73
7632.00,81.73
7632.67,81.73
7633.33,81.73
7634.00,81.73
7634.67,81.73
7635.33,81.73
7636.00,81.74
7636.67,81.74
7637.33,81.74
7638.00,81.74
7638.67,81.75
7639.33,81.75
7640.00,81.75
7640.67,81.75
7641.33,81.76
7642.00,81.76
7642.67,81.76
7643.33,81.76
7644.00,81.76
7644.67,81.76
7645.33,81.77
7646.00,81.77
7646.67,81.77
7647.33,81.77
7648.00,81.77
7648.67,81.77
7649.33,81.77
7650.00,81.77
7650.67,81.78
7651.33,81.78
7652.00,81.78
7652.67,81.78
7653.33,81.78
7654.00,81.78
7654.67,81.78
7655.33,81.79
7656.00,81.79
7656.67,81.79
7657.33,81.79
7658.00,81.79
7658.67,81.79
7659.33,81.79
7660.00,81.80
7660.67,81.80
7661.33,81.80
7662.00,81.80
7662.67,81.80
7663.33,81.80
7664.00,81.80
7664.67,81.80
7665.33,81.80
7666.00,81.81
7666.67,81.81
7667.33,81.81
7668.00,81.81
7668.67,81.81
7669.33,81.81
7670.00,81.82
7670.67,81.82
7671.33,81.82
7672.00,81.82
7672.67,81.82
7673.33,81.82
7674.00,81.82
7674.67,81.82
7675.33,81.82
7676.00,81.83
7676.67,81.83
7677.33,81.83
7678.00,81.83
7678.67,81.83
7679.33,81.84
7680.00,81.84
7680.67,81.84
7681.33,81.84
7682.00,81.84
7682.67,81.84
7683.33,81.84
7684.00,81.84
7684.67,81.85
7685.33,81.85
7686.00,81.85
7686.67,81.85
7687.33,81.86
7688.00,81.86
7688.67,81.86
7689.33,81.87
7690.00,81.87
7690.67,81.87
7691.33,81.88
7692.00,81.88
7692.67,81.88
7693.33,81.88
7694.00,81.89
7694.67,81.89
7695.33,81.89
7696.00,81.89
7696.67,81.89
7697.33,81.89
7698.00,81.90
7698.67,81.90
7699.33,81.90
7700.00,81.90
7700.67,81.91
7701.33,81.91
7702.00,81.91
7702.67,81.92
7703.33,81.92
7704.00,81.92
7704.67,81.93
7705.33,81.93
7706.00,81.93
7706.67,81.94
7707.33,81.94
7708.00,81.94
7708.67,81.94
7709.33,81.95
7710.00,81.95
7710.67,81.95
7711.33,81.95
7712.00,81.96
7712.67,81.96
7713.33,81.96
7714.00,81.96
7714.67,81.97
7715.33,81.97
7716.00,81.97
7716.67,81.98
7717.33,81.98
7718.00,81.98
7718.67,81.98
7719.33,81.99
7720.00,81.99
7720.67,81.99
7721.33,81.99
7722.00,82.00
7722.67,82.00
7723.33,82.00
7724.00,82.00
7724.67,82.00
7725.33,82.00
7726.00,82.00
7726.67,82.01
7727.33,82.01
7728.00,82.01
7728.67,82.01
7729.33,82.02
7730.00,82.02
7730.67,82.02
7731.33,82.03
7732.00,82.03
7732.67,82.04
7733.33,82.04
7734.00,82.04
7734.67,82.05
7735.33,82.05
7736.00,82.05
7736.67,82.05
7737.33,82.05
7738.00,82.06
7738.67,82.06
7739.33,82.06
7740.00,82.06
7740.67,82.07
7741.33,82.07
7742.00,82.07
7742.67,82.08
7743.33,82.08
7744.00,82.09
7744.67,82.09
7745.33,82.09
7746.00,82.09
7746.67,82.09
7747.33,82.10
7748.00,82.10
7748.67,82.10
7749.33,82.10
7750.00,82.10
7750.67,82.11
7751.33,82.11
7752.00,82.12
7752.67,82.12
7753.33,82.13
7754.00,82.13
7754.67,82.14
7755.33,82.14
7756.00,82.14
7756.67,82.15
7757.33,82.15
7758.00,82.15
7758.67,82.15
7759.33,82.15
7760.00,82.15
7760.67,82.15
7761.33,82.16
7762.00,82.16
7762.67,82.16
7763.33,82.17
7764.00,82.17
7764.67,82.18
7765.33,82.18
7766.00,82.19
7766.67,82.19
7767.33,82.19
7768.00,82.20
7768.67,82.20
7769.33,82.20
7770.00,82.20
7770.67,82.20
7771.33,82.21
7772.00,82.21
7772.67,82.21
7773.33,82.21
7774.00,82.22
7774.67,82.22
7775.33,82.23
7776.00,82.23
7776.67,82.24
7777.33,82.24
7778.00,82.25
7778.67,82.25
7779.33,82.25
7780.00,82.26
7780.67,82.26
7781.33,82.26
7782.00,82.27
7782.67,82.27
7783.33,82.27
7784.00,82.28
7784.67,82.28
7785.33,82.29
7786.00,82.29
7786.67,82.29
7787.33,82.30
7788.00,82.30
7788.67,82.30
7789.33,82.31
7790.00,82.31
7790.67,82.31
7791.33,82.32
7792.00,82.32
7792.67,82.33
7793.33,82.33
7794.00,82.34
7794.67,82.34
7795.33,82.34
7796.00,82.35
7796.67,82.35
7797.33,82.36
7798.00,82.36
7798.67,82.37
7799.33,82.37
7800.00,82.37
7800.67,82.37
7801.33,82.38
7802.00,82.38
7802.67,82.38
7803.33,82.38
7804.00,82.39
7804.67,82.39
7805.33,82.40
7806.00,82.40
7806.67,82.40
7807.33,82.41
7808.00,82.41
7808.67,82.42
7809.33,82.42
7810.00,82.43
7810.67,82.43
7811.33,82.43
7812.00,82.44
7812.67,82.44
7813.33,82.44
7814.00,82.45
7814.67,82.45
7815.33,82.46
7816.00,82.46
7816.67,82.47
7817.33,82.47
7818.00,82.48
7818.67,82.48
7819.33,82.49
7820.00,82.49
7820.67,82.50
7821.33,82.50
7822.00,82.50
7822.67,82.51
7823.33,82.51
7824.00,82.51
7824.67,82.52
7825.33,82.52
7826.00,82.53
7826.67,82.53
7827.33,82.53
7828.00,82.54
7828.67,82.55
7829.33,82.55
7830.00,82.56
7830.67,82.56
7831.33,82.57
7832.00,82.57
7832.67,82.58
7833.33,82.58
7834.00,82.59
7834.67,82.59
7835.33,82.59
7836.00,82.60
7836.67,82.60
7837.33,82.60
7838.00,82.61
7838.67,82.61
7839.33,82.62
7840.00,82.62
7840.67,82.63
7841.33,82.63
7842.00,82.64
7842.67,82.64
7843.33,82.65
7844.00,82.65
7844.67,82.66
7845.33,82.66
7846.00,82.66
7846.67,82.67
7847.33,82.67
7848.00,82.68
7848.67,82.68
7849.33,82.69
7850.00,82.69
7850.67,82.69
7851.33,82.70
7852.00,82.70
7852.67,82.71
7853.33,82.71
7854.00,82.72
7854.67,82.72
7855.33,82.73
7856.00,82.73
7856.67,82.74
7857.33,82.74
7858.00,82.75
7858.67,82.75
7859.33,82.76
7860.00,82.76
7860.67,82.77
7861.33,82.77
7862.00,82.77
7862.67,82.78
7863.33,82.78
7864.00,82.79
7864.67,82.79
7865.33,82.79
7866.00,82.80
7866.67,82.80
7867.33,82.81
7868.00,82.81
7868.67,82.81
7869.33,82.82
7870.00,82.82
7870.67,82.83
7871.33,82.83
7872.00,82.83
7872.67,82.84
7873.33,82.84
7874.00,82.85
7874.67,82.85
7875.33,82.85
7876.00,82.86
7876.67,82.86
7877.33,82.87
7878.00,82.88
7878.67,82.88
7879.33,82.89
7880.00,82.89
7880.67,82.90
7881.33,82.90
7882.00,82.90
7882.67,82.91
7883.33,82.91
7884.00,82.91
7884.67,82.92
7885.33,82.92
7886.00,82.93
7886.67,82.93
7887.33,82.94
7888.00,82.94
7888.67,82.95
7889.33,82.96
7890.00,82.97
7890.67,82.97
7891.33,82.98
7892.00,82.98
7892.67,82.99
7893.33,82.99
7894.00,83.00
7894.67,83.00
7895.33,83.00
7896.00,83.00
7896.67,83.01
7897.33,83.01
7898.00,83.02
7898.67,83.02
7899.33,83.03
7900.00,83.03
7900.67,83.04
7901.33,83.05
7902.00,83.06
7902.67,83.06
7903.33,83.07
7904.00,83.08
7904.67,83.08
7905.33,83.09
7906.00,83.09
7906.67,83.10
7907.33,83.10
7908.00,83.10
7908.67,83.11
7909.33,83.11
7910.00,83.11
7910.67,83.12
7911.33,83.12
7912.00,83.13
7912.67,83.13
7913.33,83.14
7914.00,83.14
7914.67,83.15
7915.33,83.15
7916.00,83.16
7916.67,83.16
7917.33,83.17
7918.00,83.18
7918.67,83.18
7919.33,83.19
7920.00,83.19
7920.67,83.20
7921.33,83.21
7922.00,83.21
7922.67,83.22
7923.33,83.23
7924.00,83.23
7924.67,83.24
7925.33,83.24
7926.00,83.25
7926.67,83.25
7927.33,83.26
7928.00,83.26
7928.67,83.27
7929.33,83.27
7930.00,83.28
7930.67,83.28
7931.33,83.29
7932.00,83.29
7932.67,83.30
7933.33,83.30
7934.00,83.31
7934.67,83.32
7935.33,83.32
7936.00,83.33
7936.67,83.33
7937.33,83.34
7938.00,83.34
7938.67,83.35
7939.33,83.35
7940.00,83.36
7940.67,83.36
7941.33,83.37
7942.00,83.37
7942.67,83.38
7943.33,83.39
7944.00,83.39
7944.67,83.40
7945.33,83.41
7946.00,83.41
7946.67,83.42
7947.33,83.43
7948.00,83.43
7948.67,83.44
7949.33,83.44
7950.00,83.44
7950.67,83.45
7951.33,83.45
7952.00,83.46
7952.67,83.46
7953.33,83.47
7954.00,83.47
7954.67,83.48
7955.33,83.48
7956.00,83.49
7956.67,83.50
7957.33,83.50
7958.00,83.51
7958.67,83.51
7959.33,83.52
7960.00,83.52
7960.67,83.53
7961.33,83.53
7962.00,83.54
7962.67,83.54
7963.33,83.55
7964.00,83.55
7964.67,83.56
7965.33,83.57
7966.00,83.57
7966.67,83.58
7967.33,83.58
7968.00,83.59
7968.67,83.60
7969.33,83.60
7970.00,83.61
7970.67,83.62
7971.33,83.62
7972.00,83.63
7972.67,83.63
7973.33,83.64
7974.00,83.65
7974.67,83.65
7975.33,83.66
7976.00,83.66
7976.67,83.67
7977.33,83.68
7978.00,83.68
7978.67,83.69
7979.33,83.69
7980.00,83.70
7980.67,83.71
7981.33,83.71
7982.00,83.72
7982.67,83.72
7983.33,83.73
7984.00,83.73
7984.67,83.74
7985.33,83.74
7986.00,83.75
7986.67,83.75
7987.33,83.76
7988.00,83.77
7988.67,83.77
7989.33,83.78
7990.00,83.79
7990.67,83.79
7991.33,83.80
7992.00,83.81
7992.67,83.81
7993.33,83.82
7994.00,83.83
7994.67,83.83
7995.33,83.84
7996.00,83.84
7996.67,83.85
7997.33,83.85
7998.00,83.86
7998.67,83.86
7999.33,83.87
8000.00,83.88
8000.67,83.88
8001.33,83.89
8002.00,83.90
8002.67,83.90
8003.33,83.91
8004.00,83.92
8004.67,83.92
8005.33,83.93
8006.00,83.94
8006.67,83.94
8007.33,83.95
8008.00,83.96
8008.67,83.96
8009.33,83.97
8010.00,83.97
8010.67,83.98
8011.33,83.99
8012.00,83.99
8012.67,84.00
8013.33,84.00
8014.00,84.01
8014.67,84.02
8015.33,84.02
8016.00,84.03
8016.67,84.03
8017.33,84.04
8018.00,84.05
8018.67,84.05
8019.33,84.06
8020.00,84.07
8020.67,84.07
8021.33,84.08
8022.00,84.09
8022.67,84.09
8023.33,84.10
8024.00,84.11
8024.67,84.11
8025.33,84.12
8026.00,84.13
8026.67,84.13
8027.33,84.14
8028.00,84.15
8028.67,84.15
8029.33,84.16
8030.00,84.16
8030.67,84.17
8031.33,84.18
8032.00,84.18
8032.67,84.19
8033.33,84.20
8034.00,84.20
8034.67,84.21
8035.33,84.22
8036.00,84.22
8036.67,84.23
8037.33,84.24
8038.00,84.24
8038.67,84.25
8039.33,84.25
8040.00,84.26
8040.67,84.27
8041.33,84.27
8042.00,84.28
8042.67,84.29
8043.33,84.29
8044.00,84.30
8044.67,84.31
8045.33,84.31
8046.00,84.32
8046.67,84.33
8047.33,84.34
8048.00,84.34
8048.67,84.35
8049.33,84.36
8050.00,84.37
8050.67,84.37
8051.33,84.38
8052.00,84.39
8052.67,84.39
8053.33,84.40
8054.00,84.40
8054.67,84.41
8055.33,84.41
8056.00,84.42
8056.67,84.42
8057.33,84.43
8058.00,84.43
8058.67,84.44
8059.33,84.45
8060.00,84.46
8060.67,84.46
8061.33,84.47
8062.00,84.48
8062.67,84.49
8063.33,84.49
8064.00,84.50
8064.67,84.51
8065.33,84.51
8066.00,84.52
8066.67,84.52
8067.33,84.53
8068.00,84.53
8068.67,84.54
8069.33,84.55
8070.00,84.55
8070.67,84.56
8071.33,84.57
8072.00,84.57
8072.67,84.58
8073.33,84.59
8074.00,84.59
8074.67,84.60
8075.33,84.61
8076.00,84.62
8076.67,84.62
8077.33,84.63
8078.00,84.64
8078.67,84.64
8079.33,84.65
8080.00,84.66
8080.67,84.66
8081.33,84.67
8082.00,84.68
8082.67,84.69
8083.33,84.69
8084.00,84.70
8084.67,84.71
8085.33,84.71
8086.00,84.72
8086.67,84.73
8087.33,84.73
8088.00,84.74
8088.67,84.74
8089.33,84.75
8090.00,84.75
8090.67,84.76
8091.33,84.76
8092.00,84.77
8092.67,84.78
8093.33,84.78
8094.00,84.79
8094.67,84.80
8095.33,84.81
8096.00,84.82
8096.67,84.82
8097.33,84.83
8098.00,84.84
8098.67,84.85
8099.33,84.85
8100.00,84.86
8100.67,84.86
8101.33,84.87
8102.00,84.88
8102.67,84.88
8103.33,84.89
8104.00,84.89
8104.67,84.90
8105.33,84.90
8106.00,84.91
8106.67,84.92
8107.33,84.93
8108.00,84.93
8108.67,84.94
8109.33,84.95
8110.00,84.96
8110.67,84.96
8111.33,84.97
8112.00,84.98
8112.67,84.99
8113.33,85.00
8114.00,85.00
8114.67,85.01
8115.33,85.02
8116.00,85.03
8116.67,85.03
8117.33,85.04
8118.00,85.05
8118.67,85.05
8119.33,85.06
8120.00,85.07
8120.67,85.07
8121.33,85.08
8122.00,85.08
8122.67,85.09
8123.33,85.10
8124.00,85.10
8124.67,85.11
8125.33,85.12
8126.00,85.12
8126.67,85.13
8127.33,85.14
8128.00,85.15
8128.67,85.15
8129.33,85.16
8130.00,85.17
8130.67,85.18
8131.33,85.18
8132.00,85.19
8132.67,85.19
8133.33,85.20
8134.00,85.21
8134.67,85.21
8135.33,85.22
8136.00,85.22
8136.67,85.23
8137.33,85.23
8138.00,85.24
8138.67,85.25
8139.33,85.25
8140.00,85.26
8140.67,85.27
8141.33,85.27
8142.00,85.28
8142.67,85.29
8143.33,85.30
8144.00,85.30
8144.67,85.31
8145.33,85.32
8146.00,85.33
8146.67,85.33
8147.33,85.34
8148.00,85.35
8148.67,85.35
8149.33,85.36
8150.00,85.37
8150.67,85.37
8151.33,85.38
8152.00,85.39
8152.67,85.39
8153.33,85.40
8154.00,85.41
8154.67,85.41
8155.33,85.42
8156.00,85.43
8156.67,85.43
8157.33,85.44
8158.00,85.45
8158.67,85.45
8159.33,85.46
8160.00,85.47
8160.67,85.47
8161.33,85.48
8162.00,85.49
8162.67,85.49
8163.33,85.50
8164.00,85.51
8164.67,85.51
8165.33,85.52
8166.00,85.52
8166.67,85.53
8167.33,85.54
8168.00,85.54
8168.67,85.55
8169.33,85.56
8170.00,85.56
8170.67,85.57
8171.33,85.58
8172.00,85.58
8172.67,85.59
8173.33,85.60
8174.00,85.61
8174.67,85.62
8175.33,85.62
8176.00,85.63
8176.67,85.64
8177.33,85.64
8178.00,85.65
8178.67,85.66
8179.33,85.66
8180.00,85.67
8180.67,85.68
8181.33,85.68
8182.00,85.69
8182.67,85.70
8183.33,85.70
8184.00,85.71
8184.67,85.72
8185.33,85.72
8186.00,85.73
8186.67,85.74
8187.33,85.74
8188.00,85.75
8188.67,85.76
8189.33,85.76
8190.00,85.77
8190.67,85.78
8191.33,85.78
8192.00,85.79
8192.67,85.80
8193.33,85.80
8194.00,85.81
8194.67,85.82
8195.33,85.82
8196.00,85.83
8196.67,85.84
8197.33,85.84
8198.00,85.85
8198.67,85.86
8199.33,85.87
8200.00,85.87
8200.67,85.88
8201.33,85.89
8202.00,85.90
8202.67,85.90
8203.33,85.91
8204.00,85.92
8204.67,85.92
8205.33,85.93
8206.00,85.94
8206.67,85.94
8207.33,85.95
8208.00,85.96
8208.67,85.96
8209.33,85.97
8210.00,85.97
8210.67,85.98
8211.33,85.99
8212.00,85.99
8212.67,86.00
8213.33,86.01
8214.00,86.01
8214.67,86.02
8215.33,86.03
8216.00,86.03
8216.67,86.04
8217.33,86.05
8218.00,86.06
8218.67,86.06
8219.33,86.07
8220.00,86.08
8220.67,86.09
8221.33,86.09
8222.00,86.10
8222.67,86.11
8223.33,86.11
8224.00,86.12
8224.67,86.13
8225.33,86.13
8226.00,86.14
8226.67,86.14
8227.33,86.15
8228.00,86.16
8228.67,86.16
8229.33,86.17
8230.00,86.18
8230.67,86.18
8231.33,86.19
8232.00,86.20
8232.67,86.20
8233.33,86.21
8234.00,86.22
8234.67,86.22
8235.33,86.23
8236.00,86.23
8236.67,86.24
8237.33,86.24
8238.00,86.25
8238.67,86.26
8239.33,86.26
8240.00,86.27
8240.67,86.28
8241.33,86.28
8242.00,86.29
8242.67,86.30
8243.33,86.30
8244.00,86.31
8244.67,86.32
8245.33,86.32
8246.00,86.33
8246.67,86.34
8247.33,86.34
8248.00,86.35
8248.67,86.35
8249.33,86.36
8250.00,86.36
8250.67,86.37
8251.33,86.38
8252.00,86.38
8252.67,86.39
8253.33,86.39
8254.00,86.40
8254.67,86.41
8255.33,86.42
8256.00,86.42
8256.67,86.43
8257.33,86.44
8258.00,86.44
8258.67,86.45
8259.33,86.46
8260.00,86.46
8260.67,86.47
8261.33,86.48
8262.00,86.48
8262.67,86.49
8263.33,86.50
8264.00,86.50
8264.67,86.51
8265.33,86.51
8266.00,86.52
8266.67,86.53
8267.33,86.53
8268.00,86.54
8268.67,86.54
8269.33,86.55
8270.00,86.56
8270.67,86.56
8271.33,86.57
8272.00,86.57
8272.67,86.58
8273.33,86.58
8274.00,86.59
8274.67,86.60
8275.33,86.60
8276.00,86.61
8276.67,86.62
8277.33,86.62
8278.00,86.63
8278.67,86.64
8279.33,86.64
8280.00,86.65
8280.67,86.66
8281.33,86.66
8282.00,86.67
8282.67,86.67
8283.33,86.68
8284.00,86.68
8284.67,86.69
8285.33,86.70
8286.00,86.70
8286.67,86.71
8287.33,86.71
8288.00,86.72
8288.67,86.73
8289.33,86.73
8290.00,86.74
8290.67,86.75
8291.33,86.75
8292.00,86.76
8292.67,86.76
8293.33,86.77
8294.00,86.77
8294.67,86.78
8295.33,86.78
8296.00,86.79
8296.67,86.79
8297.33,86.80
8298.00,86.80
8298.67,86.81
8299.33,86.81
8300.00,86.82
8300.67,86.82
8301.33,86.83
8302.00,86.84
8302.67,86.84
8303.33,86.85
8304.00,86.85
8304.67,86.86
8305.33,86.87
8306.00,86.87
8306.67,86.88
8307.33,86.88
8308.00,86.89
8308.67,86.89
8309.33,86.90
8310.00,86.90
8310.67,86.91
8311.33,86.92
8312.00,86.92
8312.67,86.93
8313.33,86.93
8314.00,86.94
8314.67,86.95
8315.33,86.95
8316.00,86.96
8316.67,86.96
8317.33,86.97
8318.00,86.97
8318.67,86.98
8319.33,86.99
8320.00,86.99
8320.67,87.00
8321.33,87.00
8322.00,87.01
8322.67,87.01
8323.33,87.02
8324.00,87.02
8324.67,87.03
8325.33,87.03
8326.00,87.04
8326.67,87.04
8327.33,87.05
8328.00,87.05
8328.67,87.06
8329.33,87.06
8330.00,87.07
8330.67,87.07
8331.33,87.08
8332.00,87.09
8332.67,87.09
8333.33,87.10
8334.00,87.10
8334.67,87.11
8335.33,87.11
8336.00,87.12
8336.67,87.12
8337.33,87.13
8338.00,87.13
8338.67,87.14
8339.33,87.14
8340.00,87.15
8340.67,87.15
8341.33,87.16
8342.00,87.16
8342.67,87.17
8343.33,87.17
8344.00,87.18
8344.67,87.18
8345.33,87.19
8346.00,87.19
8346.67,87.20
8347.33,87.20
8348.00,87.21
8348.67,87.22
8349.33,87.22
8350.00,87.23
8350.67,87.23
8351.33,87.24
8352.00,87.24
8352.67,87.25
8353.33,87.25
8354.00,87.26
8354.67,87.26
8355.33,87.27
8356.00,87.27
8356.67,87.27
8357.33,87.28
8358.00,87.28
8358.67,87.29
8359.33,87.29
8360.00,87.29
8360.67,87.30
8361.33,87.30
8362.00,87.31
8362.67,87.31
8363.33,87.32
8364.00,87.32
8364.67,87.33
8365.33,87.33
8366.00,87.34
8366.67,87.34
8367.33,87.35
8368.00,87.35
8368.67,87.35
8369.33,87.36
8370.00,87.36
8370.67,87.37
8371.33,87.37
8372.00,87.37
8372.67,87.38
8373.33,87.38
8374.00,87.38
8374.67,87.39
8375.33,87.39
8376.00,87.39
8376.67,87.40
8377.33,87.40
8378.00,87.41
8378.67,87.41
8379.33,87.42
8380.00,87.42
8380.67,87.42
8381.33,87.43
8382.00,87.43
8382.67,87.43
8383.33,87.44
8384.00,87.44
8384.67,87.44
8385.33,87.45
8386.00,87.45
8386.67,87.45
8387.33,87.46
8388.00,87.46
8388.67,87.47
8389.33,87.47
8390.00,87.48
8390.67,87.48
8391.33,87.48
8392.00,87.49
8392.67,87.49
8393.33,87.50
8394.00,87.50
8394.67,87.50
8395.33,87.51
8396.00,87.51
8396.67,87.51
8397.33,87.52
8398.00,87.52
8398.67,87.52
8399.33,87.53
8400.00,87.53
8400.67,87.53
8401.33,87.54
8402.00,87.54
8402.67,87.54
8403.33,87.55
8404.00,87.55
8404.67,87.55
8405.33,87.56
8406.00,87.56
8406.67,87.56
8407.33,87.57
8408.00,87.57
8408.67,87.57
8409.33,87.58
8410.00,87.58
8410.67,87.58
8411.33,87.59
8412.00,87.59
8412.67,87.59
8413.33,87.60
8414.00,87.60
8414.67,87.61
8415.33,87.61
8416.00,87.61
8416.67,87.61
8417.33,87.62
8418.00,87.62
8418.67,87.62
8419.33,87.63
8420.00,87.63
8420.67,87.63
8421.33,87.63
8422.00,87.64
8422.67,87.64
8423.33,87.64
8424.00,87.64
8424.67,87.65
8425.33,87.65
8426.00,87.65
8426.67,87.65
8427.33,87.66
8428.00,87.66
8428.67,87.66
8429.33,87.66
8430.00,87.67
8430.67,87.67
8431.33,87.67
8432.00,87.68
8432.67,87.68
8433.33,87.68
8434.00,87.68
8434.67,87.69
8435.33,87.69
8436.00,87.69
8436.67,87.69
8437.33,87.69
8438.00,87.70
8438.67,87.70
8439.33,87.70
8440.00,87.70
8440.67,87.70
8441.33,87.71
8442.00,87.71
8442.67,87.71
8443.33,87.71
8444.00,87.71
8444.67,87.72
8445.33,87.72
8446.00,87.72
8446.67,87.72
8447.33,87.72
8448.00,87.73
8448.67,87.73
8449.33,87.73
8450.00,87.73
8450.67,87.73
8451.33,87.73
8452.00,87.73
8452.67,87.73
8453.33,87.74
8454.00,87.74
8454.67,87.74
8455.33,87.74
8456.00,87.74
8456.67,87.75
8457.33,87.75
8458.00,87.75
8458.67,87.75
8459.33,87.75
8460.00,87.75
8460.67,87.75
8461.33,87.75
8462.00,87.75
8462.67,87.76
8463.33,87.76
8464.00,87.76
8464.67,87.76
8465.33,87.76
8466.00,87.76
8466.67,87.77
8467.33,87.77
8468.00,87.77
8468.67,87.77
8469.33,87.77
8470.00,87.77
8470.67,87.78
8471.33,87.78
8472.00,87.78
8472.67,87.78
8473.33,87.78
8474.00,87.78
8474.67,87.78
8475.33,87.78
8476.00,87.78
8476.67,87.78
8477.33,87.78
8478.00,87.79
8478.67,87.79
8479.33,87.79
8480.00,87.79
8480.67,87.79
8481.33,87.79
8482.00,87.79
8482.67,87.79
8483.33,87.79
8484.00,87.79
8484.67,87.79
8485.33,87.79
8486.00,87.79
8486.67,87.79
8487.33,87.79
8488.00,87.79
8488.67,87.79
8489.33,87.80
8490.00,87.80
8490.67,87.80
8491.33,87.80
8492.00,87.80
8492.67,87.80
8493.33,87.80
8494.00,87.80
8494.67,87.80
8495.33,87.80
8496.00,87.80
8496.67,87.80
8497.33,87.80
8498.00,87.80
8498.67,87.80
8499.33,87.80
8500.00,87.80
8500.67,87.80
8501.33,87.80
8502.00,87.80
8502.67,87.80
8503.33,87.80
8504.00,87.80
8504.67,87.80
8505.33,87.80
8506.00,87.80
8506.67,87.80
8507.33,87.80
8508.00,87.80
8508.67,87.80
8509.33,87.80
8510.00,87.80
8510.67,87.80
8511.33,87.80
8512.00,87.80
8512.67,87.80
8513.33,87.80
8514.00,87.80
8514.67,87.80
8515.33,87.80
8516.00,87.80
8516.67,87.80
8517.33,87.80
8518.00,87.80
8518.67,87.80
8519.33,87.80
8520.00,87.79
8520.67,87.79
8521.33,87.79
8522.00,87.79
8522.67,87.79
8523.33,87.79
8524.00,87.79
8524.67,87.79
8525.33,87.79
8526.00,87.79
8526.67,87.79
8527.33,87.79
8528.00,87.78
8528.67,87.78
8529.33,87.78
8530.00,87.78
8530.67,87.78
8531.33,87.78
8532.00,87.78
8532.67,87.78
8533.33,87.78
8534.00,87.78
8534.67,87.78
8535.33,87.78
8536.00,87.78
8536.67,87.78
8537.33,87.77
8538.00,87.77
8538.67,87.77
8539.33,87.77
8540.00,87.76
8540.67,87.76
8541.33,87.76
8542.00,87.76
8542.67,87.76
8543.33,87.76
8544.00,87.76
8544.67,87.76
8545.33,87.76
8546.00,87.75
8546.67,87.75
8547.33,87.75
8548.00,87.75
8548.67,87.75
8549.33,87.75
8550.00,87.75
8550.67,87.74
8551.33,87.74
8552.00,87.74
8552.67,87.74
8553.33,87.74
8554.00,87.73
8554.67,87.73
8555.33,87.73
8556.00,87.73
8556.67,87.73
8557.33,87.73
8558.00,87.72
8558.67,87.72
8559.33,87.72
8560.00,87.72
8560.67,87.72
8561.33,87.72
8562.00,87.71
8562.67,87.71
8563.33,87.71
8564.00,87.71
8564.67,87.71
8565.33,87.71
8566.00,87.71
8566.67,87.71
8567.33,87.70
8568.00,87.70
8568.67,87.70
8569.33,87.70
8570.00,87.70
8570.67,87.69
8571.33,87.69
8572.00,87.69
8572.67,87.68
8573.33,87.68
8574.00,87.68
8574.67,87.68
8575.33,87.67
8576.00,87.67
8576.67,87.67
8577.33,87.66
8578.00,87.66
8578.67,87.66
8579.33,87.66
8580.00,87.66
8580.67,87.65
8581.33,87.65
8582.00,87.65
8582.67,87.65
8583.33,87.64
8584.00,87.64
8584.67,87.64
8585.33,87.64
8586.00,87.63
8586.67,87.63
8587.33,87.63
8588.00,87.62
8588.67,87.62
8589.33,87.62
8590.00,87.62
8590.67,87.61
8591.33,87.61
8592.00,87.61
8592.67,87.61
8593.33,87.60
8594.00,87.60
8594.67,87.60
8595.33,87.59
8596.00,87.59
8596.67,87.59
8597.33,87.58
8598.00,87.58
8598.67,87.58
8599.33,87.57
8600.00,87.57
8600.67,87.57
8601.33,87.57
8602.00,87.56
8602.67,87.56
8603.33,87.56
8604.00,87.55
8604.67,87.55
8605.33,87.55
8606.00,87.54
8606.67,87.54
8607.33,87.54
8608.00,87.53
8608.67,87.53
8609.33,87.53
8610.00,87.52
8610.67,87.52
8611.33,87.52
8612.00,87.51
8612.67,87.51
8613.33,87.51
8614.00,87.50
8614.67,87.50
8615.33,87.50
8616.00,87.49
8616.67,87.49
8617.33,87.49
8618.00,87.49
8618.67,87.48
8619.33,87.48
8620.00,87.48
8620.67,87.47
8621.33,87.47
8622.00,87.46
8622.67,87.46
8623.33,87.46
8624.00,87.45
8624.67,87.45
8625.33,87.44
8626.00,87.44
8626.67,87.44
8627.33,87.43
8628.00,87.43
8628.67,87.43
8629.33,87.42
8630.00,87.42
8630.67,87.42
8631.33,87.41
8632.00,87.41
8632.67,87.40
8633.33,87.40
8634.00,87.40
8634.67,87.39
8635.33,87.39
8636.00,87.38
8636.67,87.38
8637.33,87.38
8638.00,87.37
8638.67,87.37
8639.33,87.36
8640.00,87.36
8640.67,87.36
8641.33,87.35
8642.00,87.35
8642.67,87.34
8643.33,87.34
8644.00,87.33
8644.67,87.33
8645.33,87.33
8646.00,87.32
8646.67,87.32
8647.33,87.31
8648.00,87.31
8648.67,87.31
8649.33,87.30
8650.00,87.30
8650.67,87.29
8651.33,87.29
8652.00,87.29
8652.67,87.28
8653.33,87.28
8654.00,87.27
8654.67,87.27
8655.33,87.27
8656.00,87.26
8656.67,87.26
8657.33,87.26
8658.00,87.25
8658.67,87.25
8659.33,87.25
8660.00,87.24
8660.67,87.24
8661.33,87.23
8662.00,87.23
8662.67,87.22
8663.33,87.22
8664.00,87.21
8664.67,87.21
8665.33,87.20
8666.00,87.20
8666.67,87.20
8667.33,87.19
8668.00,87.19
8668.67,87.18
8669.33,87.18
8670.00,87.17
8670.67,87.17
8671.33,87.17
8672.00,87.16
8672.67,87.16
8673.33,87.15
8674.00,87.15
8674.67,87.14
8675.33,87.14
8676.00,87.13
8676.67,87.13
8677.33,87.12
8678.00,87.12
8678.67,87.11
8679.33,87.11
8680.00,87.10
8680.67,87.10
8681.33,87.09
8682.00,87.09
8682.67,87.08
8683.33,87.08
8684.00,87.08
8684.67,87.07
8685.33,87.07
8686.00,87.06
8686.67,87.06
8687.33,87.05
8688.00,87.05
8688.67,87.04
8689.33,87.04
8690.00,87.03
8690.67,87.03
8691.33,87.03
8692.00,87.02
8692.67,87.02
8693.33,87.01
8694.00,87.01
8694.67,87.00
8695.33,87.00
8696.00,86.99
8696.67,86.99
8697.33,86.98
8698.00,86.98
8698.67,86.97
8699.33,86.97
8700.00,86.96
8700.67,86.96
8701.33,86.95
8702.00,86.95
8702.67,86.94
8703.33,86.94
8704.00,86.93
8704.67,86.93
8705.33,86.92
8706.00,86.92
8706.67,86.91
8707.33,86.91
8708.00,86.90
8708.67,86.90
8709.33,86.89
8710.00,86.89
8710.67,86.88
8711.33,86.88
8712.00,86.87
8712.67,86.87
8713.33,86.86
8714.00,86.86
8714.67,86.85
8715.33,86.85
8716.00,86.84
8716.67,86.84
8717.33,86.83
8718.00,86.83
8718.67,86.82
8719.33,86.82
8720.00,86.81
8720.67,86.81
8721.33,86.80
8722.00,86.80
8722.67,86.80
8723.33,86.79
8724.00,86.79
8724.67,86.78
8725.33,86.78
8726.00,86.77
8726.67,86.77
8727.33,86.76
8728.00,86.76
8728.67,86.75
8729.33,86.74
8730.00,86.74
8730.67,86.73
8731.33,86.73
8732.00,86.72
8732.67,86.72
8733.33,86.71
8734.00,86.71
8734.67,86.71
8735.33,86.70
8736.00,86.70
8736.67,86.69
8737.33,86.68
8738.00,86.68
8738.67,86.67
8739.33,86.67
8740.00,86.66
8740.67,86.66
8741.33,86.65
8742.00,86.64
8742.67,86.64
8743.33,86.63
8744.00,86.63
8744.67,86.62
8745.33,86.62
8746.00,86.62
8746.67,86.61
8747.33,86.61
8748.00,86.60
8748.67,86.60
8749.33,86.59
8750.00,86.59
8750.67,86.58
8751.33,86.57
8752.00,86.57
8752.67,86.56
8753.33,86.55
8754.00,86.55
8754.67,86.54
8755.33,86.54
8756.00,86.53
8756.67,86.53
8757.33,86.52
8758.00,86.52
8758.67,86.51
8759.33,86.51
8760.00,86.50
8760.67,86.50
8761.33,86.49
8762.00,86.49
8762.67,86.48
8763.33,86.48
8764.00,86.47
8764.67,86.47
8765.33,86.46
8766.00,86.46
8766.67,86.45
8767.33,86.45
8768.00,86.44
8768.67,86.44
8769.33,86.43
8770.00,86.42
8770.67,86.42
8771.33,86.41
8772.00,86.40
8772.67,86.40
8773.33,86.39
8774.00,86.39
8774.67,86.38
8775.33,86.37
8776.00,86.37
8776.67,86.36
8777.33,86.36
8778.00,86.35
8778.67,86.35
8779.33,86.34
8780.00,86.34
8780.67,86.33
8781.33,86.32
8782.00,86.32
8782.67,86.31
8783.33,86.31
8784.00,86.30
8784.67,86.30
8785.33,86.29
8786.00,86.29
8786.67,86.28
8787.33,86.28
8788.00,86.27
8788.67,86.27
8789.33,86.26
8790.00,86.26
8790.67,86.25
8791.33,86.25
8792.00,86.24
8792.67,86.24
8793.33,86.23
8794.00,86.23
8794.67,86.22
8795.33,86.21
8796.00,86.21
8796.67,86.20
8797.33,86.20
8798.00,86.19
8798.67,86.19
8799.33,86.18
8800.00,86.17
8800.67,86.17
8801.33,86.16
8802.00,86.16
8802.67,86.15
8803.33,86.15
8804.00,86.14
8804.67,86.14
8805.33,86.14
8806.00,86.13
8806.67,86.13
8807.33,86.12
8808.00,86.12
8808.67,86.11
8809.33,86.11
8810.00,86.10
8810.67,86.10
8811.33,86.09
8812.00,86.08
8812.67,86.08
8813.33,86.07
8814.00,86.07
8814.67,86.06
8815.33,86.05
8816.00,86.05
8816.67,86.04
8817.33,86.04
8818.00,86.03
8818.67,86.03
8819.33,86.03
8820.00,86.02
8820.67,86.02
8821.33,86.01
8822.00,86.01
8822.67,86.00
8823.33,86.00
8824.00,85.99
8824.67,85.98
8825.33,85.98
8826.00,85.97
8826.67,85.97
8827.33,85.96
8828.00,85.95
8828.67,85.95
8829.33,85.94
8830.00,85.94
8830.67,85.93
8831.33,85.93
8832.00,85.92
8832.67,85.92
8833.33,85.91
8834.00,85.91
8834.67,85.90
8835.33,85.90
8836.00,85.89
8836.67,85.89
8837.33,85.88
8838.00,85.88
8838.67,85.87
8839.33,85.87
8840.00,85.86
8840.67,85.86
8841.33,85.85
8842.00,85.85
8842.67,85.84
8843.33,85.83
8844.00,85.83
8844.67,85.82
8845.33,85.82
8846.00,85.81
8846.67,85.81
8847.33,85.81
8848.00,85.80
8848.67,85.80
8849.33,85.79
8850.00,85.79
8850.67,85.78
8851.33,85.78
8852.00,85.77
8852.67,85.76
8853.33,85.76
8854.00,85.75
8854.67,85.75
8855.33,85.74
8856.00,85.73
8856.67,85.73
8857.33,85.72
8858.00,85.72
8858.67,85.71
8859.33,85.70
8860.00,85.70
8860.67,85.69
8861.33,85.69
8862.00,85.68
8862.67,85.68
8863.33,85.67
8864.00,85.67
8864.67,85.66
8865.33,85.66
8866.00,85.65
8866.67,85.65
8867.33,85.64
8868.00,85.64
8868.67,85.63
8869.33,85.63
8870.00,85.62
8870.67,85.62
8871.33,85.62
8872.00,85.61
8872.67,85.61
8873.33,85.60
8874.00,85.59
8874.67,85.59
8875.33,85.58
8876.00,85.58
8876.67,85.57
8877.33,85.56
8878.00,85.56
8878.67,85.55
8879.33,85.55
8880.00,85.54
8880.67,85.54
8881.33,85.53
8882.00,85.53
8882.67,85.52
8883.33,85.52
8884.00,85.51
8884.67,85.51
8885.33,85.50
8886.00,85.50
8886.67,85.49
8887.33,85.49
8888.00,85.48
8888.67,85.48
8889.33,85.47
8890.00,85.47
8890.67,85.46
8891.33,85.46
8892.00,85.45
8892.67,85.45
8893.33,85.45
8894.00,85.44
8894.67,85.44
8895.33,85.43
8896.00,85.43
8896.67,85.42
8897.33,85.42
8898.00,85.41
8898.67,85.41
8899.33,85.40
8900.00,85.39
8900.67,85.39
8901.33,85.38
8902.00,85.37
8902.67,85.37
8903.33,85.36
8904.00,85.36
8904.67,85.35
8905.33,85.35
8906.00,85.34
8906.67,85.34
8907.33,85.33
8908.00,85.33
8908.67,85.33
8909.33,85.32
8910.00,85.32
8910.67,85.31
8911.33,85.31
8912.00,85.30
8912.67,85.30
8913.33,85.29
8914.00,85.29
8914.67,85.29
8915.33,85.28
8916.00,85.28
8916.67,85.27
8917.33,85.27
8918.00,85.26
8918.67,85.25
8919.33,85.25
8920.00,85.24
8920.67,85.23
8921.33,85.23
8922.00,85.22
8922.67,85.22
8923.33,85.21
8924.00,85.21
8924.67,85.20
8925.33,85.20
8926.00,85.19
8926.67,85.19
8927.33,85.19
8928.00,85.18
8928.67,85.18
8929.33,85.17
8930.00,85.17
8930.67,85.16
8931.33,85.16
8932.00,85.15
8932.67,85.14
8933.33,85.14
8934.00,85.13
8934.67,85.13
8935.33,85.12
8936.00,85.12
8936.67,85.12
8937.33,85.11
8938.00,85.11
8938.67,85.10
8939.33,85.10
8940.00,85.09
8940.67,85.09
8941.33,85.08
8942.00,85.08
8942.67,85.07
8943.33,85.07
8944.00,85.06
8944.67,85.06
8945.33,85.05
8946.00,85.05
8946.67,85.05
8947.33,85.04
8948.00,85.04
8948.67,85.03
8949.33,85.03
8950.00,85.02
8950.67,85.02
8951.33,85.01
8952.00,85.01
8952.67,85.00
8953.33,85.00
8954.00,84.99
8954.67,84.99
8955.33,84.98
8956.00,84.98
8956.67,84.97
8957.33,84.97
8958.00,84.96
8958.67,84.96
8959.33,84.95
8960.00,84.95
8960.67,84.94
8961.33,84.94
8962.00,84.93
8962.67,84.93
8963.33,84.92
8964.00,84.92
8964.67,84.91
8965.33,84.91
8966.00,84.91
8966.67,84.91
8967.33,84.90
8968.00,84.90
8968.67,84.90
8969.33,84.90
8970.00,84.89
8970.67,84.89
8971.33,84.88
8972.00,84.88
8972.67,84.87
8973.33,84.87
8974.00,84.86
8974.67,84.86
8975.33,84.85
8976.00,84.84
8976.67,84.84
8977.33,84.84
8978.00,84.83
8978.67,84.83
8979.33,84.82
8980.00,84.82
8980.67,84.82
8981.33,84.81
8982.00,84.81
8982.67,84.80
8983.33,84.80
8984.00,84.79
8984.67,84.79
8985.33,84.78
8986.00,84.78
8986.67,84.77
8987.33,84.77
8988.00,84.76
8988.67,84.76
8989.33,84.75
8990.00,84.75
8990.67,84.74
8991.33,84.74
8992.00,84.73
8992.67,84.73
8993.33,84.73
8994.00,84.72
8994.67,84.72
8995.33,84.71
8996.00,84.71
8996.67,84.71
8997.33,84.70
8998.00,84.70
8998.67,84.69
8999.33,84.69
9000.00,84.68
9000.67,84.68
9001.33,84.68
9002.00,84.67
9002.67,84.67
9003.33,84.66
9004.00,84.66
9004.67,84.65
9005.33,84.65
9006.00,84.64
9006.67,84.64
9007.33,84.63
9008.00,84.63
9008.67,84.62
9009.33,84.62
9010.00,84.62
9010.67,84.61
9011.33,84.61
9012.00,84.60
9012.67,84.60
9013.33,84.59
9014.00,84.59
9014.67,84.58
9015.33,84.58
9016.00,84.58
9016.67,84.57
9017.33,84.57
9018.00,84.56
9018.67,84.56
9019.33,84.56
9020.00,84.55
9020.67,84.55
9021.33,84.55
9022.00,84.54
9022.67,84.54
9023.33,84.53
9024.00,84.53
9024.67,84.52
9025.33,84.52
9026.00,84.51
9026.67,84.51
9027.33,84.50
9028.00,84.50
9028.67,84.49
9029.33,84.49
9030.00,84.48
9030.67,84.48
9031.33,84.48
9032.00,84.47
9032.67,84.47
9033.33,84.46
9034.00,84.46
9034.67,84.46
9035.33,84.45
9036.00,84.45
9036.67,84.44
9037.33,84.44
9038.00,84.44
9038.67,84.43
9039.33,84.43
9040.00,84.43
9040.67,84.42
9041.33,84.42
9042.00,84.42
9042.67,84.41
9043.33,84.41
9044.00,84.41
9044.67,84.40
9045.33,84.40
9046.00,84.39
9046.67,84.39
9047.33,84.38
9048.00,84.38
9048.67,84.38
9049.33,84.37
9050.00,84.37
9050.67,84.37
9051.33,84.36
9052.00,84.36
9052.67,84.36
9053.33,84.35
9054.00,84.35
9054.67,84.35
9055.33,84.34
9056.00,84.34
9056.67,84.33
9057.33,84.32
9058.00,84.32
9058.67,84.31
9059.33,84.31
9060.00,84.31
9060.67,84.30
9061.33,84.30
9062.00,84.29
9062.67,84.29
9063.33,84.29
9064.00,84.28
9064.67,84.28
9065.33,84.28
9066.00,84.27
9066.67,84.27
9067.33,84.27
9068.00,84.26
9068.67,84.26
9069.33,84.26
9070.00,84.25
9070.67,84.25
9071.33,84.24
9072.00,84.24
9072.67,84.24
9073.33,84.23
9074.00,84.23
9074.67,84.22
9075.33,84.22
9076.00,84.22
9076.67,84.21
9077.33,84.21
9078.00,84.20
9078.67,84.20
9079.33,84.20
9080.00,84.19
9080.67,84.19
9081.33,84.19
9082.00,84.19
9082.67,84.18
9083.33,84.18
9084.00,84.18
9084.67,84.17
9085.33,84.17
9086.00,84.17
9086.67,84.16
9087.33,84.16
9088.00,84.15
9088.67,84.15
9089.33,84.15
9090.00,84.14
9090.67,84.14
9091.33,84.13
9092.00,84.13
9092.67,84.13
9093.33,84.12
9094.00,84.12
9094.67,84.12
9095.33,84.11
9096.00,84.11
9096.67,84.11
9097.33,84.10
9098.00,84.10
9098.67,84.10
9099.33,84.09
9100.00,84.09
9100.67,84.09
9101.33,84.08
9102.00,84.08
9102.67,84.07
9103.33,84.07
9104.00,84.07
9104.67,84.06
9105.33,84.06
9106.00,84.06
9106.67,84.05
9107.33,84.05
9108.00,84.05
9108.67,84.04
9109.33,84.04
9110.00,84.04
9110.67,84.03
9111.33,84.03
9112.00,84.03
9112.67,84.03
9113.33,84.03
9114.00,84.02
9114.67,84.02
9115.33,84.02
9116.00,84.02
9116.67,84.01
9117.33,84.01
9118.00,84.00
9118.67,84.00
9119.33,84.00
9120.00,83.99
9120.67,83.99
9121.33,83.99
9122.00,83.98
9122.67,83.98
9123.33,83.98
9124.00,83.98
9124.67,83.97
9125.33,83.97
9126.00,83.97
9126.67,83.96
9127.33,83.96
9128.00,83.96
9128.67,83.96
9129.33,83.95
9130.00,83.95
9130.67,83.95
9131.33,83.94
9132.00,83.94
9132.67,83.94
9133.33,83.93
9134.00,83.93
9134.67,83.93
9135.33,83.93
9136.00,83.92
9136.67,83.92
9137.33,83.92
9138.00,83.91
9138.67,83.91
9139.33,83.91
9140.00,83.90
9140.67,83.90
9141.33,83.90
9142.00,83.90
9142.67,83.89
9143.33,83.89
9144.00,83.89
9144.67,83.88
9145.33,83.88
9146.00,83.88
9146.67,83.87
9147.33,83.87
9148.00,83.86
9148.67,83.86
9149.33,83.86
9150.00,83.85
9150.67,83.85
9151.33,83.84
9152.00,83.84
9152.67,83.84
9153.33,83.84
9154.00,83.83
9154.67,83.83
9155.33,83.83
9156.00,83.83
9156.67,83.83
9157.33,83.83
9158.00,83.82
9158.67,83.82
9159.33,83.82
9160.00,83.81
9160.67,83.81
9161.33,83.81
9162.00,83.81
9162.67,83.80
9163.33,83.80
9164.00,83.80
9164.67,83.80
9165.33,83.79
9166.00,83.79
9166.67,83.79
9167.33,83.79
9168.00,83.79
9168.67,83.78
9169.33,83.78
9170.00,83.78
9170.67,83.78
9171.33,83.77
9172.00,83.77
9172.67,83.76
9173.33,83.76
9174.00,83.76
9174.67,83.75
9175.33,83.75
9176.00,83.75
9176.67,83.74
9177.33,83.74
9178.00,83.74
9178.67,83.74
9179.33,83.74
9180.00,83.73
9180.67,83.73
9181.33,83.73
9182.00,83.73
9182.67,83.72
9183.33,83.72
9184.00,83.71
9184.67,83.71
9185.33,83.71
9186.00,83.70
9186.67,83.70
9187.33,83.70
9188.00,83.69
9188.67,83.69
9189.33,83.69
9190.00,83.69
9190.67,83.68
9191.33,83.68
9192.00,83.68
9192.67,83.68
9193.33,83.68
9194.00,83.68
9194.67,83.68
9195.33,83.67
9196.00,83.67
9196.67,83.67
9197.33,83.67
9198.00,83.66
9198.67,83.66
9199.33,83.66
9200.00,83.65
9200.67,83.65
9201.33,83.65
9202.00,83.64
9202.67,83.64
9203.33,83.64
9204.00,83.64
9204.67,83.63
9205.33,83.63
9206.00,83.63
9206.67,83.63
9207.33,83.62
9208.00,83.62
9208.67,83.62
9209.33,83.62
9210.00,83.62
9210.67,83.62
9211.33,83.61
9212.00,83.61
9212.67,83.61
9213.33,83.61
9214.00,83.61
9214.67,83.61
9215.33,83.60
9216.00,83.60
9216.67,83.60
9217.33,83.60
9218.00,83.59
9218.67,83.59
9219.33,83.59
9220.00,83.58
9220.67,83.58
9221.33,83.58
9222.00,83.58
9222.67,83.58
9223.33,83.58
9224.00,83.58
9224.67,83.58
9225.33,83.57
9226.00,83.57
9226.67,83.57
9227.33,83.57
9228.00,83.57
9228.67,83.56
9229.33,83.56
9230.00,83.56
9230.67,83.55
9231.33,83.55
9232.00,83.54
9232.67,83.54
9233.33,83.54
9234.00,83.54
9234.67,83.53
9235.33,83.53
9236.00,83.53
9236.67,83.53
9237.33,83.53
9238.00,83.53
9238.67,83.53
9239.33,83.53
9240.00,83.53
9240.67,83.52
9241.33,83.52
9242.00,83.52
9242.67,83.52
9243.33,83.51
9244.00,83.51
9244.67,83.51
9245.33,83.51
9246.00,83.51
9246.67,83.50
9247.33,83.50
9248.00,83.50
9248.67,83.50
9249.33,83.50
9250.00,83.50
9250.67,83.50
9251.33,83.49
9252.00,83.49
9252.67,83.49
9253.33,83.48
9254.00,83.48
9254.67,83.48
9255.33,83.47
9256.00,83.47
9256.67,83.47
9257.33,83.47
9258.00,83.47
9258.67,83.47
9259.33,83.46
9260.00,83.46
9260.67,83.46
9261.33,83.46
9262.00,83.46
9262.67,83.46
9263.33,83.46
9264.00,83.46
9264.67,83.45
9265.33,83.45
9266.00,83.45
9266.67,83.45
9267.33,83.45
9268.00,83.44
9268.67,83.44
9269.33,83.44
9270.00,83.44
9270.67,83.44
9271.33,83.44
9272.00,83.44
9272.67,83.44
9273.33,83.43
9274.00,83.43
9274.67,83.43
9275.33,83.43
9276.00,83.43
9276.67,83.42
9277.33,83.42
9278.00,83.42
9278.67,83.42
9279.33,83.41
9280.00,83.41
9280.67,83.41
9281.33,83.41
9282.00,83.41
9282.67,83.41
9283.33,83.40
9284.00,83.40
9284.67,83.40
9285.33,83.40
9286.00,83.40
9286.67,83.40
9287.33,83.40
9288.00,83.39
9288.67,83.39
9289.33,83.39
9290.00,83.39
9290.67,83.39
9291.33,83.39
9292.00,83.39
9292.67,83.39
9293.33,83.38
9294.00,83.38
9294.67,83.38
9295.33,83.38
9296.00,83.38
9296.67,83.38
9297.33,83.38
9298.00,83.38
9298.67,83.38
9299.33,83.38
9300.00,83.37
9300.67,83.37
9301.33,83.37
9302.00,83.37
9302.67,83.37
9303.33,83.36
9304.00,83.36
9304.67,83.36
9305.33,83.36
9306.00,83.36
9306.67,83.35
9307.33,83.35
9308.00,83.35
9308.67,83.35
9309.33,83.35
9310.00,83.35
9310.67,83.35
9311.33,83.35
9312.00,83.35
9312.67,83.35
9313.33,83.35
9314.00,83.35
9314.67,83.34
9315.33,83.34
9316.00,83.34
9316.67,83.34
9317.33,83.33
9318.00,83.33
9318.67,83.33
9319.33,83.33
9320.00,83.33
9320.67,83.33
9321.33,83.32
9322.00,83.32
9322.67,83.32
9323.33,83.32
9324.00,83.32
9324.67,83.32
9325.33,83.32
9326.00,83.32
9326.67,83.32
9327.33,83.31
9328.00,83.31
9328.67,83.31
9329.33,83.31
9330.00,83.31
9330.67,83.31
9331.33,83.31
9332.00,83.31
9332.67,83.31
9333.33,83.30
9334.00,83.30
9334.67,83.30
9335.33,83.30
9336.00,83.30
9336.67,83.30
9337.33,83.30
9338.00,83.29
9338.67,83.29
9339.33,83.29
9340.00,83.29
9340.67,83.29
9341.33,83.29
9342.00,83.29
9342.67,83.29
9343.33,83.28
9344.00,83.28
9344.67,83.28
9345.33,83.28
9346.00,83.28
9346.67,83.27
9347.33,83.27
9348.00,83.27
9348.67,83.27
9349.33,83.27
9350.00,83.27
9350.67,83.27
9351.33,83.27
9352.00,83.27
9352.67,83.27
9353.33,83.27
9354.00,83.27
9354.67,83.27
9355.33,83.27
9356.00,83.27
9356.67,83.27
9357.33,83.27
9358.00,83.27
9358.67,83.27
9359.33,83.26
9360.00,83.26
9360.67,83.26
9361.33,83.26
9362.00,83.26
9362.67,83.26
9363.33,83.25
9364.00,83.25
9364.67,83.25
9365.33,83.25
9366.00,83.25
9366.67,83.25
9367.33,83.25
9368.00,83.25
9368.67,83.25
9369.33,83.25
9370.00,83.25
9370.67,83.25
9371.33,83.25
9372.00,83.24
9372.67,83.24
9373.33,83.24
9374.00,83.24
9374.67,83.24
9375.33,83.24
9376.00,83.24
9376.67,83.24
9377.33,83.24
9378.00,83.24
9378.67,83.24
9379.33,83.24
9380.00,83.23
9380.67,83.23
9381.33,83.23
9382.00,83.23
9382.67,83.23
9383.33,83.23
9384.00,83.23
9384.67,83.23
9385.33,83.23
9386.00,83.22
9386.67,83.22
9387.33,83.22
9388.00,83.22
9388.67,83.22
9389.33,83.22
9390.00,83.23
9390.67,83.23
9391.33,83.23
9392.00,83.23
9392.67,83.23
9393.33,83.23
9394.00,83.23
9394.67,83.22
9395.33,83.22
9396.00,83.22
9396.67,83.22
9397.33,83.22
9398.00,83.22
9398.67,83.22
9399.33,83.21
9400.00,83.21
9400.67,83.21
9401.33,83.21
9402.00,83.21
9402.67,83.21
9403.33,83.21
9404.00,83.21
9404.67,83.21
9405.33,83.21
9406.00,83.21
9406.67,83.21
9407.33,83.21
9408.00,83.21
9408.67,83.21
9409.33,83.21
9410.00,83.21
9410.67,83.21
9411.33,83.20
9412.00,83.20
9412.67,83.20
9413.33,83.20
9414.00,83.20
9414.67,83.20
9415.33,83.20
9416.00,83.20
9416.67,83.19
9417.33,83.19
9418.00,83.19
9418.67,83.19
9419.33,83.19
9420.00,83.18
9420.67,83.18
9421.33,83.18
9422.00,83.18
9422.67,83.19
9423.33,83.19
9424.00,83.19
9424.67,83.19
9425.33,83.19
9426.00,83.19
9426.67,83.19
9427.33,83.19
9428.00,83.19
9428.67,83.18
9429.33,83.18
9430.00,83.18
9430.67,83.18
9431.33,83.18
9432.00,83.18
9432.67,83.18
9433.33,83.18
9434.00,83.18
9434.67,83.18
9435.33,83.18
9436.00,83.18
9436.67,83.18
9437.33,83.18
9438.00,83.18
9438.67,83.18
9439.33,83.18
9440.00,83.17
9440.67,83.17
9441.33,83.17
9442.00,83.17
9442.67,83.17
9443.33,83.16
9444.00,83.16
9444.67,83.16
9445.33,83.16
9446.00,83.16
9446.67,83.16
9447.33,83.17
9448.00,83.17
9448.67,83.17
9449.33,83.17
9450.00,83.17
9450.67,83.17
9451.33,83.16
9452.00,83.16
9452.67,83.16
9453.33,83.16
9454.00,83.16
9454.67,83.16
9455.33,83.16
9456.00,83.16
9456.67,83.16
9457.33,83.16
9458.00,83.16
9458.67,83.16
9459.33,83.16
9460.00,83.16
9460.67,83.16
9461.33,83.16
9462.00,83.15
9462.67,83.15
9463.33,83.15
9464.00,83.15
9464.67,83.15
9465.33,83.15
9466.00,83.15
9466.67,83.14
9467.33,83.14
9468.00,83.15
9468.67,83.15
9469.33,83.15
9470.00,83.15
9470.67,83.15
9471.33,83.15
9472.00,83.15
9472.67,83.15
9473.33,83.15
9474.00,83.15
9474.67,83.15
9475.33,83.15
9476.00,83.15
9476.67,83.15
9477.33,83.14
9478.00,83.14
9478.67,83.14
9479.33,83.14
9480.00,83.14
9480.67,83.14
9481.33,83.14
9482.00,83.14
9482.67,83.14
9483.33,83.14
9484.00,83.14
9484.67,83.14
9485.33,83.14
9486.00,83.14
9486.67,83.14
9487.33,83.14
9488.00,83.14
9488.67,83.14
9489.33,83.14
9490.00,83.14
9490.67,83.14
9491.33,83.14
9492.00,83.14
9492.67,83.14
9493.33,83.14
9494.00,83.14
9494.67,83.14
9495.33,83.14
9496.00,83.14
9496.67,83.14
9497.33,83.14
9498.00,83.14
9498.67,83.14
9499.33,83.14
9500.00,83.14
9500.67,83.14
9501.33,83.14
9502.00,83.14
9502.67,83.14
9503.33,83.14
9504.00,83.14
9504.67,83.13
9505.33,83.13
9506.00,83.13
9506.67,83.13
9507.33,83.13
9508.00,83.13
9508.67,83.14
9509.33,83.14
9510.00,83.14
9510.67,83.14
9511.33,83.14
9512.00,83.14
9512.67,83.14
9513.33,83.14
9514.00,83.14
9514.67,83.14
9515.33,83.13
9516.00,83.13
9516.67,83.13
9517.33,83.13
9518.00,83.13
9518.67,83.14
9519.33,83.14
9520.00,83.14
9520.67,83.14
9521.33,83.14
9522.00,83.14
9522.67,83.14
9523.33,83.14
9524.00,83.14
9524.67,83.14
9525.33,83.14
9526.00,83.14
9526.67,83.14
9527.33,83.14
9528.00,83.14
9528.67,83.14
9529.33,83.13
9530.00,83.13
9530.67,83.13
9531.33,83.13
9532.00,83.13
9532.67,83.13
9533.33,83.13
9534.00,83.13
9534.67,83.14
9535.33,83.14
9536.00,83.14
9536.67,83.14
9537.33,83.14
9538.00,83.14
9538.67,83.14
9539.33,83.14
9540.00,83.14
9540.67,83.14
9541.33,83.14
9542.00,83.14
9542.67,83.14
9543.33,83.14
9544.00,83.14
9544.67,83.14
9545.33,83.14
9546.00,83.14
9546.67,83.14
9547.33,83.14
9548.00,83.14
9548.67,83.13
9549.33,83.13
9550.00,83.13
9550.67,83.13
9551.33,83.13
9552.00,83.13
9552.67,83.13
9553.33,83.13
9554.00,83.13
9554.67,83.13
9555.33,83.14
9556.00,83.14
9556.67,83.14
9557.33,83.14
9558.00,83.14
9558.67,83.14
9559.33,83.14
9560.00,83.14
9560.67,83.14
9561.33,83.14
9562.00,83.13
9562.67,83.13
9563.33,83.13
9564.00,83.13
9564.67,83.13
9565.33,83.13
9566.00,83.13
9566.67,83.13
9567.33,83.13
9568.00,83.13
9568.67,83.13
9569.33,83.13
9570.00,83.13
9570.67,83.13
9571.33,83.13
9572.00,83.13
9572.67,83.13
9573.33,83.13
9574.00,83.13
9574.67,83.13
9575.33,83.13
9576.00,83.13
9576.67,83.13
9577.33,83.13
9578.00,83.12
9578.67,83.12
9579.33,83.12
9580.00,83.12
9580.67,83.12
9581.33,83.12
9582.00,83.13
9582.67,83.13
9583.33,83.13
9584.00,83.13
9584.67,83.13
9585.33,83.13
9586.00,83.13
9586.67,83.13
9587.33,83.13
9588.00,83.13
9588.67,83.13
9589.33,83.13
9590.00,83.12
9590.67,83.12
9591.33,83.12
9592.00,83.12
9592.67,83.12
9593.33,83.12
9594.00,83.12
9594.67,83.12
9595.33,83.13
9596.00,83.13
9596.67,83.13
9597.33,83.13
9598.00,83.13
9598.67,83.13
9599.33,83.13
9600.00,83.13
9600.67,83.13
9601.33,83.13
9602.00,83.13
9602.67,83.13
9603.33,83.13
9604.00,83.13
9604.67,83.13
9605.33,83.13
9606.00,83.13
9606.67,83.13
9607.33,83.14
9608.00,83.14
9608.67,83.14
9609.33,83.14
9610.00,83.14
9610.67,83.14
9611.33,83.14
9612.00,83.13
9612.67,83.13
9613.33,83.13
9614.00,83.13
9614.67,83.13
9615.33,83.13
9616.00,83.13
9616.67,83.13
9617.33,83.13
9618.00,83.13
9618.67,83.14
9619.33,83.14
9620.00,83.14
9620.67,83.14
9621.33,83.14
9622.00,83.14
9622.67,83.14
9623.33,83.14
9624.00,83.14
9624.67,83.14
9625.33,83.14
9626.00,83.14
9626.67,83.14
9627.33,83.14
9628.00,83.14
9628.67,83.14
9629.33,83.14
9630.00,83.15
9630.67,83.15
9631.33,83.15
9632.00,83.15
9632.67,83.15
9633.33,83.15
9634.00,83.15
9634.67,83.15
9635.33,83.15
9636.00,83.15
9636.67,83.15
9637.33,83.15
9638.00,83.15
9638.67,83.15
9639.33,83.15
9640.00,83.15
9640.67,83.15
9641.33,83.15
9642.00,83.15
9642.67,83.15
9643.33,83.15
9644.00,83.16
9644.67,83.16
9645.33,83.16
9646.00,83.16
9646.67,83.16
9647.33,83.16
9648.00,83.16
9648.67,83.16
9649.33,83.16
9650.00,83.16
9650.67,83.16
9651.33,83.16
9652.00,83.16
9652.67,83.16
9653.33,83.17
9654.00,83.17
9654.67,83.17
9655.33,83.17
9656.00,83.17
9656.67,83.17
9657.33,83.18
9658.00,83.18
9658.67,83.18
9659.33,83.18
9660.00,83.18
9660.67,83.18
9661.33,83.18
9662.00,83.18
9662.67,83.18
9663.33,83.18
9664.00,83.18
9664.67,83.18
9665.33,83.18
9666.00,83.18
9666.67,83.18
9667.33,83.18
9668.00,83.18
9668.67,83.19
9669.33,83.19
9670.00,83.19
9670.67,83.19
9671.33,83.19
9672.00,83.19
9672.67,83.19
9673.33,83.19
9674.00,83.19
9674.67,83.19
9675.33,83.19
9676.00,83.19
9676.67,83.19
9677.33,83.19
9678.00,83.20
9678.67,83.20
9679.33,83.20
9680.00,83.20
9680.67,83.20
9681.33,83.20
9682.00,83.21
9682.67,83.21
9683.33,83.21
9684.00,83.21
9684.67,83.21
9685.33,83.21
9686.00,83.21
9686.67,83.22
9687.33,83.22
9688.00,83.22
9688.67,83.22
9689.33,83.22
9690.00,83.22
9690.67,83.22
9691.33,83.23
9692.00,83.23
9692.67,83.23
9693.33,83.23
9694.00,83.23
9694.67,83.23
9695.33,83.24
9696.00,83.24
9696.67,83.24
9697.33,83.24
9698.00,83.24
9698.67,83.25
9699.33,83.25
9700.00,83.25
9700.67,83.25
9701.33,83.25
9702.00,83.26
9702.67,83.26
9703.33,83.26
9704.00,83.26
9704.67,83.26
9705.33,83.26
9706.00,83.26
9706.67,83.26
9707.33,83.26
9708.00,83.26
9708.67,83.27
9709.33,83.27
9710.00,83.27
9710.67,83.27
9711.33,83.28
9712.00,83.28
9712.67,83.28
9713.33,83.28
9714.00,83.28
9714.67,83.29
9715.33,83.29
9716.00,83.29
9716.67,83.29
9717.33,83.28
9718.00,83.28
9718.67,83.28
9719.33,83.28
9720.00,83.28
9720.67,83.28
9721.33,83.29
9722.00,83.29
9722.67,83.29
9723.33,83.29
9724.00,83.30
9724.67,83.30
9725.33,83.30
9726.00,83.30
9726.67,83.31
9727.33,83.31
9728.00,83.31
9728.67,83.31
9729.33,83.31
9730.00,83.31
9730.67,83.31
9731.33,83.31
9732.00,83.31
9732.67,83.31
9733.33,83.31
9734.00,83.32
9734.67,83.32
9735.33,83.32
9736.00,83.32
9736.67,83.32
9737.33,83.33
9738.00,83.33
9738.67,83.33
9739.33,83.33
9740.00,83.34
9740.67,83.34
9741.33,83.34
9742.00,83.34
9742.67,83.34
9743.33,83.35
9744.00,83.35
9744.67,83.35
9745.33,83.35
9746.00,83.35
9746.67,83.36
9747.33,83.36
9748.00,83.36
9748.67,83.36
9749.33,83.36
9750.00,83.36
9750.67,83.36
9751.33,83.36
9752.00,83.36
9752.67,83.36
9753.33,83.36
9754.00,83.36
9754.67,83.37
9755.33,83.37
9756.00,83.37
9756.67,83.37
9757.33,83.38
9758.00,83.38
9758.67,83.38
9759.33,83.38
9760.00,83.39
9760.67,83.39
9761.33,83.39
9762.00,83.39
9762.67,83.39
9763.33,83.39
9764.00,83.39
9764.67,83.39
9765.33,83.40
9766.00,83.40
9766.67,83.40
9767.33,83.40
9768.00,83.40
9768.67,83.41
9769.33,83.41
9770.00,83.41
9770.67,83.41
9771.33,83.41
9772.00,83.41
9772.67,83.41
9773.33,83.42
9774.00,83.42
9774.67,83.42
9775.33,83.42
9776.00,83.42
9776.67,83.42
9777.33,83.42
9778.00,83.42
9778.67,83.43
9779.33,83.43
9780.00,83.43
9780.67,83.43
9781.33,83.44
9782.00,83.44
9782.67,83.44
9783.33,83.44
9784.00,83.44
9784.67,83.44
9785.33,83.45
9786.00,83.45
9786.67,83.45
9787.33,83.45
9788.00,83.45
9788.67,83.45
9789.33,83.45
9790.00,83.46
9790.67,83.46
9791.33,83.46
9792.00,83.46
9792.67,83.47
9793.33,83.47
9794.00,83.47
9794.67,83.47
9795.33,83.47
9796.00,83.48
9796.67,83.48
9797.33,83.48
9798.00,83.48
9798.67,83.48
9799.33,83.48
9800.00,83.48
9800.67,83.48
9801.33,83.48
9802.00,83.48
9802.67,83.48
9803.33,83.49
9804.00,83.49
9804.67,83.49
9805.33,83.49
9806.00,83.49
9806.67,83.50
9807.33,83.50
9808.00,83.50
9808.67,83.50
9809.33,83.50
9810.00,83.50
9810.67,83.50
9811.33,83.50
9812.00,83.51
9812.67,83.51
9813.33,83.51
9814.00,83.51
9814.67,83.51
9815.33,83.51
9816.00,83.51
9816.67,83.51
9817.33,83.51
9818.00,83.51
9818.67,83.51
9819.33,83.51
9820.00,83.52
9820.67,83.52
9821.33,83.52
9822.00,83.52
9822.67,83.52
9823.33,83.53
9824.00,83.53
9824.67,83.53
9825.33,83.53
9826.00,83.53
9826.67,83.53
9827.33,83.53
9828.00,83.53
9828.67,83.54
9829.33,83.54
9830.00,83.54
9830.67,83.54
9831.33,83.54
9832.00,83.54
9832.67,83.54
9833.33,83.54
9834.00,83.54
9834.67,83.55
9835.33,83.55
9836.00,83.55
9836.67,83.55
9837.33,83.55
9838.00,83.55
9838.67,83.55
9839.33,83.55
9840.00,83.55
9840.67,83.55
9841.33,83.56
9842.00,83.56
9842.67,83.56
9843.33,83.56
9844.00,83.56
9844.67,83.56
9845.33,83.57
9846.00,83.57
9846.67,83.57
9847.33,83.57
9848.00,83.57
9848.67,83.57
9849.33,83.57
9850.00,83.57
9850.67,83.57
9851.33,83.57
9852.00,83.56
9852.67,83.56
9853.33,83.57
9854.00,83.57
9854.67,83.57
9855.33,83.57
9856.00,83.57
9856.67,83.57
9857.33,83.57
9858.00,83.58
9858.67,83.58
9859.33,83.58
9860.00,83.58
9860.67,83.58
9861.33,83.58
9862.00,83.58
9862.67,83.58
9863.33,83.58
9864.00,83.58
9864.67,83.58
9865.33,83.58
9866.00,83.58
9866.67,83.59
9867.33,83.59
9868.00,83.59
9868.67,83.59
9869.33,83.59
9870.00,83.59
9870.67,83.59
9871.33,83.59
9872.00,83.59
9872.67,83.59
9873.33,83.59
9874.00,83.59
9874.67,83.59
9875.33,83.59
9876.00,83.59
9876.67,83.59
9877.33,83.59
9878.00,83.59
9878.67,83.59
9879.33,83.59
9880.00,83.59
9880.67,83.59
9881.33,83.59
9882.00,83.59
9882.67,83.59
9883.33,83.59
9884.00,83.59
9884.67,83.59
9885.33,83.59
9886.00,83.59
9886.67,83.59
9887.33,83.59
9888.00,83.59
9888.67,83.59
9889.33,83.59
9890.00,83.59
9890.67,83.59
9891.33,83.59
9892.00,83.59
9892.67,83.59
9893.33,83.59
9894.00,83.59
9894.67,83.59
9895.33,83.59
9896.00,83.59
9896.67,83.59
9897.33,83.59
9898.00,83.59
9898.67,83.59
9899.33,83.59
9900.00,83.59
9900.67,83.59
9901.33,83.59
9902.00,83.59
9902.67,83.59
9903.33,83.59
9904.00,83.59
9904.67,83.59
9905.33,83.59
9906.00,83.59
9906.67,83.59
9907.33,83.59
9908.00,83.59
9908.67,83.59
9909.33,83.59
9910.00,83.59
9910.67,83.59
9911.33,83.58
9912.00,83.58
9912.67,83.58
9913.33,83.58
9914.00,83.58
9914.67,83.58
9915.33,83.58
9916.00,83.58
9916.67,83.59
9917.33,83.59
9918.00,83.59
9918.67,83.58
9919.33,83.58
9920.00,83.58
9920.67,83.58
9921.33,83.57
9922.00,83.57
9922.67,83.57
9923.33,83.56
9924.00,83.56
9924.67,83.56
9925.33,83.56
9926.00,83.56
9926.67,83.56
9927.33,83.56
9928.00,83.56
9928.67,83.56
9929.33,83.56
9930.00,83.56
9930.67,83.55
9931.33,83.55
9932.00,83.55
9932.67,83.55
9933.33,83.55
9934.00,83.54
9934.67,83.54
9935.33,83.54
9936.00,83.53
9936.67,83.53
9937.33,83.53
9938.00,83.53
9938.67,83.53
9939.33,83.53
9940.00,83.53
9940.67,83.53
9941.33,83.53
9942.00,83.53
9942.67,83.53
9943.33,83.52
9944.00,83.52
9944.67,83.52
9945.33,83.51
9946.00,83.51
9946.67,83.51
9947.33,83.50
9948.00,83.50
9948.67,83.50
9949.33,83.49
9950.00,83.49
9950.67,83.49
9951.33,83.49
9952.00,83.49
9952.67,83.49
9953.33,83.49
9954.00,83.49
9954.67,83.49
9955.33,83.49
9956.00,83.49
9956.67,83.48
9957.33,83.48
9958.00,83.48
9958.67,83.47
9959.33,83.47
9960.00,83.47
9960.67,83.46
9961.33,83.46
9962.00,83.46
9962.67,83.45
9963.33,83.45
9964.00,83.45
9964.67,83.45
9965.33,83.44
9966.00,83.44
9966.67,83.44
9967.33,83.44
9968.00,83.43
9968.67,83.43
9969.33,83.43
9970.00,83.43
9970.67,83.42
9971.33,83.42
9972.00,83.42
9972.67,83.41
9973.33,83.41
9974.00,83.41
9974.67,83.40
9975.33,83.40
9976.00,83.39
9976.67,83.39
9977.33,83.38
9978.00,83.38
9978.67,83.38
9979.33,83.37
9980.00,83.37
9980.67,83.37
9981.33,83.36
9982.00,83.36
9982.67,83.36
9983.33,83.36
9984.00,83.35
9984.67,83.35
9985.33,83.35
9986.00,83.34
9986.67,83.34
9987.33,83.33
9988.00,83.33
9988.67,83.32
9989.33,83.32
9990.00,83.32
9990.67,83.31
9991.33,83.31
9992.00,83.30
9992.67,83.30
9993.33,83.30
9994.00,83.29
9994.67,83.29
9995.33,83.28
9996.00,83.28
9996.67,83.27
9997.33,83.27
9998.00,83.27
9998.67,83.26
9999.33,83.26
10000.00,83.25
10000.67,83.25
10001.33,83.24
10002.00,83.24
10002.67,83.24
10003.33,83.23
10004.00,83.23
10004.67,83.23
10005.33,83.22
10006.00,83.22
10006.67,83.21
10007.33,83.20
10008.00,83.20
10008.67,83.19
10009.33,83.19
10010.00,83.18
10010.67,83.18
10011.33,83.17
10012.00,83.17
10012.67,83.16
10013.33,83.16
10014.00,83.15
10014.67,83.15
10015.33,83.14
10016.00,83.14
10016.67,83.13
10017.33,83.13
10018.00,83.12
10018.67,83.11
10019.33,83.11
10020.00,83.10
10020.67,83.10
10021.33,83.09
10022.00,83.09
10022.67,83.08
10023.33,83.08
10024.00,83.07
10024.67,83.07
10025.33,83.06
10026.00,83.06
10026.67,83.05
10027.33,83.05
10028.00,83.04
10028.67,83.03
10029.33,83.02
10030.00,83.02
10030.67,83.01
10031.33,83.00
10032.00,83.00
10032.67,82.99
10033.33,82.99
10034.00,82.99
10034.67,82.98
10035.33,82.98
10036.00,82.98
10036.67,82.97
10037.33,82.97
10038.00,82.96
10038.67,82.96
10039.33,82.95
10040.00,82.94
10040.67,82.93
10041.33,82.92
10042.00,82.92
10042.67,82.91
10043.33,82.90
10044.00,82.89
10044.67,82.89
10045.33,82.88
10046.00,82.88
10046.67,82.87
10047.33,82.87
10048.00,82.86
10048.67,82.86
10049.33,82.85
10050.00,82.85
10050.67,82.84
10051.33,82.83
10052.00,82.82
10052.67,82.82
10053.33,82.81
10054.00,82.80
10054.67,82.79
10055.33,82.79
10056.00,82.78
10056.67,82.78
10057.33,82.77
10058.00,82.76
10058.67,82.76
10059.33,82.75
10060.00,82.74
10060.67,82.74
10061.33,82.73
10062.00,82.72
10062.67,82.71
10063.33,82.71
10064.00,82.70
10064.67,82.69
10065.33,82.68
10066.00,82.67
10066.67,82.67
10067.33,82.66
10068.00,82.65
10068.67,82.64
10069.33,82.64
10070.00,82.63
10070.67,82.62
10071.33,82.62
10072.00,82.61
10072.67,82.60
10073.33,82.59
10074.00,82.59
10074.67,82.58
10075.33,82.58
10076.00,82.57
10076.67,82.56
10077.33,82.55
10078.00,82.55
10078.67,82.54
10079.33,82.53
10080.00,82.52
10080.67,82.51
10081.33,82.50
10082.00,82.49
10082.67,82.48
10083.33,82.48
10084.00,82.47
10084.67,82.46
10085.33,82.45
10086.00,82.45
10086.67,82.44
10087.33,82.43
10088.00,82.43
10088.67,82.42
10089.33,82.41
10090.00,82.40
10090.67,82.39
10091.33,82.39
10092.00,82.38
10092.67,82.37
10093.33,82.36
10094.00,82.35
10094.67,82.34
10095.33,82.33
10096.00,82.32
10096.67,82.31
10097.33,82.31
10098.00,82.30
10098.67,82.29
10099.33,82.29
10100.00,82.28
10100.67,82.27
10101.33,82.26
10102.00,82.25
10102.67,82.24
10103.33,82.23
10104.00,82.22
10104.67,82.21
10105.33,82.20
10106.00,82.19
10106.67,82.19
10107.33,82.18
10108.00,82.17
10108.67,82.16
10109.33,82.16
10110.00,82.15
10110.67,82.14
10111.33,82.14
10112.00,82.13
10112.67,82.12
10113.33,82.11
10114.00,82.10
10114.67,82.09
10115.33,82.08
10116.00,82.07
10116.67,82.06
10117.33,82.05
10118.00,82.04
10118.67,82.03
10119.33,82.02
10120.00,82.01
10120.67,82.01
10121.33,82.00
10122.00,81.99
10122.67,81.98
10123.33,81.97
10124.00,81.96
10124.67,81.96
10125.33,81.95
10126.00,81.94
10126.67,81.93
10127.33,81.92
10128.00,81.91
10128.67,81.90
10129.33,81.89
10130.00,81.88
10130.67,81.87
10131.33,81.86
10132.00,81.85
10132.67,81.84
10133.33,81.83
10134.00,81.82
10134.67,81.81
10135.33,81.80
10136.00,81.79
10136.67,81.78
10137.33,81.77
10138.00,81.76
10138.67,81.75
10139.33,81.74
10140.00,81.73
10140.67,81.72
10141.33,81.72
10142.00,81.71
10142.67,81.70
10143.33,81.69
10144.00,81.68
10144.67,81.67
10145.33,81.66
10146.00,81.65
10146.67,81.64
10147.33,81.63
10148.00,81.62
10148.67,81.61
10149.33,81.61
10150.00,81.60
10150.67,81.59
10151.33,81.58
10152.00,81.58
10152.67,81.57
10153.33,81.56
10154.00,81.55
10154.67,81.54
10155.33,81.53
10156.00,81.52
10156.67,81.51
10157.33,81.50
10158.00,81.49
10158.67,81.48
10159.33,81.47
10160.00,81.46
10160.67,81.45
10161.33,81.44
10162.00,81.43
10162.67,81.42
10163.33,81.41
10164.00,81.40
10164.67,81.39
10165.33,81.38
10166.00,81.37
10166.67,81.36
10167.33,81.35
10168.00,81.34
10168.67,81.33
10169.33,81.32
10170.00,81.31
10170.67,81.30
10171.33,81.29
10172.00,81.28
10172.67,81.27
10173.33,81.26
10174.00,81.25
10174.67,81.24
10175.33,81.23
10176.00,81.22
10176.67,81.21
10177.33,81.20
10178.00,81.19
10178.67,81.18
10179.33,81.17
10180.00,81.16
10180.67,81.16
10181.33,81.15
10182.00,81.14
10182.67,81.13
10183.33,81.12
10184.00,81.11
10184.67,81.10
10185.33,81.09
10186.00,81.08
10186.67,81.07
10187.33,81.06
10188.00,81.05
10188.67,81.03
10189.33,81.02
10190.00,81.01
10190.67,81.00
10191.33,80.99
10192.00,80.98
10192.67,80.98
10193.33,80.97
10194.00,80.96
10194.67,80.95
10195.33,80.94
10196.00,80.94
10196.67,80.93
10197.33,80.92
10198.00,80.91
10198.67,80.90
10199.33,80.89
10200.00,80.88
10200.67,80.87
10201.33,80.86
10202.00,80.85
10202.67,80.84
10203.33,80.83
10204.00,80.82
10204.67,80.81
10205.33,80.81
10206.00,80.80
10206.67,80.79
10207.33,80.78
10208.00,80.77
10208.67,80.76
10209.33,80.75
10210.00,80.73
10210.67,80.72
10211.33,80.71
10212.00,80.70
10212.67,80.69
10213.33,80.68
10214.00,80.67
10214.67,80.66
10215.33,80.66
10216.00,80.65
10216.67,80.64
10217.33,80.63
10218.00,80.63
10218.67,80.62
10219.33,80.61
10220.00,80.60
10220.67,80.59
10221.33,80.58
10222.00,80.56
10222.67,80.55
10223.33,80.54
10224.00,80.53
10224.67,80.52
10225.33,80.51
10226.00,80.50
10226.67,80.49
10227.33,80.48
10228.00,80.48
10228.67,80.47
10229.33,80.46
10230.00,80.45
10230.67,80.44
10231.33,80.43
10232.00,80.43
10232.67,80.42
10233.33,80.41
10234.00,80.40
10234.67,80.39
10235.33,80.38
10236.00,80.37
10236.67,80.36
10237.33,80.35
10238.00,80.34
10238.67,80.33
10239.33,80.32
10240.00,80.31
10240.67,80.31
10241.33,80.30
10242.00,80.29
10242.67,80.28
10243.33,80.27
10244.00,80.26
10244.67,80.25
10245.33,80.24
10246.00,80.24
10246.67,80.23
10247.33,80.22
10248.00,80.21
10248.67,80.20
10249.33,80.19
10250.00,80.18
10250.67,80.17
10251.33,80.16
10252.00,80.15
10252.67,80.14
10253.33,80.13
10254.00,80.13
10254.67,80.12
10255.33,80.11
10256.00,80.10
10256.67,80.09
10257.33,80.09
10258.00,80.08
10258.67,80.07
10259.33,80.06
10260.00,80.05
10260.67,80.05
10261.33,80.04
10262.00,80.03
10262.67,80.02
10263.33,80.01
10264.00,80.00
10264.67,80.00
10265.33,79.99
10266.00,79.98
10266.67,79.97
10267.33,79.96
10268.00,79.95
10268.67,79.94
10269.33,79.93
10270.00,79.92
10270.67,79.91
10271.33,79.91
10272.00,79.90
10272.67,79.89
10273.33,79.88
10274.00,79.87
10274.67,79.87
10275.33,79.86
10276.00,79.85
10276.67,79.85
10277.33,79.84
10278.00,79.83
10278.67,79.83
10279.33,79.82
10280.00,79.81
10280.67,79.80
10281.33,79.79
10282.00,79.78
10282.67,79.78
10283.33,79.77
10284.00,79.76
10284.67,79.75
10285.33,79.74
10286.00,79.73
10286.67,79.73
10287.33,79.72
10288.00,79.71
10288.67,79.70
10289.33,79.70
10290.00,79.69
10290.67,79.68
10291.33,79.68
10292.00,79.67
10292.67,79.66
10293.33,79.65
10294.00,79.65
10294.67,79.64
10295.33,79.63
10296.00,79.63
10296.67,79.62
10297.33,79.61
10298.00,79.61
10298.67,79.60
10299.33,79.60
10300.00,79.59
10300.67,79.58
10301.33,79.58
10302.00,79.57
10302.67,79.56
10303.33,79.55
10304.00,79.55
10304.67,79.54
10305.33,79.53
10306.00,79.52
10306.67,79.51
10307.33,79.51
10308.00,79.50
10308.67,79.49
10309.33,79.48
10310.00,79.48
10310.67,79.47
10311.33,79.47
10312.00,79.46
10312.67,79.45
10313.33,79.45
10314.00,79.44
10314.67,79.43
10315.33,79.43
10316.00,79.42
10316.67,79.41
10317.33,79.41
10318.00,79.40
10318.67,79.39
10319.33,79.39
10320.00,79.38
10320.67,79.37
10321.33,79.37
10322.00,79.36
10322.67,79.35
10323.33,79.35
10324.00,79.34
10324.67,79.33
10325.33,79.33
10326.00,79.32
10326.67,79.32
10327.33,79.31
10328.00,79.30
10328.67,79.30
10329.33,79.29
10330.00,79.29
10330.67,79.28
10331.33,79.28
10332.00,79.28
10332.67,79.27
10333.33,79.27
10334.00,79.26
10334.67,79.26
10335.33,79.25
10336.00,79.25
10336.67,79.24
10337.33,79.24
10338.00,79.24
10338.67,79.23
10339.33,79.23
10340.00,79.22
10340.67,79.21
10341.33,79.21
10342.00,79.20
10342.67,79.20
10343.33,79.19
10344.00,79.18
10344.67,79.18
10345.33,79.17
10346.00,79.16
10346.67,79.16
10347.33,79.15
10348.00,79.15
10348.67,79.15
10349.33,79.14
10350.00,79.14
10350.67,79.14
10351.33,79.13
10352.00,79.13
10352.67,79.13
10353.33,79.12
10354.00,79.12
10354.67,79.12
10355.33,79.11
10356.00,79.11
10356.67,79.10
10357.33,79.10
10358.00,79.09
10358.67,79.09
10359.33,79.08
10360.00,79.08
10360.67,79.08
10361.33,79.07
10362.00,79.07
10362.67,79.06
10363.33,79.06
10364.00,79.05
10364.67,79.05
10365.33,79.04
10366.00,79.04
10366.67,79.04
10367.33,79.03
10368.00,79.03
10368.67,79.03
10369.33,79.02
10370.00,79.02
10370.67,79.02
10371.33,79.01
10372.00,79.01
10372.67,79.00
10373.33,79.00
10374.00,79.00
10374.67,78.99
10375.33,78.99
10376.00,78.98
10376.67,78.98
10377.33,78.98
10378.00,78.97
10378.67,78.97
10379.33,78.97
10380.00,78.97
10380.67,78.97
10381.33,78.96
10382.00,78.96
10382.67,78.96
10383.33,78.96
10384.00,78.95
10384.67,78.95
10385.33,78.94
10386.00,78.94
10386.67,78.94
10387.33,78.93
10388.00,78.93
10388.67,78.93
10389.33,78.92
10390.00,78.92
10390.67,78.92
10391.33,78.91
10392.00,78.91
10392.67,78.91
10393.33,78.90
10394.00,78.90
10394.67,78.90
10395.33,78.90
10396.00,78.89
10396.67,78.89
10397.33,78.89
10398.00,78.88
10398.67,78.88
10399.33,78.88
10400.00,78.88
10400.67,78.88
10401.33,78.88
10402.00,78.87
10402.67,78.87
10403.33,78.87
10404.00,78.86
10404.67,78.86
10405.33,78.85
10406.00,78.85
10406.67,78.84
10407.33,78.84
10408.00,78.83
10408.67,78.83
10409.33,78.82
10410.00,78.82
10410.67,78.82
10411.33,78.82
10412.00,78.82
10412.67,78.82
10413.33,78.82
10414.00,78.82
10414.67,78.82
10415.33,78.82
10416.00,78.82
10416.67,78.82
10417.33,78.82
10418.00,78.82
10418.67,78.81
10419.33,78.81
10420.00,78.80
10420.67,78.80
10421.33,78.79
10422.00,78.79
10422.67,78.78
10423.33,78.78
10424.00,78.78
10424.67,78.78
10425.33,78.77
10426.00,78.77
10426.67,78.77
10427.33,78.77
10428.00,78.77
10428.67,78.77
10429.33,78.77
10430.00,78.77
10430.67,78.77
10431.33,78.77
10432.00,78.76
10432.67,78.76
10433.33,78.75
10434.00,78.75
10434.67,78.74
10435.33,78.74
10436.00,78.73
10436.67,78.73
10437.33,78.72
10438.00,78.72
10438.67,78.72
10439.33,78.71
10440.00,78.71
10440.67,78.71
10441.33,78.71
10442.00,78.71
10442.67,78.71
10443.33,78.71
10444.00,78.71
10444.67,78.71
10445.33,78.71
10446.00,78.71
10446.67,78.70
10447.33,78.70
10448.00,78.70
10448.67,78.69
10449.33,78.69
10450.00,78.68
10450.67,78.68
10451.33,78.68
10452.00,78.68
10452.67,78.67
10453.33,78.67
10454.00,78.67
10454.67,78.67
10455.33,78.66
10456.00,78.66
10456.67,78.66
10457.33,78.65
10458.00,78.65
10458.67,78.65
10459.33,78.64
10460.00,78.64
10460.67,78.64
10461.33,78.63
10462.00,78.63
10462.67,78.63
10463.33,78.62
10464.00,78.62
10464.67,78.62
10465.33,78.61
10466.00,78.61
10466.67,78.61
10467.33,78.60
10468.00,78.60
10468.67,78.59
10469.33,78.59
10470.00,78.59
10470.67,78.59
10471.33,78.58
10472.00,78.58
10472.67,78.58
10473.33,78.57
10474.00,78.57
10474.67,78.57
10475.33,78.56
10476.00,78.56
10476.67,78.56
10477.33,78.55
10478.00,78.55
10478.67,78.54
10479.33,78.54
10480.00,78.53
10480.67,78.53
10481.33,78.52
10482.00,78.52
10482.67,78.52
10483.33,78.51
10484.00,78.51
10484.67,78.50
10485.33,78.50
10486.00,78.50
10486.67,78.49
10487.33,78.49
10488.00,78.48
10488.67,78.48
10489.33,78.48
10490.00,78.47
10490.67,78.47
10491.33,78.46
10492.00,78.46
10492.67,78.45
10493.33,78.45
10494.00,78.44
10494.67,78.44
10495.33,78.43
10496.00,78.43
10496.67,78.42
10497.33,78.42
10498.00,78.41
10498.67,78.41
10499.33,78.40
10500.00,78.40
10500.67,78.39
10501.33,78.39
10502.00,78.39
10502.67,78.38
10503.33,78.38
10504.00,78.37
10504.67,78.37
10505.33,78.36
10506.00,78.36
10506.67,78.35
10507.33,78.35
10508.00,78.34
10508.67,78.33
10509.33,78.32
10510.00,78.32
10510.67,78.31
10511.33,78.30
10512.00,78.30
10512.67,78.29
10513.33,78.29
10514.00,78.28
10514.67,78.28
10515.33,78.27
10516.00,78.27
10516.67,78.26
10517.33,78.26
10518.00,78.25
10518.67,78.25
10519.33,78.24
10520.00,78.23
10520.67,78.23
10521.33,78.22
10522.00,78.21
10522.67,78.21
10523.33,78.20
10524.00,78.20
10524.67,78.20
10525.33,78.19
10526.00,78.19
10526.67,78.18
10527.33,78.18
10528.00,78.17
10528.67,78.16
10529.33,78.16
10530.00,78.15
10530.67,78.14
10531.33,78.13
10532.00,78.12
10532.67,78.11
10533.33,78.10
10534.00,78.09
10534.67,78.08
10535.33,78.07
10536.00,78.07
10536.67,78.06
10537.33,78.06
10538.00,78.05
10538.67,78.05
10539.33,78.04
10540.00,78.04
10540.67,78.03
10541.33,78.02
10542.00,78.02
10542.67,78.01
10543.33,78.00
10544.00,77.99
10544.67,77.98
10545.33,77.97
10546.00,77.96
10546.67,77.96
10547.33,77.95
10548.00,77.94
10548.67,77.93
10549.33,77.93
10550.00,77.92
10550.67,77.91
10551.33,77.91
10552.00,77.90
10552.67,77.89
10553.33,77.88
10554.00,77.87
10554.67,77.86
10555.33,77.85
10556.00,77.85
10556.67,77.84
10557.33,77.83
10558.00,77.82
10558.67,77.81
10559.33,77.80
10560.00,77.79
10560.67,77.78
10561.33,77.77
10562.00,77.76
10562.67,77.76
10563.33,77.75
10564.00,77.74
10564.67,77.74
10565.33,77.73
10566.00,77.72
10566.67,77.72
10567.33,77.71
10568.00,77.70
10568.67,77.69
10569.33,77.68
10570.00,77.67
10570.67,77.66
10571.33,77.65
10572.00,77.64
10572.67,77.63
10573.33,77.62
10574.00,77.60
10574.67,77.59
10575.33,77.58
10576.00,77.57
10576.67,77.56
10577.33,77.55
10578.00,77.54
10578.67,77.54
10579.33,77.53
10580.00,77.52
10580.67,77.51
10581.33,77.50
10582.00,77.49
10582.67,77.49
10583.33,77.48
10584.00,77.47
10584.67,77.46
10585.33,77.45
10586.00,77.45
10586.67,77.44
10587.33,77.43
10588.00,77.42
10588.67,77.40
10589.33,77.39
10590.00,77.38
10590.67,77.36
10591.33,77.35
10592.00,77.34
10592.67,77.32
10593.33,77.31
10594.00,77.30
10594.67,77.29
10595.33,77.28
10596.00,77.27
10596.67,77.27
10597.33,77.26
10598.00,77.26
10598.67,77.25
10599.33,77.25
10600.00,77.24
10600.67,77.23
10601.33,77.22
10602.00,77.21
10602.67,77.20
10603.33,77.18
10604.00,77.16
10604.67,77.15
10605.33,77.13
10606.00,77.12
10606.67,77.11
10607.33,77.10
10608.00,77.09
10608.67,77.08
10609.33,77.07
10610.00,77.06
10610.67,77.06
10611.33,77.05
10612.00,77.04
10612.67,77.03
10613.33,77.02
10614.00,77.01
10614.67,77.00
10615.33,76.99
10616.00,76.97
10616.67,76.96
10617.33,76.94
10618.00,76.93
10618.67,76.91
10619.33,76.90
10620.00,76.89
10620.67,76.88
10621.33,76.87
10622.00,76.86
10622.67,76.85
10623.33,76.84
10624.00,76.83
10624.67,76.82
10625.33,76.81
10626.00,76.80
10626.67,76.79
10627.33,76.78
10628.00,76.76
10628.67,76.75
10629.33,76.74
10630.00,76.72
10630.67,76.71
10631.33,76.70
10632.00,76.69
10632.67,76.68
10633.33,76.67
10634.00,76.66
10634.67,76.66
10635.33,76.65
10636.00,76.64
10636.67,76.63
10637.33,76.62
10638.00,76.60
10638.67,76.59
10639.33,76.58
10640.00,76.57
10640.67,76.56
10641.33,76.54
10642.00,76.53
10642.67,76.52
10643.33,76.51
10644.00,76.50
10644.67,76.49
10645.33,76.48
10646.00,76.47
10646.67,76.46
10647.33,76.46
10648.00,76.45
10648.67,76.44
10649.33,76.43
10650.00,76.42
10650.67,76.40
10651.33,76.39
10652.00,76.37
10652.67,76.36
10653.33,76.34
10654.00,76.32
10654.67,76.31
10655.33,76.29
10656.00,76.28
10656.67,76.26
10657.33,76.25
10658.00,76.24
10658.67,76.23
10659.33,76.23
10660.00,76.22
10660.67,76.21
10661.33,76.21
10662.00,76.20
10662.67,76.19
10663.33,76.18
10664.00,76.17
10664.67,76.15
10665.33,76.14
10666.00,76.13
10666.67,76.11
10667.33,76.10
10668.00,76.08
10668.67,76.07
10669.33,76.06
10670.00,76.05
10670.67,76.04
10671.33,76.03
10672.00,76.02
10672.67,76.01
10673.33,76.00
10674.00,75.99
10674.67,75.98
10675.33,75.97
10676.00,75.95
10676.67,75.94
10677.33,75.93
10678.00,75.91
10678.67,75.90
10679.33,75.88
10680.00,75.87
10680.67,75.86
10681.33,75.85
10682.00,75.84
10682.67,75.83
10683.33,75.82
10684.00,75.81
10684.67,75.80
10685.33,75.79
10686.00,75.77
10686.67,75.76
10687.33,75.75
10688.00,75.74
10688.67,75.73
10689.33,75.71
10690.00,75.70
10690.67,75.69
10691.33,75.68
10692.00,75.67
10692.67,75.66
10693.33,75.65
10694.00,75.64
10694.67,75.63
10695.33,75.62
10696.00,75.60
10696.67,75.59
10697.33,75.58
10698.00,75.56
10698.67,75.55
10699.33,75.54
10700.00,75.52
10700.67,75.51
10701.33,75.50
10702.00,75.49
10702.67,75.48
10703.33,75.47
10704.00,75.46
10704.67,75.45
10705.33,75.44
10706.00,75.43
10706.67,75.42
10707.33,75.40
10708.00,75.39
10708.67,75.38
10709.33,75.37
10710.00,75.36
10710.67,75.34
10711.33,75.33
10712.00,75.32
10712.67,75.31
10713.33,75.30
10714.00,75.28
10714.67,75.27
10715.33,75.26
10716.00,75.24
10716.67,75.23
10717.33,75.22
10718.00,75.20
10718.67,75.19
10719.33,75.18
10720.00,75.17
10720.67,75.15
10721.33,75.14
10722.00,75.13
10722.67,75.12
10723.33,75.11
10724.00,75.10
10724.67,75.09
10725.33,75.08
10726.00,75.07
10726.67,75.06
10727.33,75.05
10728.00,75.04
10728.67,75.03
10729.33,75.01
10730.00,75.00
10730.67,74.99
10731.33,74.98
10732.00,74.97
10732.67,74.95
10733.33,74.94
10734.00,74.93
10734.67,74.92
10735.33,74.91
10736.00,74.90
10736.67,74.89
10737.33,74.88
10738.00,74.87
10738.67,74.85
10739.33,74.84
10740.00,74.83
10740.67,74.82
10741.33,74.81
10742.00,74.79
10742.67,74.78
10743.33,74.77
10744.00,74.76
10744.67,74.75
10745.33,74.74
10746.00,74.73
10746.67,74.72
10747.33,74.71
10748.00,74.70
10748.67,74.69
10749.33,74.68
10750.00,74.66
10750.67,74.65
10751.33,74.64
10752.00,74.63
10752.67,74.62
10753.33,74.60
10754.00,74.59
10754.67,74.58
10755.33,74.57
10756.00,74.56
10756.67,74.54
10757.33,74.53
10758.00,74.52
10758.67,74.50
10759.33,74.49
10760.00,74.48
10760.67,74.46
10761.33,74.45
10762.00,74.44
10762.67,74.42
10763.33,74.41
10764.00,74.40
10764.67,74.39
10765.33,74.37
10766.00,74.36
10766.67,74.35
10767.33,74.34
10768.00,74.33
10768.67,74.32
10769.33,74.31
10770.00,74.30
10770.67,74.29
10771.33,74.28
10772.00,74.28
10772.67,74.27
10773.33,74.26
10774.00,74.25
10774.67,74.24
10775.33,74.24
10776.00,74.23
10776.67,74.22
10777.33,74.21
10778.00,74.20
10778.67,74.18
10779.33,74.17
10780.00,74.16
10780.67,74.14
10781.33,74.12
10782.00,74.11
10782.67,74.09
10783.33,74.07
10784.00,74.06
10784.67,74.04
10785.33,74.03
10786.00,74.02
10786.67,74.01
10787.33,74.00
10788.00,74.00
10788.67,73.99
10789.33,73.98
10790.00,73.98
10790.67,73.97
10791.33,73.96
10792.00,73.95
10792.67,73.94
10793.33,73.93
10794.00,73.92
10794.67,73.91
10795.33,73.89
10796.00,73.88
10796.67,73.87
10797.33,73.85
10798.00,73.84
10798.67,73.83
10799.33,73.82
10800.00,73.81
10800.67,73.80
10801.33,73.79
10802.00,73.78
10802.67,73.77
10803.33,73.76
10804.00,73.75
10804.67,73.74
10805.33,73.73
10806.00,73.72
10806.67,73.70
10807.33,73.69
10808.00,73.68
10808.67,73.67
10809.33,73.65
10810.00,73.64
10810.67,73.63
10811.33,73.62
10812.00,73.61
10812.67,73.60
10813.33,73.59
10814.00,73.58
10814.67,73.57
10815.33,73.55
10816.00,73.54
10816.67,73.53
10817.33,73.52
10818.00,73.50
10818.67,73.49
10819.33,73.48
10820.00,73.46
10820.67,73.45
10821.33,73.44
10822.00,73.44
10822.67,73.43
10823.33,73.42
10824.00,73.41
10824.67,73.41
10825.33,73.40
10826.00,73.39
10826.67,73.38
10827.33,73.37
10828.00,73.36
10828.67,73.35
10829.33,73.33
10830.00,73.32
10830.67,73.31
10831.33,73.30
10832.00,73.29
10832.67,73.28
10833.33,73.27
10834.00,73.26
10834.67,73.25
10835.33,73.24
10836.00,73.23
10836.67,73.22
10837.33,73.21
10838.00,73.20
10838.67,73.19
10839.33,73.18
10840.00,73.16
10840.67,73.15
10841.33,73.14
10842.00,73.12
10842.67,73.11
10843.33,73.10
10844.00,73.09
10844.67,73.08
10845.33,73.07
10846.00,73.06
10846.67,73.05
10847.33,73.04
10848.00,73.03
10848.67,73.02
10849.33,73.01
10850.00,73.00
10850.67,72.99
10851.33,72.97
10852.00,72.96
10852.67,72.95
10853.33,72.94
10854.00,72.93
10854.67,72.93
10855.33,72.92
10856.00,72.91
10856.67,72.90
10857.33,72.89
10858.00,72.88
10858.67,72.87
10859.33,72.86
10860.00,72.84
10860.67,72.83
10861.33,72.81
10862.00,72.80
10862.67,72.79
10863.33,72.78
10864.00,72.77
10864.67,72.76
10865.33,72.75
10866.00,72.75
10866.67,72.74
10867.33,72.74
10868.00,72.73
10868.67,72.73
10869.33,72.72
10870.00,72.70
10870.67,72.69
10871.33,72.67
10872.00,72.66
10872.67,72.64
10873.33,72.62
10874.00,72.60
10874.67,72.58
10875.33,72.57
10876.00,72.56
10876.67,72.55
10877.33,72.54
10878.00,72.54
10878.67,72.53
10879.33,72.53
10880.00,72.53
10880.67,72.52
10881.33,72.52
10882.00,72.51
10882.67,72.50
10883.33,72.49
10884.00,72.48
10884.67,72.47
10885.33,72.45
10886.00,72.44
10886.67,72.43
10887.33,72.41
10888.00,72.40
10888.67,72.39
10889.33,72.38
10890.00,72.37
10890.67,72.36
10891.33,72.35
10892.00,72.34
10892.67,72.33
10893.33,72.32
10894.00,72.31
10894.67,72.30
10895.33,72.29
10896.00,72.28
10896.67,72.28
10897.33,72.27
10898.00,72.26
10898.67,72.25
10899.33,72.24
10900.00,72.23
10900.67,72.22
10901.33,72.21
10902.00,72.19
10902.67,72.18
10903.33,72.17
10904.00,72.16
10904.67,72.14
10905.33,72.13
10906.00,72.12
10906.67,72.11
10907.33,72.11
10908.00,72.10
10908.67,72.10
10909.33,72.09
10910.00,72.09
10910.67,72.08
10911.33,72.07
10912.00,72.06
10912.67,72.05
10913.33,72.04
10914.00,72.03
10914.67,72.01
10915.33,72.00
10916.00,71.98
10916.67,71.97
10917.33,71.95
10918.00,71.94
10918.67,71.93
10919.33,71.92
10920.00,71.91
10920.67,71.91
10921.33,71.90
10922.00,71.89
10922.67,71.88
10923.33,71.88
10924.00,71.87
10924.67,71.85
10925.33,71.84
10926.00,71.83
10926.67,71.82
10927.33,71.81
10928.00,71.80
10928.67,71.79
10929.33,71.79
10930.00,71.78
10930.67,71.77
10931.33,71.77
10932.00,71.76
10932.67,71.76
10933.33,71.75
10934.00,71.74
10934.67,71.73
10935.33,71.72
10936.00,71.71
10936.67,71.70
10937.33,71.68
10938.00,71.67
10938.67,71.66
10939.33,71.65
10940.00,71.64
10940.67,71.64
10941.33,71.63
10942.00,71.63
10942.67,71.62
10943.33,71.62
10944.00,71.61
10944.67,71.61
10945.33,71.60
10946.00,71.58
10946.67,71.57
10947.33,71.56
10948.00,71.54
10948.67,71.53
10949.33,71.51
10950.00,71.50
10950.67,71.49
10951.33,71.48
10952.00,71.47
10952.67,71.47
10953.33,71.47
10954.00,71.46
10954.67,71.46
10955.33,71.45
10956.00,71.45
10956.67,71.44
10957.33,71.43
10958.00,71.42
10958.67,71.40
10959.33,71.39
10960.00,71.37
10960.67,71.36
10961.33,71.34
10962.00,71.33
10962.67,71.32
10963.33,71.31
10964.00,71.30
10964.67,71.29
10965.33,71.29
10966.00,71.28
10966.67,71.27
10967.33,71.27
10968.00,71.26
10968.67,71.25
10969.33,71.24
10970.00,71.23
10970.67,71.22
10971.33,71.21
10972.00,71.19
10972.67,71.18
10973.33,71.17
10974.00,71.15
10974.67,71.14
10975.33,71.13
10976.00,71.12
10976.67,71.12
10977.33,71.11
10978.00,71.11
10978.67,71.10
10979.33,71.09
10980.00,71.09
10980.67,71.08
10981.33,71.08
10982.00,71.07
10982.67,71.06
10983.33,71.05
10984.00,71.04
10984.67,71.03
10985.33,71.02
10986.00,71.01
10986.67,71.00
10987.33,70.98
10988.00,70.97
10988.67,70.96
10989.33,70.95
10990.00,70.94
10990.67,70.94
10991.33,70.93
10992.00,70.92
10992.67,70.91
10993.33,70.89
10994.00,70.88
10994.67,70.87
10995.33,70.86
10996.00,70.85
10996.67,70.84
10997.33,70.82
10998.00,70.81
10998.67,70.80
10999.33,70.79
11000.00,70.78
11000.67,70.77
11001.33,70.76
11002.00,70.75
11002.67,70.75
11003.33,70.74
11004.00,70.74
11004.67,70.73
11005.33,70.73
11006.00,70.72
11006.67,70.72
11007.33,70.71
11008.00,70.70
11008.67,70.70
11009.33,70.69
11010.00,70.68
11010.67,70.67
11011.33,70.66
11012.00,70.65
11012.67,70.64
11013.33,70.63
11014.00,70.62
11014.67,70.61
11015.33,70.60
11016.00,70.59
11016.67,70.58
11017.33,70.57
11018.00,70.56
11018.67,70.55
11019.33,70.54
11020.00,70.53
11020.67,70.53
11021.33,70.52
11022.00,70.50
11022.67,70.49
11023.33,70.48
11024.00,70.47
11024.67,70.46
11025.33,70.45
11026.00,70.44
11026.67,70.43
11027.33,70.43
11028.00,70.42
11028.67,70.42
11029.33,70.41
11030.00,70.41
11030.67,70.41
11031.33,70.41
11032.00,70.40
11032.67,70.40
11033.33,70.39
11034.00,70.38
11034.67,70.36
11035.33,70.35
11036.00,70.33
11036.67,70.32
11037.33,70.30
11038.00,70.29
11038.67,70.28
11039.33,70.27
11040.00,70.26
11040.67,70.25
11041.33,70.25
11042.00,70.24
11042.67,70.24
11043.33,70.24
11044.00,70.24
11044.67,70.23
11045.33,70.23
11046.00,70.22
11046.67,70.21
11047.33,70.19
11048.00,70.18
11048.67,70.16
11049.33,70.15
11050.00,70.13
11050.67,70.12
11051.33,70.11
11052.00,70.10
11052.67,70.09
11053.33,70.08
11054.00,70.08
11054.67,70.08
11055.33,70.08
11056.00,70.07
11056.67,70.07
11057.33,70.06
11058.00,70.05
11058.67,70.04
11059.33,70.03
11060.00,70.02
11060.67,70.01
11061.33,70.00
11062.00,69.99
11062.67,69.98
11063.33,69.97
11064.00,69.96
11064.67,69.96
11065.33,69.95
11066.00,69.95
11066.67,69.95
11067.33,69.94
11068.00,69.94
11068.67,69.93
11069.33,69.93
11070.00,69.92
11070.67,69.91
11071.33,69.90
11072.00,69.89
11072.67,69.88
11073.33,69.87
11074.00,69.86
11074.67,69.85
11075.33,69.84
11076.00,69.83
11076.67,69.82
11077.33,69.80
11078.00,69.79
11078.67,69.78
11079.33,69.77
11080.00,69.76
11080.67,69.75
11081.33,69.74
11082.00,69.73
11082.67,69.72
11083.33,69.72
11084.00,69.71
11084.67,69.70
11085.33,69.70
11086.00,69.70
11086.67,69.69
11087.33,69.69
11088.00,69.68
11088.67,69.68
11089.33,69.67
11090.00,69.66
11090.67,69.65
11091.33,69.64
11092.00,69.63
11092.67,69.62
11093.33,69.61
11094.00,69.60
11094.67,69.59
11095.33,69.58
11096.00,69.57
11096.67,69.56
11097.33,69.55
11098.00,69.54
11098.67,69.54
11099.33,69.53
11100.00,69.52
11100.67,69.51
11101.33,69.50
11102.00,69.49
11102.67,69.49
11103.33,69.48
11104.00,69.47
11104.67,69.46
11105.33,69.45
11106.00,69.44
11106.67,69.43
11107.33,69.42
11108.00,69.41
11108.67,69.40
11109.33,69.39
11110.00,69.38
11110.67,69.37
11111.33,69.36
11112.00,69.36
11112.67,69.35
11113.33,69.35
11114.00,69.35
11114.67,69.35
11115.33,69.34
11116.00,69.34
11116.67,69.33
11117.33,69.33
11118.00,69.32
11118.67,69.31
11119.33,69.30
11120.00,69.28
11120.67,69.27
11121.33,69.26
11122.00,69.25
11122.67,69.23
11123.33,69.23
11124.00,69.22
11124.67,69.21
11125.33,69.21
11126.00,69.20
11126.67,69.20
11127.33,69.20
11128.00,69.19
11128.67,69.19
11129.33,69.18
11130.00,69.17
11130.67,69.16
11131.33,69.15
11132.00,69.14
11132.67,69.13
11133.33,69.12
11134.00,69.12
11134.67,69.11
11135.33,69.11
11136.00,69.10
11136.67,69.10
11137.33,69.09
11138.00,69.08
11138.67,69.08
11139.33,69.07
11140.00,69.06
11140.67,69.04
11141.33,69.03
11142.00,69.02
11142.67,69.00
11143.33,68.99
11144.00,68.98
11144.67,68.97
11145.33,68.96
11146.00,68.95
11146.67,68.95
11147.33,68.94
11148.00,68.93
11148.67,68.93
11149.33,68.92
11150.00,68.91
11150.67,68.90
11151.33,68.89
11152.00,68.88
11152.67,68.87
11153.33,68.86
11154.00,68.85
11154.67,68.84
11155.33,68.84
11156.00,68.83
11156.67,68.83
11157.33,68.83
11158.00,68.83
11158.67,68.82
11159.33,68.82
11160.00,68.82
11160.67,68.81
11161.33,68.80
11162.00,68.80
11162.67,68.79
11163.33,68.78
11164.00,68.77
11164.67,68.77
11165.33,68.76
11166.00,68.76
11166.67,68.75
11167.33,68.75
11168.00,68.74
11168.67,68.74
11169.33,68.73
11170.00,68.72
11170.67,68.71
11171.33,68.69
11172.00,68.67
11172.67,68.66
11173.33,68.64
11174.00,68.62
11174.67,68.61
11175.33,68.60
11176.00,68.59
11176.67,68.58
11177.33,68.58
11178.00,68.59
11178.67,68.59
11179.33,68.59
11180.00,68.59
11180.67,68.59
11181.33,68.59
11182.00,68.58
11182.67,68.57
11183.33,68.55
11184.00,68.54
11184.67,68.52
11185.33,68.50
11186.00,68.49
11186.67,68.48
11187.33,68.47
11188.00,68.46
11188.67,68.46
11189.33,68.46
11190.00,68.46
11190.67,68.46
11191.33,68.46
11192.00,68.46
11192.67,68.45
11193.33,68.45
11194.00,68.44
11194.67,68.43
11195.33,68.42
11196.00,68.41
11196.67,68.39
11197.33,68.39
11198.00,68.38
11198.67,68.37
11199.33,68.37
11200.00,68.37
11200.67,68.36
11201.33,68.36
11202.00,68.36
11202.67,68.35
11203.33,68.34
11204.00,68.33
11204.67,68.32
11205.33,68.30
11206.00,68.29
11206.67,68.27
11207.33,68.26
11208.00,68.24
11208.67,68.23
11209.33,68.22
11210.00,68.21
11210.67,68.21
11211.33,68.21
11212.00,68.20
11212.67,68.20
11213.33,68.20
11214.00,68.20
11214.67,68.20
11215.33,68.19
11216.00,68.19
11216.67,68.18
11217.33,68.18
11218.00,68.17
11218.67,68.16
11219.33,68.16
11220.00,68.16
11220.67,68.15
11221.33,68.15
11222.00,68.14
11222.67,68.14
11223.33,68.13
11224.00,68.12
11224.67,68.12
11225.33,68.11
11226.00,68.10
11226.67,68.09
11227.33,68.08
11228.00,68.07
11228.67,68.06
11229.33,68.05
11230.00,68.03
11230.67,68.02
11231.33,68.01
11232.00,68.00
11232.67,67.99
11233.33,67.98
11234.00,67.97
11234.67,67.96
11235.33,67.95
11236.00,67.94
11236.67,67.93
11237.33,67.93
11238.00,67.92
11238.67,67.92
11239.33,67.92
11240.00,67.92
11240.67,67.92
11241.33,67.92
11242.00,67.92
11242.67,67.91
11243.33,67.91
11244.00,67.90
11244.67,67.89
11245.33,67.87
11246.00,67.86
11246.67,67.84
11247.33,67.83
11248.00,67.82
11248.67,67.81
11249.33,67.80
11250.00,67.80
11250.67,67.80
11251.33,67.80
11252.00,67.80
11252.67,67.80
11253.33,67.80
11254.00,67.80
11254.67,67.80
11255.33,67.79
11256.00,67.78
11256.67,67.76
11257.33,67.75
11258.00,67.73
11258.67,67.72
11259.33,67.70
11260.00,67.69
11260.67,67.68
11261.33,67.67
11262.00,67.67
11262.67,67.67
11263.33,67.67
11264.00,67.67
11264.67,67.67
11265.33,67.67
11266.00,67.67
11266.67,67.67
11267.33,67.66
11268.00,67.66
11268.67,67.65
11269.33,67.64
11270.00,67.63
11270.67,67.62
11271.33,67.61
11272.00,67.60
11272.67,67.59
11273.33,67.59
11274.00,67.58
11274.67,67.57
11275.33,67.56
11276.00,67.55
11276.67,67.54
11277.33,67.53
11278.00,67.51
11278.67,67.50
11279.33,67.49
11280.00,67.47
11280.67,67.46
11281.33,67.45
11282.00,67.44
11282.67,67.44
11283.33,67.43
11284.00,67.42
11284.67,67.42
11285.33,67.41
11286.00,67.41
11286.67,67.40
11287.33,67.40
11288.00,67.39
11288.67,67.38
11289.33,67.38
11290.00,67.37
11290.67,67.36
11291.33,67.35
11292.00,67.35
11292.67,67.34
11293.33,67.34
11294.00,67.34
11294.67,67.33
11295.33,67.33
11296.00,67.33
11296.67,67.33
11297.33,67.33
11298.00,67.33
11298.67,67.33
11299.33,67.32
11300.00,67.32
11300.67,67.31
11301.33,67.31
11302.00,67.30
11302.67,67.29
11303.33,67.29
11304.00,67.28
11304.67,67.27
11305.33,67.25
11306.00,67.24
11306.67,67.23
11307.33,67.22
11308.00,67.21
11308.67,67.20
11309.33,67.19
11310.00,67.18
11310.67,67.17
11311.33,67.17
11312.00,67.16
11312.67,67.16
11313.33,67.16
11314.00,67.16
11314.67,67.16
11315.33,67.16
11316.00,67.16
11316.67,67.16
11317.33,67.16
11318.00,67.16
11318.67,67.15
11319.33,67.15
11320.00,67.14
11320.67,67.13
11321.33,67.12
11322.00,67.11
11322.67,67.10
11323.33,67.09
11324.00,67.07
11324.67,67.06
11325.33,67.04
11326.00,67.03
11326.67,67.01
11327.33,67.00
11328.00,66.99
11328.67,66.98
11329.33,66.97
11330.00,66.96
11330.67,66.96
11331.33,66.96
11332.00,66.95
11332.67,66.96
11333.33,66.96
11334.00,66.96
11334.67,66.96
11335.33,66.96
11336.00,66.96
11336.67,66.95
11337.33,66.95
11338.00,66.94
11338.67,66.93
11339.33,66.92
11340.00,66.92
11340.67,66.91
11341.33,66.90
11342.00,66.90
11342.67,66.89
11343.33,66.89
11344.00,66.89
11344.67,66.89
11345.33,66.89
11346.00,66.88
11346.67,66.88
11347.33,66.87
11348.00,66.86
11348.67,66.85
11349.33,66.84
11350.00,66.82
11350.67,66.81
11351.33,66.80
11352.00,66.79
11352.67,66.78
11353.33,66.77
11354.00,66.76
11354.67,66.76
11355.33,66.76
11356.00,66.75
11356.67,66.75
11357.33,66.74
11358.00,66.74
11358.67,66.73
11359.33,66.72
11360.00,66.71
11360.67,66.70
11361.33,66.69
11362.00,66.68
11362.67,66.67
11363.33,66.66
11364.00,66.66
11364.67,66.65
11365.33,66.65
11366.00,66.65
11366.67,66.64
11367.33,66.64
11368.00,66.63
11368.67,66.63
11369.33,66.62
11370.00,66.61
11370.67,66.60
11371.33,66.58
11372.00,66.57
11372.67,66.56
11373.33,66.56
11374.00,66.55
11374.67,66.55
11375.33,66.55
11376.00,66.55
11376.67,66.55
11377.33,66.56
11378.00,66.56
11378.67,66.56
11379.33,66.56
11380.00,66.56
11380.67,66.55
11381.33,66.54
11382.00,66.53
11382.67,66.52
11383.33,66.51
11384.00,66.50
11384.67,66.49
11385.33,66.48
11386.00,66.47
11386.67,66.46
11387.33,66.45
11388.00,66.45
11388.67,66.44
11389.33,66.44
11390.00,66.43
11390.67,66.43
11391.33,66.42
11392.00,66.41
11392.67,66.41
11393.33,66.40
11394.00,66.40
11394.67,66.39
11395.33,66.38
11396.00,66.38
11396.67,66.37
11397.33,66.37
11398.00,66.36
11398.67,66.36
11399.33,66.35
11400.00,66.35
11400.67,66.34
11401.33,66.33
11402.00,66.33
11402.67,66.32
11403.33,66.31
11404.00,66.31
11404.67,66.30
11405.33,66.30
11406.00,66.30
11406.67,66.29
11407.33,66.29
11408.00,66.28
11408.67,66.27
11409.33,66.26
11410.00,66.25
11410.67,66.23
11411.33,66.22
11412.00,66.20
11412.67,66.18
11413.33,66.17
11414.00,66.15
11414.67,66.14
11415.33,66.13
11416.00,66.13
11416.67,66.13
11417.33,66.13
11418.00,66.13
11418.67,66.14
11419.33,66.15
11420.00,66.15
11420.67,66.15
11421.33,66.16
11422.00,66.15
11422.67,66.15
11423.33,66.14
11424.00,66.13
11424.67,66.13
11425.33,66.12
11426.00,66.11
11426.67,66.10
11427.33,66.09
11428.00,66.09
11428.67,66.09
11429.33,66.08
11430.00,66.08
11430.67,66.08
11431.33,66.07
11432.00,66.07
11432.67,66.06
11433.33,66.05
11434.00,66.04
11434.67,66.03
11435.33,66.02
11436.00,66.01
11436.67,66.00
11437.33,65.99
11438.00,65.98
11438.67,65.98
11439.33,65.98
11440.00,65.98
11440.67,65.98
11441.33,65.97
11442.00,65.97
11442.67,65.97
11443.33,65.96
11444.00,65.96
11444.67,65.95
11445.33,65.94
11446.00,65.93
11446.67,65.92
11447.33,65.91
11448.00,65.90
11448.67,65.89
11449.33,65.89
11450.00,65.89
11450.67,65.89
11451.33,65.89
11452.00,65.89
11452.67,65.89
11453.33,65.89
11454.00,65.89
11454.67,65.89
11455.33,65.88
11456.00,65.87
11456.67,65.85
11457.33,65.84
11458.00,65.82
11458.67,65.81
11459.33,65.80
11460.00,65.78
11460.67,65.77
11461.33,65.77
11462.00,65.76
11462.67,65.76
11463.33,65.76
11464.00,65.76
11464.67,65.76
11465.33,65.76
11466.00,65.76
11466.67,65.76
11467.33,65.76
11468.00,65.75
11468.67,65.74
11469.33,65.74
11470.00,65.73
11470.67,65.72
11471.33,65.71
11472.00,65.70
11472.67,65.69
11473.33,65.69
11474.00,65.68
11474.67,65.68
11475.33,65.68
11476.00,65.67
11476.67,65.67
11477.33,65.67
11478.00,65.66
11478.67,65.66
11479.33,65.65
11480.00,65.64
11480.67,65.63
11481.33,65.62
11482.00,65.61
11482.67,65.60
11483.33,65.60
11484.00,65.59
11484.67,65.59
11485.33,65.59
11486.00,65.59
11486.67,65.59
11487.33,65.59
11488.00,65.59
11488.67,65.59
11489.33,65.59
11490.00,65.59
11490.67,65.58
11491.33,65.57
11492.00,65.55
11492.67,65.54
11493.33,65.52
11494.00,65.51
11494.67,65.49
11495.33,65.47
11496.00,65.46
11496.67,65.45
11497.33,65.44
11498.00,65.44
11498.67,65.43
11499.33,65.43
11500.00,65.43
11500.67,65.44
11501.33,65.44
11502.00,65.44
11502.67,65.43
11503.33,65.43
11504.00,65.42
11504.67,65.42
11505.33,65.41
11506.00,65.40
11506.67,65.39
11507.33,65.38
11508.00,65.37
11508.67,65.36
11509.33,65.35
11510.00,65.34
11510.67,65.34
11511.33,65.33
11512.00,65.33
11512.67,65.33
11513.33,65.32
11514.00,65.32
11514.67,65.32
11515.33,65.31
11516.00,65.31
11516.67,65.31
11517.33,65.31
11518.00,65.31
11518.67,65.31
11519.33,65.31
11520.00,65.31
11520.67,65.31
11521.33,65.31
11522.00,65.31
11522.67,65.31
11523.33,65.31
11524.00,65.31
11524.67,65.30
11525.33,65.29
11526.00,65.28
11526.67,65.27
11527.33,65.26
11528.00,65.25
11528.67,65.23
11529.33,65.22
11530.00,65.20
11530.67,65.19
11531.33,65.18
11532.00,65.16
11532.67,65.15
11533.33,65.14
11534.00,65.13
11534.67,65.13
11535.33,65.12
11536.00,65.12
11536.67,65.12
11537.33,65.12
11538.00,65.12
11538.67,65.12
11539.33,65.12
11540.00,65.12
11540.67,65.12
11541.33,65.11
11542.00,65.11
11542.67,65.10
11543.33,65.10
11544.00,65.09
11544.67,65.08
11545.33,65.07
11546.00,65.06
11546.67,65.05
11547.33,65.04
11548.00,65.04
11548.67,65.03
11549.33,65.03
11550.00,65.03
11550.67,65.03
11551.33,65.03
11552.00,65.03
11552.67,65.03
11553.33,65.02
11554.00,65.02
11554.67,65.01
11555.33,65.01
11556.00,65.00
11556.67,64.99
11557.33,64.99
11558.00,64.98
11558.67,64.98
11559.33,64.97
11560.00,64.97
11560.67,64.97
11561.33,64.98
11562.00,64.98
11562.67,64.98
11563.33,64.98
11564.00,64.98
11564.67,64.97
11565.33,64.97
11566.00,64.96
11566.67,64.95
11567.33,64.93
11568.00,64.92
11568.67,64.90
11569.33,64.89
11570.00,64.88
11570.67,64.87
11571.33,64.86
11572.00,64.85
11572.67,64.84
11573.33,64.84
11574.00,64.84
11574.67,64.83
11575.33,64.83
11576.00,64.83
11576.67,64.82
11577.33,64.82
11578.00,64.81
11578.67,64.80
11579.33,64.79
11580.00,64.79
11580.67,64.78
11581.33,64.77
11582.00,64.76
11582.67,64.75
11583.33,64.74
11584.00,64.74
11584.67,64.73
11585.33,64.73
11586.00,64.72
11586.67,64.72
11587.33,64.72
11588.00,64.72
11588.67,64.71
11589.33,64.71
11590.00,64.71
11590.67,64.72
11591.33,64.72
11592.00,64.72
11592.67,64.72
11593.33,64.72
11594.00,64.72
11594.67,64.72
11595.33,64.71
11596.00,64.71
11596.67,64.70
11597.33,64.69
11598.00,64.68
11598.67,64.66
11599.33,64.65
11600.00,64.64
11600.67,64.63
11601.33,64.62
11602.00,64.61
11602.67,64.61
11603.33,64.61
11604.00,64.60
11604.67,64.60
11605.33,64.60
11606.00,64.60
11606.67,64.60
11607.33,64.59
11608.00,64.59
11608.67,64.59
11609.33,64.58
11610.00,64.58
11610.67,64.57
11611.33,64.57
11612.00,64.57
11612.67,64.56
11613.33,64.56
11614.00,64.56
11614.67,64.56
11615.33,64.55
11616.00,64.55
11616.67,64.55
11617.33,64.54
11618.00,64.53
11618.67,64.52
11619.33,64.51
11620.00,64.50
11620.67,64.49
11621.33,64.47
11622.00,64.46
11622.67,64.45
11623.33,64.43
11624.00,64.43
11624.67,64.42
11625.33,64.41
11626.00,64.41
11626.67,64.41
11627.33,64.41
11628.00,64.41
11628.67,64.42
11629.33,64.42
11630.00,64.42
11630.67,64.42
11631.33,64.42
11632.00,64.42
11632.67,64.42
11633.33,64.42
11634.00,64.41
11634.67,64.40
11635.33,64.39
11636.00,64.39
11636.67,64.38
11637.33,64.37
11638.00,64.36
11638.67,64.35
11639.33,64.35
11640.00,64.34
11640.67,64.34
11641.33,64.34
11642.00,64.33
11642.67,64.33
11643.33,64.33
11644.00,64.32
11644.67,64.31
11645.33,64.31
11646.00,64.30
11646.67,64.29
11647.33,64.28
11648.00,64.27
11648.67,64.26
11649.33,64.25
11650.00,64.24
11650.67,64.24
11651.33,64.23
11652.00,64.23
11652.67,64.24
11653.33,64.24
11654.00,64.25
11654.67,64.25
11655.33,64.25
11656.00,64.25
11656.67,64.25
11657.33,64.25
11658.00,64.24
11658.67,64.22
11659.33,64.21
11660.00,64.19
11660.67,64.17
11661.33,64.16
11662.00,64.14
11662.67,64.13
11663.33,64.12
11664.00,64.11
11664.67,64.11
11665.33,64.11
11666.00,64.11
11666.67,64.12
11667.33,64.12
11668.00,64.13
11668.67,64.13
11669.33,64.13
11670.00,64.14
11670.67,64.13
11671.33,64.13
11672.00,64.13
11672.67,64.12
11673.33,64.11
11674.00,64.10
11674.67,64.09
11675.33,64.07
11676.00,64.06
11676.67,64.05
11677.33,64.04
11678.00,64.03
11678.67,64.03
11679.33,64.02
11680.00,64.02
11680.67,64.02
11681.33,64.02
11682.00,64.03
11682.67,64.03
11683.33,64.03
11684.00,64.03
11684.67,64.03
11685.33,64.03
11686.00,64.02
11686.67,64.01
11687.33,63.99
11688.00,63.98
11688.67,63.96
11689.33,63.94
11690.00,63.92
11690.67,63.90
11691.33,63.89
11692.00,63.88
11692.67,63.88
11693.33,63.88
11694.00,63.89
11694.67,63.90
11695.33,63.91
11696.00,63.92
11696.67,63.94
11697.33,63.95
11698.00,63.96
11698.67,63.96
11699.33,63.96
11700.00,63.95
11700.67,63.94
11701.33,63.93
11702.00,63.91
11702.67,63.90
11703.33,63.89
11704.00,63.88
11704.67,63.87
11705.33,63.86
11706.00,63.86
11706.67,63.86
11707.33,63.86
11708.00,63.86
11708.67,63.86
11709.33,63.86
11710.00,63.85
11710.67,63.85
11711.33,63.84
11712.00,63.83
11712.67,63.82
11713.33,63.82
11714.00,63.81
11714.67,63.80
11715.33,63.80
11716.00,63.80
11716.67,63.80
11717.33,63.80
11718.00,63.80
11718.67,63.81
11719.33,63.81
11720.00,63.80
11720.67,63.80
11721.33,63.79
11722.00,63.78
11722.67,63.77
11723.33,63.76
11724.00,63.75
11724.67,63.73
11725.33,63.72
11726.00,63.72
11726.67,63.71
11727.33,63.70
11728.00,63.70
11728.67,63.69
11729.33,63.69
11730.00,63.68
11730.67,63.68
11731.33,63.67
11732.00,63.66
11732.67,63.64
11733.33,63.63
11734.00,63.61
11734.67,63.60
11735.33,63.59
11736.00,63.58
11736.67,63.57
11737.33,63.57
11738.00,63.57
11738.67,63.58
11739.33,63.59
11740.00,63.60
11740.67,63.61
11741.33,63.62
11742.00,63.63
11742.67,63.64
11743.33,63.64
11744.00,63.63
11744.67,63.63
11745.33,63.61
11746.00,63.60
11746.67,63.58
11747.33,63.56
11748.00,63.54
11748.67,63.52
11749.33,63.51
11750.00,63.49
11750.67,63.48
11751.33,63.47
11752.00,63.47
11752.67,63.47
11753.33,63.47
11754.00,63.47
11754.67,63.47
11755.33,63.47
11756.00,63.48
11756.67,63.48
11757.33,63.48
11758.00,63.48
11758.67,63.48
11759.33,63.47
11760.00,63.47
11760.67,63.46
11761.33,63.45
11762.00,63.45
11762.67,63.44
11763.33,63.43
11764.00,63.42
11764.67,63.42
11765.33,63.41
11766.00,63.40
11766.67,63.40
11767.33,63.40
11768.00,63.39
11768.67,63.39
11769.33,63.39
11770.00,63.38
11770.67,63.38
11771.33,63.38
11772.00,63.38
11772.67,63.38
11773.33,63.39
11774.00,63.39
11774.67,63.39
11775.33,63.39
11776.00,63.40
11776.67,63.40
11777.33,63.39
11778.00,63.39
11778.67,63.38
11779.33,63.37
11780.00,63.35
11780.67,63.34
11781.33,63.32
11782.00,63.31
11782.67,63.29
11783.33,63.27
11784.00,63.26
11784.67,63.25
11785.33,63.25
11786.00,63.24
11786.67,63.24
11787.33,63.24
11788.00,63.24
11788.67,63.24
11789.33,63.23
11790.00,63.23
11790.67,63.22
11791.33,63.21
11792.00,63.20
11792.67,63.19
11793.33,63.19
11794.00,63.18
11794.67,63.18
11795.33,63.18
11796.00,63.18
11796.67,63.18
11797.33,63.19
11798.00,63.20
11798.67,63.20
11799.33,63.21
11800.00,63.21
11800.67,63.20
11801.33,63.20
11802.00,63.19
11802.67,63.18
11803.33,63.16
11804.00,63.15
11804.67,63.13
11805.33,63.12
11806.00,63.11
11806.67,63.10
11807.33,63.09
11808.00,63.09
11808.67,63.09
11809.33,63.08
11810.00,63.08
11810.67,63.07
11811.33,63.06
11812.00,63.06
11812.67,63.04
11813.33,63.03
11814.00,63.03
11814.67,63.02
11815.33,63.02
11816.00,63.02
11816.67,63.02
11817.33,63.03
11818.00,63.04
11818.67,63.05
11819.33,63.06
11820.00,63.06
11820.67,63.07
11821.33,63.06
11822.00,63.05
11822.67,63.04
11823.33,63.02
11824.00,63.00
11824.67,62.98
11825.33,62.96
11826.00,62.94
11826.67,62.93
11827.33,62.93
11828.00,62.93
11828.67,62.94
11829.33,62.95
11830.00,62.96
11830.67,62.98
11831.33,62.99
11832.00,63.00
11832.67,63.00
11833.33,63.00
11834.00,62.99
11834.67,62.98
11835.33,62.97
11836.00,62.96
11836.67,62.94
11837.33,62.93
11838.00,62.92
11838.67,62.92
11839.33,62.91
11840.00,62.91
11840.67,62.91
11841.33,62.91
11842.00,62.91
11842.67,62.90
11843.33,62.89
11844.00,62.88
11844.67,62.87
11845.33,62.85
11846.00,62.83
11846.67,62.82
11847.33,62.81
11848.00,62.81
11848.67,62.81
11849.33,62.82
11850.00,62.83
11850.67,62.85
11851.33,62.86
11852.00,62.88
11852.67,62.89
11853.33,62.90
11854.00,62.90
11854.67,62.89
11855.33,62.88
11856.00,62.86
11856.67,62.84
11857.33,62.82
11858.00,62.80
11858.67,62.78
11859.33,62.77
11860.00,62.76
11860.67,62.76
11861.33,62.77
11862.00,62.78
11862.67,62.80
11863.33,62.81
11864.00,62.82
11864.67,62.83
11865.33,62.83
11866.00,62.83
11866.67,62.82
11867.33,62.80
11868.00,62.78
11868.67,62.76
11869.33,62.74
11870.00,62.72
11870.67,62.70
11871.33,62.69
11872.00,62.68
11872.67,62.67
11873.33,62.67
11874.00,62.66
11874.67,62.66
11875.33,62.66
11876.00,62.66
11876.67,62.66
11877.33,62.66
11878.00,62.65
11878.67,62.65
11879.33,62.65
11880.00,62.64
11880.67,62.64
11881.33,62.64
11882.00,62.64
11882.67,62.64
11883.33,62.64
11884.00,62.64
11884.67,62.64
11885.33,62.63
11886.00,62.63
11886.67,62.63
11887.33,62.62
11888.00,62.62
11888.67,62.62
11889.33,62.61
11890.00,62.61
11890.67,62.60
11891.33,62.60
11892.00,62.59
11892.67,62.59
11893.33,62.59
11894.00,62.58
11894.67,62.58
11895.33,62.57
11896.00,62.56
11896.67,62.56
11897.33,62.55
11898.00,62.54
11898.67,62.54
11899.33,62.53
11900.00,62.53
11900.67,62.52
11901.33,62.52
11902.00,62.52
11902.67,62.52
11903.33,62.52
11904.00,62.51
11904.67,62.51
11905.33,62.50
11906.00,62.49
11906.67,62.49
11907.33,62.48
11908.00,62.47
11908.67,62.46
11909.33,62.45
11910.00,62.45
11910.67,62.44
11911.33,62.44
11912.00,62.44
11912.67,62.44
11913.33,62.44
11914.00,62.44
11914.67,62.44
11915.33,62.43
11916.00,62.43
11916.67,62.43
11917.33,62.43
11918.00,62.43
11918.67,62.43
11919.33,62.43
11920.00,62.43
11920.67,62.43
11921.33,62.43
11922.00,62.42
11922.67,62.42
11923.33,62.42
11924.00,62.41
11924.67,62.41
11925.33,62.40
11926.00,62.39
11926.67,62.38
11927.33,62.37
11928.00,62.37
11928.67,62.36
11929.33,62.36
11930.00,62.36
11930.67,62.37
11931.33,62.38
11932.00,62.39
11932.67,62.40
11933.33,62.41
11934.00,62.41
11934.67,62.41
11935.33,62.41
11936.00,62.40
11936.67,62.39
11937.33,62.37
11938.00,62.35
11938.67,62.33
11939.33,62.32
11940.00,62.30
11940.67,62.29
11941.33,62.29
11942.00,62.29
11942.67,62.30
11943.33,62.30
11944.00,62.31
11944.67,62.32
11945.33,62.33
11946.00,62.33
11946.67,62.33
11947.33,62.32
11948.00,62.31
11948.67,62.30
11949.33,62.28
11950.00,62.26
11950.67,62.24
11951.33,62.23
11952.00,62.22
11952.67,62.21
11953.33,62.21
11954.00,62.21
11954.67,62.21
11955.33,62.21
11956.00,62.21
11956.67,62.21
11957.33,62.21
11958.00,62.20
11958.67,62.19
11959.33,62.18
11960.00,62.17
11960.67,62.15
11961.33,62.14
11962.00,62.13
11962.67,62.12
11963.33,62.12
11964.00,62.11
11964.67,62.11
11965.33,62.12
11966.00,62.12
11966.67,62.12
11967.33,62.13
11968.00,62.13
11968.67,62.14
11969.33,62.14
11970.00,62.14
11970.67,62.15
11971.33,62.15
11972.00,62.15
11972.67,62.15
11973.33,62.15
11974.00,62.15
11974.67,62.15
11975.33,62.14
11976.00,62.13
11976.67,62.11
11977.33,62.10
11978.00,62.08
11978.67,62.05
11979.33,62.03
11980.00,62.01
11980.67,61.99
11981.33,61.98
11982.00,61.97
11982.67,61.98
11983.33,61.99
11984.00,62.00
11984.67,62.02
11985.33,62.04
11986.00,62.06
11986.67,62.08
11987.33,62.09
11988.00,62.10
11988.67,62.10
11989.33,62.09
11990.00,62.08
11990.67,62.06
11991.33,62.03
11992.00,62.01
11992.67,61.98
11993.33,61.96
11994.00,61.95
11994.67,61.94
11995.33,61.93
11996.00,61.93
11996.67,61.94
11997.33,61.95
11998.00,61.96
11998.67,61.97
11999.33,61.98
12000.00,61.99
12000.67,61.99
12001.33,61.99
12002.00,61.99
12002.67,61.98
12003.33,61.98
12004.00,61.97
12004.67,61.97
12005.33,61.97
12006.00,61.97
12006.67,61.97
12007.33,61.98
12008.00,61.99
12008.67,61.99
12009.33,62.00
12010.00,62.00
12010.67,62.00
12011.33,61.99
12012.00,61.98
12012.67,61.96
12013.33,61.94
12014.00,61.92
12014.67,61.90
12015.33,61.88
12016.00,61.86
12016.67,61.85
12017.33,61.85
12018.00,61.85
12018.67,61.85
12019.33,61.87
12020.00,61.88
12020.67,61.90
12021.33,61.91
12022.00,61.93
12022.67,61.94
12023.33,61.94
12024.00,61.94
12024.67,61.93
12025.33,61.92
12026.00,61.90
12026.67,61.87
12027.33,61.84
12028.00,61.82
12028.67,61.79
12029.33,61.77
12030.00,61.75
12030.67,61.74
12031.33,61.73
12032.00,61.73
12032.67,61.73
12033.33,61.74
12034.00,61.74
12034.67,61.75
12035.33,61.76
12036.00,61.76
12036.67,61.77
12037.33,61.77
12038.00,61.77
12038.67,61.77
12039.33,61.77
12040.00,61.76
12040.67,61.76
12041.33,61.77
12042.00,61.77
12042.67,61.77
12043.33,61.78
12044.00,61.78
12044.67,61.78
12045.33,61.78
12046.00,61.77
12046.67,61.76
12047.33,61.74
12048.00,61.72
12048.67,61.69
12049.33,61.67
12050.00,61.64
12050.67,61.62
12051.33,61.61
12052.00,61.61
12052.67,61.61
12053.33,61.63
12054.00,61.65
12054.67,61.68
12055.33,61.71
12056.00,61.74
12056.67,61.76
12057.33,61.78
12058.00,61.79
12058.67,61.79
12059.33,61.77
12060.00,61.75
12060.67,61.72
12061.33,61.68
12062.00,61.64
12062.67,61.61
12063.33,61.58
12064.00,61.55
12064.67,61.53
12065.33,61.53
12066.00,61.53
12066.67,61.54
12067.33,61.56
12068.00,61.57
12068.67,61.59
12069.33,61.61
12070.00,61.62
12070.67,61.62
12071.33,61.62
12072.00,61.61
12072.67,61.61
12073.33,61.60
12074.00,61.59
12074.67,61.58
12075.33,61.58
12076.00,61.58
12076.67,61.58
12077.33,61.59
12078.00,61.60
12078.67,61.60
12079.33,61.61
12080.00,61.61
12080.67,61.60
12081.33,61.59
12082.00,61.57
12082.67,61.55
12083.33,61.53
12084.00,61.50
12084.67,61.48
12085.33,61.46
12086.00,61.44
12086.67,61.43
12087.33,61.43
12088.00,61.44
12088.67,61.45
12089.33,61.47
12090.00,61.48
12090.67,61.50
12091.33,61.52
12092.00,61.53
12092.67,61.54
12093.33,61.54
12094.00,61.54
12094.67,61.53
12095.33,61.52
12096.00,61.51
12096.67,61.50
12097.33,61.48
12098.00,61.47
12098.67,61.46
12099.33,61.45
12100.00,61.45
12100.67,61.44
12101.33,61.44
12102.00,61.44
12102.67,61.44
12103.33,61.45
12104.00,61.45
12104.67,61.46
12105.33,61.47
12106.00,61.47
12106.67,61.48
12107.33,61.49
12108.00,61.50
12108.67,61.51
12109.33,61.52
12110.00,61.52
12110.67,61.52
12111.33,61.52
12112.00,61.52
12112.67,61.51
12113.33,61.49
12114.00,61.47
12114.67,61.45
12115.33,61.43
12116.00,61.41
12116.67,61.39
12117.33,61.38
12118.00,61.36
12118.67,61.36
12119.33,61.35
12120.00,61.35
12120.67,61.36
12121.33,61.37
12122.00,61.38
12122.67,61.39
12123.33,61.40
12124.00,61.41
12124.67,61.42
12125.33,61.43
12126.00,61.42
12126.67,61.42
12127.33,61.41
12128.00,61.39
12128.67,61.37
12129.33,61.35
12130.00,61.33
12130.67,61.30
12131.33,61.28
12132.00,61.26
12132.67,61.24
12133.33,61.22
12134.00,61.21
12134.67,61.21
12135.33,61.21
12136.00,61.21
12136.67,61.22
12137.33,61.22
12138.00,61.23
12138.67,61.24
12139.33,61.25
12140.00,61.25
12140.67,61.25
12141.33,61.25
12142.00,61.25
12142.67,61.24
12143.33,61.23
12144.00,61.22
12144.67,61.21
12145.33,61.20
12146.00,61.19
12146.67,61.19
12147.33,61.19
12148.00,61.19
12148.67,61.19
12149.33,61.20
12150.00,61.21
12150.67,61.21
12151.33,61.22
12152.00,61.23
12152.67,61.23
12153.33,61.23
12154.00,61.23
12154.67,61.23
12155.33,61.23
12156.00,61.23
12156.67,61.22
12157.33,61.22
12158.00,61.22
12158.67,61.21
12159.33,61.21
12160.00,61.21
12160.67,61.20
12161.33,61.20
12162.00,61.20
12162.67,61.19
12163.33,61.19
12164.00,61.18
12164.67,61.17
12165.33,61.16
12166.00,61.15
12166.67,61.15
12167.33,61.14
12168.00,61.13
12168.67,61.13
12169.33,61.13
12170.00,61.12
12170.67,61.13
12171.33,61.13
12172.00,61.13
12172.67,61.13
12173.33,61.14
12174.00,61.14
12174.67,61.14
12175.33,61.14
12176.00,61.14
12176.67,61.13
12177.33,61.13
12178.00,61.12
12178.67,61.11
12179.33,61.10
12180.00,61.08
12180.67,61.07
12181.33,61.05
12182.00,61.04
12182.67,61.03
12183.33,61.02
12184.00,61.02
12184.67,61.02
12185.33,61.02
12186.00,61.03
12186.67,61.04
12187.33,61.05
12188.00,61.06
12188.67,61.07
12189.33,61.08
12190.00,61.08
12190.67,61.08
12191.33,61.08
12192.00,61.07
12192.67,61.06
12193.33,61.05
12194.00,61.04
12194.67,61.03
12195.33,61.02
12196.00,61.02
12196.67,61.02
12197.33,61.02
12198.00,61.03
12198.67,61.04
12199.33,61.05
12200.00,61.05
12200.67,61.06
12201.33,61.06
12202.00,61.06
12202.67,61.05
12203.33,61.04
12204.00,61.02
12204.67,61.00
12205.33,60.98
12206.00,60.96
12206.67,60.94
12207.33,60.92
12208.00,60.90
12208.67,60.89
12209.33,60.89
12210.00,60.88
12210.67,60.88
12211.33,60.88
12212.00,60.88
12212.67,60.88
12213.33,60.88
12214.00,60.88
12214.67,60.87
12215.33,60.87
12216.00,60.86
12216.67,60.86
12217.33,60.86
12218.00,60.87
12218.67,60.87
12219.33,60.88
12220.00,60.89
12220.67,60.91
12221.33,60.92
12222.00,60.92
12222.67,60.93
12223.33,60.93
12224.00,60.93
12224.67,60.92
12225.33,60.91
12226.00,60.89
12226.67,60.87
12227.33,60.86
12228.00,60.84
12228.67,60.82
12229.33,60.81
12230.00,60.80
12230.67,60.79
12231.33,60.78
12232.00,60.78
12232.67,60.78
12233.33,60.78
12234.00,60.78
12234.67,60.78
12235.33,60.78
12236.00,60.78
12236.67,60.78
12237.33,60.79
12238.00,60.79
12238.67,60.79
12239.33,60.79
12240.00,60.79
12240.67,60.80
12241.33,60.80
12242.00,60.80
12242.67,60.80
12243.33,60.80
12244.00,60.80
12244.67,60.79
12245.33,60.78
12246.00,60.77
12246.67,60.76
12247.33,60.75
12248.00,60.75
12248.67,60.75
12249.33,60.75
12250.00,60.75
12250.67,60.76
12251.33,60.77
12252.00,60.79
12252.67,60.80
12253.33,60.81
12254.00,60.81
12254.67,60.82
12255.33,60.81
12256.00,60.81
12256.67,60.80
12257.33,60.79
12258.00,60.78
12258.67,60.77
12259.33,60.76
12260.00,60.75
12260.67,60.75
12261.33,60.75
12262.00,60.76
12262.67,60.76
12263.33,60.77
12264.00,60.78
12264.67,60.79
12265.33,60.79
12266.00,60.79
12266.67,60.79
12267.33,60.78
12268.00,60.77
12268.67,60.76
12269.33,60.74
12270.00,60.73
12270.67,60.71
12271.33,60.70
12272.00,60.68
12272.67,60.67
12273.33,60.66
12274.00,60.65
12274.67,60.64
12275.33,60.63
12276.00,60.63
12276.67,60.62
12277.33,60.61
12278.00,60.61
12278.67,60.60
12279.33,60.60
12280.00,60.60
12280.67,60.59
12281.33,60.59
12282.00,60.59
12282.67,60.60
12283.33,60.60
12284.00,60.60
12284.67,60.61
12285.33,60.61
12286.00,60.61
12286.67,60.61
12287.33,60.61
12288.00,60.61
12288.67,60.61
12289.33,60.61
12290.00,60.61
12290.67,60.62
12291.33,60.62
12292.00,60.62
12292.67,60.62
12293.33,60.62
12294.00,60.62
12294.67,60.62
12295.33,60.62
12296.00,60.61
12296.67,60.61
12297.33,60.60
12298.00,60.59
12298.67,60.59
12299.33,60.59
12300.00,60.59
12300.67,60.59
12301.33,60.60
12302.00,60.61
12302.67,60.62
12303.33,60.62
12304.00,60.63
12304.67,60.63
12305.33,60.63
12306.00,60.62
12306.67,60.60
12307.33,60.59
12308.00,60.56
12308.67,60.54
12309.33,60.51
12310.00,60.49
12310.67,60.47
12311.33,60.46
12312.00,60.45
12312.67,60.45
12313.33,60.46
12314.00,60.47
12314.67,60.49
12315.33,60.50
12316.00,60.52
12316.67,60.53
12317.33,60.54
12318.00,60.55
12318.67,60.55
12319.33,60.54
12320.00,60.54
12320.67,60.52
12321.33,60.51
12322.00,60.49
12322.67,60.47
12323.33,60.45
12324.00,60.44
12324.67,60.43
12325.33,60.42
12326.00,60.41
12326.67,60.40
12327.33,60.40
12328.00,60.40
12328.67,60.40
12329.33,60.40
12330.00,60.40
12330.67,60.40
12331.33,60.40
12332.00,60.40
12332.67,60.40
12333.33,60.39
12334.00,60.39
12334.67,60.38
12335.33,60.37
12336.00,60.36
12336.67,60.35
12337.33,60.34
12338.00,60.33
12338.67,60.32
12339.33,60.31
12340.00,60.31
12340.67,60.31
12341.33,60.32
12342.00,60.33
12342.67,60.34
12343.33,60.35
12344.00,60.37
12344.67,60.38
12345.33,60.39
12346.00,60.40
12346.67,60.40
12347.33,60.40
12348.00,60.39
12348.67,60.38
12349.33,60.37
12350.00,60.36
12350.67,60.35
12351.33,60.34
12352.00,60.33
12352.67,60.32
12353.33,60.32
12354.00,60.32
12354.67,60.32
12355.33,60.31
12356.00,60.31
12356.67,60.31
12357.33,60.30
12358.00,60.30
12358.67,60.29
12359.33,60.28
12360.00,60.27
12360.67,60.26
12361.33,60.26
12362.00,60.25
12362.67,60.26
12363.33,60.26
12364.00,60.27
12364.67,60.28
12365.33,60.29
12366.00,60.31
12366.67,60.31
12367.33,60.32
12368.00,60.32
12368.67,60.31
12369.33,60.30
12370.00,60.29
12370.67,60.27
12371.33,60.25
12372.00,60.24
12372.67,60.22
12373.33,60.21
12374.00,60.20
12374.67,60.20
12375.33,60.20
12376.00,60.21
12376.67,60.21
12377.33,60.21
12378.00,60.21
12378.67,60.21
12379.33,60.20
12380.00,60.18
12380.67,60.17
12381.33,60.15
12382.00,60.13
12382.67,60.11
12383.33,60.10
12384.00,60.09
12384.67,60.09
12385.33,60.11
12386.00,60.12
12386.67,60.15
12387.33,60.17
12388.00,60.20
12388.67,60.23
12389.33,60.25
12390.00,60.27
12390.67,60.27
12391.33,60.28
12392.00,60.27
12392.67,60.26
12393.33,60.24
12394.00,60.22
12394.67,60.20
12395.33,60.19
12396.00,60.17
12396.67,60.16
12397.33,60.16
12398.00,60.16
12398.67,60.16
12399.33,60.16
12400.00,60.17
12400.67,60.17
12401.33,60.18
12402.00,60.18
12402.67,60.18
12403.33,60.17
12404.00,60.17
12404.67,60.16
12405.33,60.15
12406.00,60.13
12406.67,60.13
12407.33,60.12
12408.00,60.11
12408.67,60.11
12409.33,60.11
12410.00,60.11
12410.67,60.11
12411.33,60.12
12412.00,60.12
12412.67,60.12
12413.33,60.12
12414.00,60.12
12414.67,60.12
12415.33,60.12
12416.00,60.11
12416.67,60.11
12417.33,60.10
12418.00,60.10
12418.67,60.09
12419.33,60.08
12420.00,60.07
12420.67,60.06
12421.33,60.04
12422.00,60.03
12422.67,60.01
12423.33,59.99
12424.00,59.97
12424.67,59.95
12425.33,59.93
12426.00,59.92
12426.67,59.90
12427.33,59.90
12428.00,59.90
12428.67,59.90
12429.33,59.91
12430.00,59.93
12430.67,59.94
12431.33,59.96
12432.00,59.99
12432.67,60.01
12433.33,60.03
12434.00,60.05
12434.67,60.06
12435.33,60.07
12436.00,60.07
12436.67,60.06
12437.33,60.06
12438.00,60.04
12438.67,60.03
12439.33,60.01
12440.00,59.99
12440.67,59.97
12441.33,59.96
12442.00,59.94
12442.67,59.93
12443.33,59.92
12444.00,59.91
12444.67,59.90
12445.33,59.90
12446.00,59.89
12446.67,59.89
12447.33,59.89
12448.00,59.89
12448.67,59.90
12449.33,59.90
12450.00,59.91
12450.67,59.92
12451.33,59.93
12452.00,59.94
12452.67,59.95
12453.33,59.96
12454.00,59.97
12454.67,59.98
12455.33,59.98
12456.00,59.98
12456.67,59.98
12457.33,59.97
12458.00,59.96
12458.67,59.94
12459.33,59.93
12460.00,59.91
12460.67,59.90
12461.33,59.89
12462.00,59.89
12462.67,59.89
12463.33,59.90
12464.00,59.91
12464.67,59.92
12465.33,59.94
12466.00,59.95
12466.67,59.96
12467.33,59.97
12468.00,59.96
12468.67,59.95
12469.33,59.93
12470.00,59.90
12470.67,59.87
12471.33,59.83
12472.00,59.80
12472.67,59.78
12473.33,59.76
12474.00,59.76
12474.67,59.76
12475.33,59.78
12476.00,59.80
12476.67,59.83
12477.33,59.86
12478.00,59.89
12478.67,59.92
12479.33,59.94
12480.00,59.94
12480.67,59.94
12481.33,59.93
12482.00,59.90
12482.67,59.87
12483.33,59.84
12484.00,59.80
12484.67,59.77
12485.33,59.75
12486.00,59.73
12486.67,59.73
12487.33,59.73
12488.00,59.74
12488.67,59.76
12489.33,59.78
12490.00,59.80
12490.67,59.82
12491.33,59.83
12492.00,59.84
12492.67,59.84
12493.33,59.83
12494.00,59.83
12494.67,59.81
12495.33,59.80
12496.00,59.79
12496.67,59.78
12497.33,59.77
12498.00,59.77
12498.67,59.77
12499.33,59.77
12500.00,59.77
12500.67,59.77
12501.33,59.77
12502.00,59.76
12502.67,59.75
12503.33,59.74
12504.00,59.73
12504.67,59.72
12505.33,59.71
12506.00,59.70
12506.67,59.69
12507.33,59.69
12508.00,59.70
12508.67,59.70
12509.33,59.71
12510.00,59.72
12510.67,59.73
12511.33,59.73
12512.00,59.73
12512.67,59.73
12513.33,59.72
12514.00,59.71
12514.67,59.70
12515.33,59.68
12516.00,59.68
12516.67,59.67
12517.33,59.67
12518.00,59.68
12518.67,59.69
12519.33,59.71
12520.00,59.72
12520.67,59.74
12521.33,59.75
12522.00,59.77
12522.67,59.77
12523.33,59.77
12524.00,59.76
12524.67,59.75
12525.33,59.73
12526.00,59.70
12526.67,59.68
12527.33,59.66
12528.00,59.63
12528.67,59.62
12529.33,59.60
12530.00,59.60
12530.67,59.59
12531.33,59.59
12532.00,59.59
12532.67,59.60
12533.33,59.60
12534.00,59.60
12534.67,59.60
12535.33,59.61
12536.00,59.61
12536.67,59.61
12537.33,59.61
12538.00,59.61
12538.67,59.61
12539.33,59.61
12540.00,59.61
12540.67,59.62
12541.33,59.62
12542.00,59.62
12542.67,59.61
12543.33,59.61
12544.00,59.60
12544.67,59.59
12545.33,59.58
12546.00,59.57
12546.67,59.56
12547.33,59.55
12548.00,59.55
12548.67,59.55
12549.33,59.55
12550.00,59.56
12550.67,59.57
12551.33,59.58
12552.00,59.59
12552.67,59.59
12553.33,59.59
12554.00,59.59
12554.67,59.57
12555.33,59.55
12556.00,59.53
12556.67,59.50
12557.33,59.47
12558.00,59.45
12558.67,59.42
12559.33,59.41
12560.00,59.39
12560.67,59.39
12561.33,59.40
12562.00,59.41
12562.67,59.43
12563.33,59.45
12564.00,59.47
12564.67,59.50
12565.33,59.51
12566.00,59.53
12566.67,59.54
12567.33,59.55
12568.00,59.55
12568.67,59.55
12569.33,59.55
12570.00,59.54
12570.67,59.54
12571.33,59.54
12572.00,59.54
12572.67,59.54
12573.33,59.54
12574.00,59.54
12574.67,59.54
12575.33,59.54
12576.00,59.54
12576.67,59.55
12577.33,59.55
12578.00,59.54
12578.67,59.54
12579.33,59.53
12580.00,59.53
12580.67,59.52
12581.33,59.51
12582.00,59.50
12582.67,59.50
12583.33,59.49
12584.00,59.48
12584.67,59.47
12585.33,59.46
12586.00,59.46
12586.67,59.45
12587.33,59.45
12588.00,59.45
12588.67,59.45
12589.33,59.45
12590.00,59.45
12590.67,59.45
12591.33,59.45
12592.00,59.45
12592.67,59.45
12593.33,59.45
12594.00,59.45
12594.67,59.44
12595.33,59.44
12596.00,59.43
12596.67,59.43
12597.33,59.42
12598.00,59.42
12598.67,59.43
12599.33,59.43
12600.00,59.44
12600.67,59.45
12601.33,59.47
12602.00,59.48
12602.67,59.49
12603.33,59.50
12604.00,59.51
12604.67,59.50
12605.33,59.49
12606.00,59.48
12606.67,59.45
12607.33,59.43
12608.00,59.40
12608.67,59.37
12609.33,59.34
12610.00,59.32
12610.67,59.31
12611.33,59.31
12612.00,59.31
12612.67,59.32
12613.33,59.34
12614.00,59.36
12614.67,59.37
12615.33,59.39
12616.00,59.40
12616.67,59.40
12617.33,59.40
12618.00,59.39
12618.67,59.37
12619.33,59.35
12620.00,59.32
12620.67,59.30
12621.33,59.27
12622.00,59.26
12622.67,59.25
12623.33,59.25
12624.00,59.26
12624.67,59.27
12625.33,59.29
12626.00,59.32
12626.67,59.34
12627.33,59.36
12628.00,59.38
12628.67,59.39
12629.33,59.39
12630.00,59.39
12630.67,59.38
12631.33,59.36
12632.00,59.33
12632.67,59.31
12633.33,59.28
12634.00,59.26
12634.67,59.24
12635.33,59.23
12636.00,59.22
12636.67,59.22
12637.33,59.22
12638.00,59.23
12638.67,59.24
12639.33,59.24
12640.00,59.25
12640.67,59.26
12641.33,59.26
12642.00,59.26
12642.67,59.26
12643.33,59.26
12644.00,59.26
12644.67,59.26
12645.33,59.26
12646.00,59.26
12646.67,59.27
12647.33,59.27
12648.00,59.28
12648.67,59.28
12649.33,59.29
12650.00,59.30
12650.67,59.30
12651.33,59.31
12652.00,59.31
12652.67,59.31
12653.33,59.32
12654.00,59.32
12654.67,59.32
12655.33,59.33
12656.00,59.33
12656.67,59.34
12657.33,59.35
12658.00,59.36
12658.67,59.37
12659.33,59.37
12660.00,59.38
12660.67,59.38
12661.33,59.37
12662.00,59.36
12662.67,59.35
12663.33,59.33
12664.00,59.30
12664.67,59.27
12665.33,59.24
12666.00,59.21
12666.67,59.18
12667.33,59.16
12668.00,59.14
12668.67,59.13
12669.33,59.13
12670.00,59.13
12670.67,59.15
12671.33,59.16
12672.00,59.18
12672.67,59.21
12673.33,59.23
12674.00,59.25
12674.67,59.27
12675.33,59.29
12676.00,59.30
12676.67,59.30
12677.33,59.30
12678.00,59.29
12678.67,59.28
12679.33,59.27
12680.00,59.25
12680.67,59.24
12681.33,59.22
12682.00,59.21
12682.67,59.21
12683.33,59.21
12684.00,59.21
12684.67,59.22
12685.33,59.23
12686.00,59.24
12686.67,59.26
12687.33,59.27
12688.00,59.28
12688.67,59.29
12689.33,59.30
12690.00,59.30
12690.67,59.29
12691.33,59.28
12692.00,59.27
12692.67,59.25
12693.33,59.23
12694.00,59.21
12694.67,59.20
12695.33,59.19
12696.00,59.18
12696.67,59.18
12697.33,59.18
12698.00,59.18
12698.67,59.20
12699.33,59.21
12700.00,59.22
12700.67,59.23
12701.33,59.24
12702.00,59.25
12702.67,59.25
12703.33,59.24
12704.00,59.24
12704.67,59.22
12705.33,59.21
12706.00,59.19
12706.67,59.18
12707.33,59.16
12708.00,59.15
12708.67,59.15
12709.33,59.14
12710.00,59.14
12710.67,59.14
12711.33,59.14
12712.00,59.15
12712.67,59.15
12713.33,59.16
12714.00,59.16
12714.67,59.16
12715.33,59.17
12716.00,59.17
12716.67,59.18
12717.33,59.18
12718.00,59.18
12718.67,59.18
12719.33,59.19
12720.00,59.19
12720.67,59.18
12721.33,59.18
12722.00,59.17
12722.67,59.16
12723.33,59.15
12724.00,59.14
12724.67,59.13
12725.33,59.12
12726.00,59.11
12726.67,59.10
12727.33,59.10
12728.00,59.10
12728.67,59.10
12729.33,59.11
12730.00,59.13
12730.67,59.14
12731.33,59.15
12732.00,59.16
12732.67,59.16
12733.33,59.16
12734.00,59.16
12734.67,59.15
12735.33,59.13
12736.00,59.12
12736.67,59.10
12737.33,59.08
12738.00,59.07
12738.67,59.06
12739.33,59.06
12740.00,59.07
12740.67,59.08
12741.33,59.10
12742.00,59.12
12742.67,59.14
12743.33,59.17
12744.00,59.19
12744.67,59.20
12745.33,59.21
12746.00,59.22
12746.67,59.21
12747.33,59.20
12748.00,59.18
12748.67,59.16
12749.33,59.14
12750.00,59.11
12750.67,59.09
12751.33,59.08
12752.00,59.06
12752.67,59.06
12753.33,59.05
12754.00,59.05
12754.67,59.05
12755.33,59.05
12756.00,59.05
12756.67,59.06
12757.33,59.06
12758.00,59.06
12758.67,59.07
12759.33,59.07
12760.00,59.07
12760.67,59.08
12761.33,59.09
12762.00,59.10
12762.67,59.11
12763.33,59.13
12764.00,59.14
12764.67,59.16
12765.33,59.18
12766.00,59.19
12766.67,59.20
12767.33,59.22
12768.00,59.22
12768.67,59.23
12769.33,59.23
12770.00,59.23
12770.67,59.22
12771.33,59.21
12772.00,59.21
12772.67,59.20
12773.33,59.19
12774.00,59.18
12774.67,59.17
12775.33,59.17
12776.00,59.16
12776.67,59.16
12777.33,59.15
12778.00,59.15
12778.67,59.15
12779.33,59.15
12780.00,59.15
12780.67,59.15
12781.33,59.15
12782.00,59.15
12782.67,59.14
12783.33,59.14
12784.00,59.13
12784.67,59.13
12785.33,59.12
12786.00,59.12
12786.67,59.11
12787.33,59.11
12788.00,59.11
12788.67,59.11
12789.33,59.11
12790.00,59.11
12790.67,59.12
12791.33,59.12
12792.00,59.13
12792.67,59.13
12793.33,59.13
12794.00,59.13
12794.67,59.12
12795.33,59.12
12796.00,59.11
12796.67,59.10
12797.33,59.08
12798.00,59.07
12798.67,59.06
12799.33,59.05
12800.00,59.04
12800.67,59.04
12801.33,59.04
12802.00,59.04
12802.67,59.04
12803.33,59.03
12804.00,59.03
12804.67,59.02
12805.33,59.01
12806.00,58.99
12806.67,58.97
12807.33,58.95
12808.00,58.94
12808.67,58.92
12809.33,58.91
12810.00,58.91
12810.67,58.92
12811.33,58.93
12812.00,58.96
12812.67,58.98
12813.33,59.01
12814.00,59.04
12814.67,59.06
12815.33,59.08
12816.00,59.09
12816.67,59.09
12817.33,59.08
12818.00,59.07
12818.67,59.06
12819.33,59.04
12820.00,59.02
12820.67,59.01
12821.33,59.00
12822.00,59.00
12822.67,59.01
12823.33,59.02
12824.00,59.03
12824.67,59.05
12825.33,59.06
12826.00,59.06
12826.67,59.06
12827.33,59.05
12828.00,59.03
12828.67,59.01
12829.33,58.98
12830.00,58.95
12830.67,58.92
12831.33,58.90
12832.00,58.90
12832.67,58.90
12833.33,58.92
12834.00,58.95
12834.67,58.99
12835.33,59.04
12836.00,59.08
12836.67,59.12
12837.33,59.16
12838.00,59.18
12838.67,59.19
12839.33,59.19
12840.00,59.17
12840.67,59.15
12841.33,59.11
12842.00,59.07
12842.67,59.03
12843.33,59.00
12844.00,58.97
12844.67,58.95
12845.33,58.94
12846.00,58.94
12846.67,58.95
12847.33,58.96
12848.00,58.98
12848.67,58.99
12849.33,59.00
12850.00,59.00
12850.67,59.00
12851.33,58.99
12852.00,58.98
12852.67,58.97
12853.33,58.96
12854.00,58.96
12854.67,58.95
12855.33,58.96
12856.00,58.96
12856.67,58.97
12857.33,58.98
12858.00,59.00
12858.67,59.00
12859.33,59.01
12860.00,59.01
12860.67,59.00
12861.33,58.98
12862.00,58.97
12862.67,58.95
12863.33,58.93
12864.00,58.91
12864.67,58.90
12865.33,58.90
12866.00,58.91
12866.67,58.92
12867.33,58.95
12868.00,58.97
12868.67,59.00
12869.33,59.03
12870.00,59.06
12870.67,59.08
12871.33,59.09
12872.00,59.09
12872.67,59.09
12873.33,59.08
12874.00,59.07
12874.67,59.05
12875.33,59.04
12876.00,59.02
12876.67,59.01
12877.33,59.00
12878.00,58.99
12878.67,58.99
12879.33,58.99
12880.00,58.99
12880.67,58.99
12881.33,59.00
12882.00,59.00
12882.67,59.00
12883.33,59.00
12884.00,59.00
12884.67,58.99
12885.33,58.99
12886.00,58.99
12886.67,58.99
12887.33,58.99
12888.00,58.99
12888.67,58.99
12889.33,58.99
12890.00,58.98
12890.67,58.98
12891.33,58.97
12892.00,58.96
12892.67,58.95
12893.33,58.94
12894.00,58.93
12894.67,58.92
12895.33,58.92
12896.00,58.92
12896.67,58.93
12897.33,58.93
12898.00,58.95
12898.67,58.96
12899.33,58.98
12900.00,58.99
12900.67,59.00
12901.33,59.00
12902.00,59.00
12902.67,59.00
12903.33,58.99
12904.00,58.97
12904.67,58.95
12905.33,58.93
12906.00,58.91
12906.67,58.90
12907.33,58.88
12908.00,58.87
12908.67,58.87
12909.33,58.87
12910.00,58.87
12910.67,58.87
12911.33,58.88
12912.00,58.88
12912.67,58.89
12913.33,58.89
12914.00,58.88
12914.67,58.88
12915.33,58.87
12916.00,58.87
12916.67,58.86
12917.33,58.86
12918.00,58.86
12918.67,58.87
12919.33,58.88
12920.00,58.89
12920.67,58.90
12921.33,58.92
12922.00,58.93
12922.67,58.94
12923.33,58.95
12924.00,58.95
12924.67,58.95
12925.33,58.94
12926.00,58.94
12926.67,58.93
12927.33,58.91
12928.00,58.90
12928.67,58.89
12929.33,58.88
12930.00,58.87
12930.67,58.87
12931.33,58.86
12932.00,58.87
12932.67,58.87
12933.33,58.87
12934.00,58.88
12934.67,58.88
12935.33,58.88
12936.00,58.89
12936.67,58.89
12937.33,58.89
12938.00,58.89
12938.67,58.89
12939.33,58.90
12940.00,58.90
12940.67,58.91
12941.33,58.92
12942.00,58.92
12942.67,58.93
12943.33,58.93
12944.00,58.93
12944.67,58.92
12945.33,58.92
12946.00,58.90
12946.67,58.88
12947.33,58.86
12948.00,58.84
12948.67,58.81
12949.33,58.79
12950.00,58.78
12950.67,58.76
12951.33,58.76
12952.00,58.76
12952.67,58.77
12953.33,58.79
12954.00,58.82
12954.67,58.85
12955.33,58.88
12956.00,58.90
12956.67,58.93
12957.33,58.95
12958.00,58.96
12958.67,58.97
12959.33,58.97
12960.00,58.96
12960.67,58.95
12961.33,58.93
12962.00,58.91
12962.67,58.89
12963.33,58.88
12964.00,58.86
12964.67,58.86
12965.33,58.86
12966.00,58.86
12966.67,58.87
12967.33,58.89
12968.00,58.91
12968.67,58.92
12969.33,58.93
12970.00,58.94
12970.67,58.94
12971.33,58.93
12972.00,58.92
12972.67,58.90
12973.33,58.87
12974.00,58.84
12974.67,58.81
12975.33,58.78
12976.00,58.76
12976.67,58.75
12977.33,58.76
12978.00,58.77
12978.67,58.79
12979.33,58.83
12980.00,58.86
12980.67,58.90
12981.33,58.94
12982.00,58.97
12982.67,59.00
12983.33,59.01
12984.00,59.01
12984.67,59.00
12985.33,58.97
12986.00,58.94
12986.67,58.90
12987.33,58.86
12988.00,58.82
12988.67,58.78
12989.33,58.76
12990.00,58.75
12990.67,58.75
12991.33,58.75
12992.00,58.77
12992.67,58.80
12993.33,58.82
12994.00,58.85
12994.67,58.87
12995.33,58.89
12996.00,58.90
12996.67,58.90
12997.33,58.90
12998.00,58.88
12998.67,58.86
12999.33,58.84
13000.00,58.82
13000.67,58.80
13001.33,58.78
13002.00,58.77
13002.67,58.77
13003.33,58.77
13004.00,58.77
13004.67,58.78
13005.33,58.78
13006.00,58.78
13006.67,58.78
13007.33,58.78
13008.00,58.78
13008.67,58.77
13009.33,58.77
13010.00,58.77
13010.67,58.77
13011.33,58.78
13012.00,58.79
13012.67,58.80
13013.33,58.83
13014.00,58.85
13014.67,58.88
13015.33,58.90
13016.00,58.93
13016.67,58.94
13017.33,58.95
13018.00,58.95
13018.67,58.95
13019.33,58.93
13020.00,58.91
13020.67,58.89
13021.33,58.86
13022.00,58.84
13022.67,58.82
13023.33,58.80
13024.00,58.79
13024.67,58.79
13025.33,58.79
13026.00,58.80
13026.67,58.81
13027.33,58.81
13028.00,58.82
13028.67,58.82
13029.33,58.81
13030.00,58.80
13030.67,58.79
13031.33,58.77
13032.00,58.75
13032.67,58.74
13033.33,58.73
13034.00,58.73
13034.67,58.74
13035.33,58.76
13036.00,58.78
13036.67,58.81
13037.33,58.83
13038.00,58.86
13038.67,58.88
13039.33,58.89
13040.00,58.90
13040.67,58.89
13041.33,58.88
13042.00,58.86
13042.67,58.84
13043.33,58.82
13044.00,58.79
13044.67,58.77
13045.33,58.76
13046.00,58.76
13046.67,58.76
13047.33,58.78
13048.00,58.80
13048.67,58.83
13049.33,58.86
13050.00,58.89
13050.67,58.92
13051.33,58.94
13052.00,58.95
13052.67,58.95
13053.33,58.94
13054.00,58.92
13054.67,58.89
13055.33,58.86
13056.00,58.82
13056.67,58.78
13057.33,58.74
13058.00,58.71
13058.67,58.69
13059.33,58.67
13060.00,58.66
13060.67,58.67
13061.33,58.68
13062.00,58.69
13062.67,58.71
13063.33,58.74
13064.00,58.77
13064.67,58.79
13065.33,58.81
13066.00,58.83
13066.67,58.84
13067.33,58.85
13068.00,58.86
13068.67,58.85
13069.33,58.85
13070.00,58.84
13070.67,58.83
13071.33,58.81
13072.00,58.80
13072.67,58.79
13073.33,58.78
13074.00,58.77
13074.67,58.77
13075.33,58.77
13076.00,58.77
13076.67,58.78
13077.33,58.78
13078.00,58.79
13078.67,58.80
13079.33,58.80
13080.00,58.81
13080.67,58.82
13081.33,58.82
13082.00,58.83
13082.67,58.84
13083.33,58.85
13084.00,58.85
13084.67,58.86
13085.33,58.87
13086.00,58.88
13086.67,58.88
13087.33,58.88
13088.00,58.88
13088.67,58.88
13089.33,58.87
13090.00,58.85
13090.67,58.83
13091.33,58.81
13092.00,58.79
13092.67,58.76
13093.33,58.74
13094.00,58.72
13094.67,58.71
13095.33,58.70
13096.00,58.70
13096.67,58.71
13097.33,58.72
13098.00,58.73
13098.67,58.73
13099.33,58.74
13100.00,58.74
13100.67,58.74
13101.33,58.73
13102.00,58.72
13102.67,58.71
13103.33,58.69
13104.00,58.68
13104.67,58.67
13105.33,58.67
13106.00,58.67
13106.67,58.68
13107.33,58.70
13108.00,58.72
13108.67,58.74
13109.33,58.77
13110.00,58.78
13110.67,58.79
13111.33,58.80
13112.00,58.79
13112.67,58.77
13113.33,58.75
13114.00,58.71
13114.67,58.68
13115.33,58.65
13116.00,58.62
13116.67,58.60
13117.33,58.59
13118.00,58.60
13118.67,58.62
13119.33,58.65
13120.00,58.69
13120.67,58.73
13121.33,58.78
13122.00,58.82
13122.67,58.85
13123.33,58.87
13124.00,58.88
13124.67,58.88
13125.33,58.87
13126.00,58.85
13126.67,58.82
13127.33,58.79
13128.00,58.76
13128.67,58.74
13129.33,58.72
13130.00,58.71
13130.67,58.71
13131.33,58.71
13132.00,58.72
13132.67,58.73
13133.33,58.75
13134.00,58.76
13134.67,58.77
13135.33,58.78
13136.00,58.78
13136.67,58.77
13137.33,58.77
13138.00,58.76
13138.67,58.75
13139.33,58.74
13140.00,58.72
13140.67,58.71
13141.33,58.71
13142.00,58.70
13142.67,58.69
13143.33,58.69
13144.00,58.69
13144.67,58.69
13145.33,58.68
13146.00,58.68
13146.67,58.68
13147.33,58.68
13148.00,58.68
13148.67,58.69
13149.33,58.69
13150.00,58.70
13150.67,58.71
13151.33,58.72
13152.00,58.73
13152.67,58.74
13153.33,58.75
13154.00,58.75
13154.67,58.75
13155.33,58.75
13156.00,58.75
13156.67,58.74
13157.33,58.73
13158.00,58.72
13158.67,58.72
13159.33,58.72
13160.00,58.73
13160.67,58.73
13161.33,58.75
13162.00,58.77
13162.67,58.79
13163.33,58.81
13164.00,58.83
13164.67,58.84
13165.33,58.85
13166.00,58.85
13166.67,58.85
13167.33,58.83
13168.00,58.81
13168.67,58.79
13169.33,58.76
13170.00,58.73
13170.67,58.70
13171.33,58.68
13172.00,58.66
13172.67,58.65
13173.33,58.65
13174.00,58.65
13174.67,58.66
13175.33,58.68
13176.00,58.69
13176.67,58.71
13177.33,58.72
13178.00,58.73
13178.67,58.73
13179.33,58.72
13180.00,58.71
13180.67,58.69
13181.33,58.67
13182.00,58.65
13182.67,58.63
13183.33,58.62
13184.00,58.60
13184.67,58.60
13185.33,58.61
13186.00,58.62
13186.67,58.64
13187.33,58.67
13188.00,58.70
13188.67,58.73
13189.33,58.77
13190.00,58.79
13190.67,58.81
13191.33,58.82
13192.00,58.83
13192.67,58.82
13193.33,58.81
13194.00,58.79
13194.67,58.76
13195.33,58.73
13196.00,58.71
13196.67,58.68
13197.33,58.66
13198.00,58.64
13198.67,58.63
13199.33,58.63
13200.00,58.64
13200.67,58.65
13201.33,58.67
13202.00,58.68
13202.67,58.70
13203.33,58.71
13204.00,58.72
13204.67,58.73
13205.33,58.73
13206.00,58.73
13206.67,58.73
13207.33,58.73
13208.00,58.72
13208.67,58.71
13209.33,58.71
13210.00,58.71
13210.67,58.71
13211.33,58.71
13212.00,58.71
13212.67,58.72
13213.33,58.72
13214.00,58.73
13214.67,58.73
13215.33,58.73
13216.00,58.73
13216.67,58.72
13217.33,58.72
13218.00,58.71
13218.67,58.70
13219.33,58.70
13220.00,58.69
13220.67,58.69
13221.33,58.69
13222.00,58.70
13222.67,58.70
13223.33,58.71
13224.00,58.71
13224.67,58.72
13225.33,58.72
13226.00,58.73
13226.67,58.73
13227.33,58.73
13228.00,58.73
13228.67,58.73
13229.33,58.73
13230.00,58.73
13230.67,58.73
13231.33,58.74
13232.00,58.75
13232.67,58.76
13233.33,58.78
13234.00,58.80
13234.67,58.82
13235.33,58.84
13236.00,58.85
13236.67,58.86
13237.33,58.86
13238.00,58.86
13238.67,58.85
13239.33,58.83
13240.00,58.81
13240.67,58.79
13241.33,58.76
13242.00,58.74
13242.67,58.72
13243.33,58.71
13244.00,58.71
13244.67,58.71
13245.33,58.72
13246.00,58.74
13246.67,58.76
13247.33,58.78
13248.00,58.81
13248.67,58.83
13249.33,58.85
13250.00,58.86
13250.67,58.87
13251.33,58.87
13252.00,58.86
13252.67,58.85
13253.33,58.83
13254.00,58.81
13254.67,58.80
13255.33,58.78
13256.00,58.78
13256.67,58.78
13257.33,58.79
13258.00,58.80
13258.67,58.82
13259.33,58.84
13260.00,58.86
13260.67,58.87
13261.33,58.88
13262.00,58.89
13262.67,58.89
13263.33,58.88
13264.00,58.86
13264.67,58.84
13265.33,58.81
13266.00,58.79
13266.67,58.77
13267.33,58.76
13268.00,58.75
13268.67,58.75
13269.33,58.75
13270.00,58.77
13270.67,58.78
13271.33,58.80
13272.00,58.82
13272.67,58.83
13273.33,58.84
13274.00,58.85
13274.67,58.84
13275.33,58.84
13276.00,58.82
13276.67,58.81
13277.33,58.80
13278.00,58.79
13278.67,58.79
13279.33,58.79
13280.00,58.80
13280.67,58.81
13281.33,58.83
13282.00,58.85
13282.67,58.87
13283.33,58.88
13284.00,58.89
13284.67,58.90
13285.33,58.89
13286.00,58.88
13286.67,58.86
13287.33,58.83
13288.00,58.81
13288.67,58.78
13289.33,58.75
13290.00,58.73
13290.67,58.71
13291.33,58.70
13292.00,58.70
13292.67,58.70
13293.33,58.71
13294.00,58.72
13294.67,58.73
13295.33,58.74
13296.00,58.75
13296.67,58.76
13297.33,58.77
13298.00,58.77
13298.67,58.77
13299.33,58.77
13300.00,58.78
13300.67,58.78
13301.33,58.78
13302.00,58.79
13302.67,58.80
13303.33,58.80
13304.00,58.81
13304.67,58.82
13305.33,58.83
13306.00,58.83
13306.67,58.83
13307.33,58.84
13308.00,58.84
13308.67,58.84
13309.33,58.85
13310.00,58.85
13310.67,58.85
13311.33,58.86
13312.00,58.87
13312.67,58.87
13313.33,58.88
13314.00,58.89
13314.67,58.89
13315.33,58.89
13316.00,58.89
13316.67,58.88
13317.33,58.87
13318.00,58.86
13318.67,58.84
13319.33,58.83
13320.00,58.82
13320.67,58.81
13321.33,58.80
13322.00,58.80
13322.67,58.80
13323.33,58.81
13324.00,58.81
13324.67,58.82
13325.33,58.83
13326.00,58.83
13326.67,58.83
13327.33,58.83
13328.00,58.83
13328.67,58.82
13329.33,58.82
13330.00,58.81
13330.67,58.80
13331.33,58.80
13332.00,58.79
13332.67,58.79
13333.33,58.79
13334.00,58.79
13334.67,58.79
13335.33,58.78
13336.00,58.78
13336.67,58.78
13337.33,58.77
13338.00,58.77
13338.67,58.76
13339.33,58.76
13340.00,58.76
13340.67,58.76
13341.33,58.77
13342.00,58.78
13342.67,58.79
13343.33,58.80
13344.00,58.81
13344.67,58.81
13345.33,58.82
13346.00,58.82
13346.67,58.81
13347.33,58.80
13348.00,58.79
13348.67,58.78
13349.33,58.77
13350.00,58.76
13350.67,58.75
13351.33,58.75
13352.00,58.75
13352.67,58.76
13353.33,58.78
13354.00,58.80
13354.67,58.81
13355.33,58.83
13356.00,58.84
13356.67,58.85
13357.33,58.85
13358.00,58.85
13358.67,58.84
13359.33,58.83
13360.00,58.81
13360.67,58.80
13361.33,58.78
13362.00,58.77
13362.67,58.77
13363.33,58.77
13364.00,58.77
13364.67,58.78
13365.33,58.79
13366.00,58.79
13366.67,58.80
13367.33,58.80
13368.00,58.80
13368.67,58.80
13369.33,58.79
13370.00,58.77
13370.67,58.76
13371.33,58.75
13372.00,58.75
13372.67,58.74
13373.33,58.75
13374.00,58.76
13374.67,58.77
13375.33,58.78
13376.00,58.80
13376.67,58.81
13377.33,58.82
13378.00,58.83
13378.67,58.83
13379.33,58.82
13380.00,58.81
13380.67,58.80
13381.33,58.79
13382.00,58.78
13382.67,58.78
13383.33,58.78
13384.00,58.79
13384.67,58.80
13385.33,58.82
13386.00,58.83
13386.67,58.85
13387.33,58.87
13388.00,58.88
13388.67,58.89
13389.33,58.89
13390.00,58.88
13390.67,58.87
13391.33,58.85
13392.00,58.83
13392.67,58.82
13393.33,58.81
13394.00,58.80
13394.67,58.81
13395.33,58.82
13396.00,58.84
13396.67,58.87
13397.33,58.90
13398.00,58.93
13398.67,58.96
13399.33,58.98
13400.00,58.99
13400.67,59.00
13401.33,58.99
13402.00,58.97
13402.67,58.95
13403.33,58.92
13404.00,58.89
13404.67,58.85
13405.33,58.82
13406.00,58.80
13406.67,58.78
13407.33,58.77
13408.00,58.76
13408.67,58.77
13409.33,58.78
13410.00,58.79
13410.67,58.81
13411.33,58.83
13412.00,58.85
13412.67,58.87
13413.33,58.89
13414.00,58.90
13414.67,58.91
13415.33,58.92
13416.00,58.93
13416.67,58.93
13417.33,58.93
13418.00,58.94
13418.67,58.94
13419.33,58.94
13420.00,58.94
13420.67,58.94
13421.33,58.94
13422.00,58.94
13422.67,58.93
13423.33,58.93
13424.00,58.91
13424.67,58.90
13425.33,58.89
13426.00,58.88
13426.67,58.86
13427.33,58.85
13428.00,58.84
13428.67,58.83
13429.33,58.82
13430.00,58.82
13430.67,58.82
13431.33,58.83
13432.00,58.84
13432.67,58.85
13433.33,58.86
13434.00,58.87
13434.67,58.89
13435.33,58.90
13436.00,58.91
13436.67,58.92
13437.33,58.93
13438.00,58.93
13438.67,58.94
13439.33,58.95
13440.00,58.95
13440.67,58.95
13441.33,58.96
13442.00,58.96
13442.67,58.97
13443.33,58.97
13444.00,58.98
13444.67,58.98
13445.33,58.98
13446.00,58.98
13446.67,58.98
13447.33,58.98
13448.00,58.97
13448.67,58.97
13449.33,58.97
13450.00,58.96
13450.67,58.97
13451.33,58.97
13452.00,58.98
13452.67,58.99
13453.33,59.00
13454.00,59.01
13454.67,59.02
13455.33,59.02
13456.00,59.02
13456.67,59.01
13457.33,59.00
13458.00,58.97
13458.67,58.94
13459.33,58.91
13460.00,58.88
13460.67,58.85
13461.33,58.82
13462.00,58.80
13462.67,58.79
13463.33,58.79
13464.00,58.80
13464.67,58.82
13465.33,58.84
13466.00,58.87
13466.67,58.90
13467.33,58.92
13468.00,58.94
13468.67,58.95
13469.33,58.95
13470.00,58.94
13470.67,58.92
13471.33,58.90
13472.00,58.88
13472.67,58.86
13473.33,58.85
13474.00,58.85
13474.67,58.86
13475.33,58.88
13476.00,58.91
13476.67,58.94
13477.33,58.98
13478.00,59.01
13478.67,59.04
13479.33,59.06
13480.00,59.07
13480.67,59.07
13481.33,59.06
13482.00,59.05
13482.67,59.02
13483.33,59.00
13484.00,58.98
13484.67,58.96
13485.33,58.95
13486.00,58.95
13486.67,58.96
13487.33,58.99
13488.00,59.01
13488.67,59.05
13489.33,59.08
13490.00,59.11
13490.67,59.13
13491.33,59.14
13492.00,59.15
13492.67,59.15
13493.33,59.14
13494.00,59.12
13494.67,59.10
13495.33,59.08
13496.00,59.06
13496.67,59.04
13497.33,59.03
13498.00,59.01
13498.67,59.00
13499.33,58.99
13500.00,58.99
13500.67,58.98
13501.33,58.97
13502.00,58.95
13502.67,58.94
13503.33,58.93
13504.00,58.92
13504.67,58.91
13505.33,58.91
13506.00,58.92
13506.67,58.92
13507.33,58.94
13508.00,58.96
13508.67,58.98
13509.33,59.00
13510.00,59.02
13510.67,59.03
13511.33,59.04
13512.00,59.05
13512.67,59.04
13513.33,59.04
13514.00,59.03
13514.67,59.02
13515.33,59.01
13516.00,59.00
13516.67,59.00
13517.33,59.00
13518.00,59.01
13518.67,59.02
13519.33,59.03
13520.00,59.04
13520.67,59.04
13521.33,59.05
13522.00,59.04
13522.67,59.03
13523.33,59.01
13524.00,59.00
13524.67,58.98
13525.33,58.96
13526.00,58.95
13526.67,58.94
13527.33,58.94
13528.00,58.96
13528.67,58.98
13529.33,59.01
13530.00,59.04
13530.67,59.08
13531.33,59.11
13532.00,59.14
13532.67,59.16
13533.33,59.17
13534.00,59.17
13534.67,59.16
13535.33,59.14
13536.00,59.12
13536.67,59.10
13537.33,59.08
13538.00,59.06
13538.67,59.05
13539.33,59.05
13540.00,59.06
13540.67,59.08
13541.33,59.10
13542.00,59.12
13542.67,59.14
13543.33,59.17
13544.00,59.18
13544.67,59.19
13545.33,59.19
13546.00,59.19
13546.67,59.18
13547.33,59.16
13548.00,59.14
13548.67,59.12
13549.33,59.10
13550.00,59.09
13550.67,59.07
13551.33,59.06
13552.00,59.05
13552.67,59.04
13553.33,59.04
13554.00,59.04
13554.67,59.04
13555.33,59.04
13556.00,59.04
13556.67,59.05
13557.33,59.05
13558.00,59.06
13558.67,59.08
13559.33,59.09
13560.00,59.11
13560.67,59.13
13561.33,59.14
13562.00,59.16
13562.67,59.17
13563.33,59.18
13564.00,59.19
13564.67,59.19
13565.33,59.18
13566.00,59.17
13566.67,59.15
13567.33,59.13
13568.00,59.11
13568.67,59.10
13569.33,59.08
13570.00,59.07
13570.67,59.07
13571.33,59.07
13572.00,59.08
13572.67,59.09
13573.33,59.10
13574.00,59.11
13574.67,59.12
13575.33,59.13
13576.00,59.13
13576.67,59.13
13577.33,59.12
13578.00,59.11
13578.67,59.10
13579.33,59.10
13580.00,59.09
13580.67,59.09
13581.33,59.09
13582.00,59.10
13582.67,59.11
13583.33,59.13
13584.00,59.15
13584.67,59.17
13585.33,59.19
13586.00,59.20
13586.67,59.21
13587.33,59.21
13588.00,59.21
13588.67,59.20
13589.33,59.19
13590.00,59.17
13590.67,59.15
13591.33,59.13
13592.00,59.11
13592.67,59.10
13593.33,59.09
13594.00,59.09
13594.67,59.09
13595.33,59.10
13596.00,59.12
13596.67,59.13
13597.33,59.15
13598.00,59.17
13598.67,59.19
13599.33,59.20
13600.00,59.21
13600.67,59.22
13601.33,59.22
13602.00,59.22
13602.67,59.21
13603.33,59.20
13604.00,59.19
13604.67,59.18
13605.33,59.17
13606.00,59.17
13606.67,59.16
13607.33,59.16
13608.00,59.17
13608.67,59.17
13609.33,59.18
13610.00,59.19
13610.67,59.21
13611.33,59.22
13612.00,59.24
13612.67,59.25
13613.33,59.27
13614.00,59.28
13614.67,59.29
13615.33,59.30
13616.00,59.31
13616.67,59.31
13617.33,59.31
13618.00,59.31
13618.67,59.30
13619.33,59.30
13620.00,59.29
13620.67,59.28
13621.33,59.27
13622.00,59.25
13622.67,59.24
13623.33,59.22
13624.00,59.21
13624.67,59.20
13625.33,59.19
13626.00,59.18
13626.67,59.18
13627.33,59.18
13628.00,59.18
13628.67,59.19
13629.33,59.20
13630.00,59.21
13630.67,59.22
13631.33,59.24
13632.00,59.25
13632.67,59.26
13633.33,59.27
13634.00,59.28
13634.67,59.29
13635.33,59.30
13636.00,59.30
13636.67,59.30
13637.33,59.30
13638.00,59.30
13638.67,59.30
13639.33,59.30
13640.00,59.30
13640.67,59.31
13641.33,59.31
13642.00,59.32
13642.67,59.33
13643.33,59.34
13644.00,59.35
13644.67,59.35
13645.33,59.36
13646.00,59.36
13646.67,59.37
13647.33,59.36
13648.00,59.35
13648.67,59.34
13649.33,59.32
13650.00,59.30
13650.67,59.28
13651.33,59.26
13652.00,59.24
13652.67,59.22
13653.33,59.20
13654.00,59.19
13654.67,59.18
13655.33,59.18
13656.00,59.19
13656.67,59.20
13657.33,59.22
13658.00,59.24
13658.67,59.26
13659.33,59.29
13660.00,59.31
13660.67,59.33
13661.33,59.35
13662.00,59.36
13662.67,59.37
13663.33,59.37
13664.00,59.37
13664.67,59.36
13665.33,59.34
13666.00,59.32
13666.67,59.29
13667.33,59.26
13668.00,59.24
13668.67,59.21
13669.33,59.19
13670.00,59.17
13670.67,59.16
13671.33,59.15
13672.00,59.16
13672.67,59.17
13673.33,59.19
13674.00,59.22
13674.67,59.25
13675.33,59.29
13676.00,59.33
13676.67,59.37
13677.33,59.40
13678.00,59.43
13678.67,59.46
13679.33,59.47
13680.00,59.48
13680.67,59.47
13681.33,59.46
13682.00,59.44
13682.67,59.41
13683.33,59.39
13684.00,59.36
13684.67,59.34
13685.33,59.33
13686.00,59.32
13686.67,59.32
13687.33,59.33
13688.00,59.35
13688.67,59.37
13689.33,59.39
13690.00,59.41
13690.67,59.43
13691.33,59.44
13692.00,59.45
13692.67,59.45
13693.33,59.44
13694.00,59.43
13694.67,59.41
13695.33,59.39
13696.00,59.37
13696.67,59.36
13697.33,59.36
13698.00,59.37
13698.67,59.38
13699.33,59.40
13700.00,59.42
13700.67,59.45
13701.33,59.48
13702.00,59.50
13702.67,59.51
13703.33,59.52
13704.00,59.52
13704.67,59.50
13705.33,59.48
13706.00,59.46
13706.67,59.43
13707.33,59.40
13708.00,59.38
13708.67,59.36
13709.33,59.35
13710.00,59.36
13710.67,59.37
13711.33,59.39
13712.00,59.42
13712.67,59.45
13713.33,59.48
13714.00,59.51
13714.67,59.53
13715.33,59.54
13716.00,59.55
13716.67,59.55
13717.33,59.54
13718.00,59.53
13718.67,59.52
13719.33,59.51
13720.00,59.50
13720.67,59.50
13721.33,59.50
13722.00,59.51
13722.67,59.52
13723.33,59.53
13724.00,59.55
13724.67,59.57
13725.33,59.58
13726.00,59.60
13726.67,59.60
13727.33,59.60
13728.00,59.60
13728.67,59.59
13729.33,59.58
13730.00,59.56
13730.67,59.54
13731.33,59.52
13732.00,59.50
13732.67,59.48
13733.33,59.47
13734.00,59.46
13734.67,59.45
13735.33,59.45
13736.00,59.44
13736.67,59.45
13737.33,59.45
13738.00,59.46
13738.67,59.47
13739.33,59.48
13740.00,59.49
13740.67,59.51
13741.33,59.52
13742.00,59.54
13742.67,59.56
13743.33,59.57
13744.00,59.59
13744.67,59.60
13745.33,59.61
13746.00,59.61
13746.67,59.62
13747.33,59.62
13748.00,59.62
13748.67,59.62
13749.33,59.62
13750.00,59.62
13750.67,59.61
13751.33,59.61
13752.00,59.61
13752.67,59.61
13753.33,59.60
13754.00,59.59
13754.67,59.58
13755.33,59.57
13756.00,59.55
13756.67,59.53
13757.33,59.51
13758.00,59.49
13758.67,59.47
13759.33,59.47
13760.00,59.46
13760.67,59.47
13761.33,59.49
13762.00,59.52
13762.67,59.55
13763.33,59.59
13764.00,59.62
13764.67,59.66
13765.33,59.69
13766.00,59.71
13766.67,59.72
13767.33,59.72
13768.00,59.71
13768.67,59.70
13769.33,59.67
13770.00,59.65
13770.67,59.62
13771.33,59.60
13772.00,59.58
13772.67,59.57
13773.33,59.57
13774.00,59.58
13774.67,59.59
13775.33,59.61
13776.00,59.63
13776.67,59.65
13777.33,59.67
13778.00,59.68
13778.67,59.69
13779.33,59.69
13780.00,59.69
13780.67,59.68
13781.33,59.67
13782.00,59.67
13782.67,59.67
13783.33,59.67
13784.00,59.67
13784.67,59.69
13785.33,59.70
13786.00,59.72
13786.67,59.73
13787.33,59.74
13788.00,59.74
13788.67,59.74
13789.33,59.73
13790.00,59.72
13790.67,59.70
13791.33,59.68
13792.00,59.67
13792.67,59.65
13793.33,59.65
13794.00,59.65
13794.67,59.66
13795.33,59.68
13796.00,59.70
13796.67,59.72
13797.33,59.75
13798.00,59.77
13798.67,59.78
13799.33,59.79
13800.00,59.78
13800.67,59.77
13801.33,59.75
13802.00,59.72
13802.67,59.69
13803.33,59.67
13804.00,59.65
13804.67,59.64
13805.33,59.64
13806.00,59.66
13806.67,59.69
13807.33,59.72
13808.00,59.76
13808.67,59.79
13809.33,59.82
13810.00,59.85
13810.67,59.86
13811.33,59.86
13812.00,59.85
13812.67,59.83
13813.33,59.80
13814.00,59.78
13814.67,59.75
13815.33,59.73
13816.00,59.72
13816.67,59.72
13817.33,59.72
13818.00,59.74
13818.67,59.77
13819.33,59.79
13820.00,59.82
13820.67,59.84
13821.33,59.85
13822.00,59.85
13822.67,59.84
13823.33,59.82
13824.00,59.79
13824.67,59.76
13825.33,59.73
13826.00,59.70
13826.67,59.68
13827.33,59.68
13828.00,59.68
13828.67,59.70
13829.33,59.73
13830.00,59.77
13830.67,59.80
13831.33,59.84
13832.00,59.87
13832.67,59.89
13833.33,59.89
13834.00,59.89
13834.67,59.88
13835.33,59.86
13836.00,59.84
13836.67,59.82
13837.33,59.80
13838.00,59.78
13838.67,59.78
13839.33,59.78
13840.00,59.79
13840.67,59.81
13841.33,59.83
13842.00,59.86
13842.67,59.88
13843.33,59.90
13844.00,59.91
13844.67,59.91
13845.33,59.91
13846.00,59.90
13846.67,59.90
13847.33,59.89
13848.00,59.88
13848.67,59.88
13849.33,59.88
13850.00,59.89
13850.67,59.90
13851.33,59.92
13852.00,59.94
13852.67,59.97
13853.33,59.98
13854.00,60.00
13854.67,60.01
13855.33,60.01
13856.00,60.01
13856.67,60.00
13857.33,59.99
13858.00,59.99
13858.67,59.98
13859.33,59.99
13860.00,59.99
13860.67,60.01
13861.33,60.02
13862.00,60.04
13862.67,60.06
13863.33,60.08
13864.00,60.09
13864.67,60.09
13865.33,60.09
13866.00,60.08
13866.67,60.06
13867.33,60.03
13868.00,60.00
13868.67,59.98
13869.33,59.96
13870.00,59.95
13870.67,59.95
13871.33,59.95
13872.00,59.97
13872.67,60.00
13873.33,60.03
13874.00,60.07
13874.67,60.10
13875.33,60.13
13876.00,60.15
13876.67,60.16
13877.33,60.16
13878.00,60.16
13878.67,60.15
13879.33,60.13
13880.00,60.11
13880.67,60.10
13881.33,60.09
13882.00,60.08
13882.67,60.08
13883.33,60.08
13884.00,60.09
13884.67,60.10
13885.33,60.11
13886.00,60.12
13886.67,60.13
13887.33,60.13
13888.00,60.13
13888.67,60.13
13889.33,60.12
13890.00,60.11
13890.67,60.11
13891.33,60.10
13892.00,60.10
13892.67,60.11
13893.33,60.12
13894.00,60.13
13894.67,60.14
13895.33,60.16
13896.00,60.17
13896.67,60.19
13897.33,60.19
13898.00,60.20
13898.67,60.19
13899.33,60.19
13900.00,60.18
13900.67,60.17
13901.33,60.16
13902.00,60.15
13902.67,60.15
13903.33,60.16
13904.00,60.17
13904.67,60.18
13905.33,60.20
13906.00,60.22
13906.67,60.23
13907.33,60.25
13908.00,60.25
13908.67,60.25
13909.33,60.25
13910.00,60.24
13910.67,60.22
13911.33,60.20
13912.00,60.18
13912.67,60.15
13913.33,60.14
13914.00,60.12
13914.67,60.12
13915.33,60.12
13916.00,60.12
13916.67,60.13
13917.33,60.15
13918.00,60.16
13918.67,60.17
13919.33,60.18
13920.00,60.18
13920.67,60.18
13921.33,60.18
13922.00,60.18
13922.67,60.18
13923.33,60.18
13924.00,60.19
13924.67,60.20
13925.33,60.21
13926.00,60.23
13926.67,60.25
13927.33,60.28
13928.00,60.30
13928.67,60.32
13929.33,60.34
13930.00,60.35
13930.67,60.36
13931.33,60.35
13932.00,60.34
13932.67,60.32
13933.33,60.29
13934.00,60.26
13934.67,60.23
13935.33,60.21
13936.00,60.18
13936.67,60.17
13937.33,60.16
13938.00,60.16
13938.67,60.17
13939.33,60.18
13940.00,60.20
13940.67,60.23
13941.33,60.25
13942.00,60.28
13942.67,60.30
13943.33,60.32
13944.00,60.33
13944.67,60.34
13945.33,60.34
13946.00,60.34
13946.67,60.34
13947.33,60.33
13948.00,60.32
13948.67,60.32
13949.33,60.31
13950.00,60.31
13950.67,60.31
13951.33,60.31
13952.00,60.31
13952.67,60.32
13953.33,60.33
13954.00,60.34
13954.67,60.35
13955.33,60.36
13956.00,60.37
13956.67,60.37
13957.33,60.38
13958.00,60.38
13958.67,60.38
13959.33,60.38
13960.00,60.37
13960.67,60.37
13961.33,60.38
13962.00,60.38
13962.67,60.38
13963.33,60.39
13964.00,60.40
13964.67,60.41
13965.33,60.43
13966.00,60.44
13966.67,60.45
13967.33,60.46
13968.00,60.46
13968.67,60.46
13969.33,60.46
13970.00,60.45
13970.67,60.44
13971.33,60.43
13972.00,60.42
13972.67,60.40
13973.33,60.39
13974.00,60.39
13974.67,60.39
13975.33,60.39
13976.00,60.40
13976.67,60.42
13977.33,60.43
13978.00,60.45
13978.67,60.47
13979.33,60.48
13980.00,60.50
13980.67,60.51
13981.33,60.52
13982.00,60.53
13982.67,60.54
13983.33,60.54
13984.00,60.55
13984.67,60.55
13985.33,60.55
13986.00,60.56
13986.67,60.56
13987.33,60.56
13988.00,60.56
13988.67,60.57
13989.33,60.56
13990.00,60.56
13990.67,60.55
13991.33,60.54
13992.00,60.53
13992.67,60.52
13993.33,60.51
13994.00,60.51
13994.67,60.50
13995.33,60.51
13996.00,60.52
13996.67,60.53
13997.33,60.55
13998.00,60.57
13998.67,60.60
13999.33,60.62
14000.00,60.63
14000.67,60.65
14001.33,60.65
14002.00,60.64
14002.67,60.63
14003.33,60.61
14004.00,60.59
14004.67,60.57
14005.33,60.55
14006.00,60.53
14006.67,60.52
14007.33,60.53
14008.00,60.54
14008.67,60.56
14009.33,60.59
14010.00,60.63
14010.67,60.66
14011.33,60.70
14012.00,60.73
14012.67,60.75
14013.33,60.76
14014.00,60.76
14014.67,60.75
14015.33,60.73
14016.00,60.70
14016.67,60.67
14017.33,60.64
14018.00,60.61
14018.67,60.59
14019.33,60.58
14020.00,60.58
14020.67,60.59
14021.33,60.61
14022.00,60.64
14022.67,60.67
14023.33,60.70
14024.00,60.72
14024.67,60.75
14025.33,60.76
14026.00,60.77
14026.67,60.77
14027.33,60.76
14028.00,60.74
14028.67,60.73
14029.33,60.70
14030.00,60.69
14030.67,60.67
14031.33,60.66
14032.00,60.65
14032.67,60.65
14033.33,60.66
14034.00,60.67
14034.67,60.68
14035.33,60.70
14036.00,60.71
14036.67,60.72
14037.33,60.73
14038.00,60.74
14038.67,60.74
14039.33,60.74
14040.00,60.74
14040.67,60.74
14041.33,60.74
14042.00,60.74
14042.67,60.74
14043.33,60.75
14044.00,60.75
14044.67,60.75
14045.33,60.75
14046.00,60.75
14046.67,60.75
14047.33,60.75
14048.00,60.75
14048.67,60.75
14049.33,60.75
14050.00,60.75
14050.67,60.76
14051.33,60.78
14052.00,60.79
14052.67,60.81
14053.33,60.84
14054.00,60.86
14054.67,60.88
14055.33,60.90
14056.00,60.92
14056.67,60.92
14057.33,60.92
14058.00,60.92
14058.67,60.90
14059.33,60.88
14060.00,60.86
14060.67,60.83
14061.33,60.81
14062.00,60.79
14062.67,60.78
14063.33,60.77
14064.00,60.78
14064.67,60.79
14065.33,60.81
14066.00,60.84
14066.67,60.87
14067.33,60.90
14068.00,60.93
14068.67,60.96
14069.33,60.99
14070.00,61.00
14070.67,61.01
14071.33,61.02
14072.00,61.02
14072.67,61.01
14073.33,61.00
14074.00,60.99
14074.67,60.98
14075.33,60.97
14076.00,60.96
14076.67,60.96
14077.33,60.95
14078.00,60.95
14078.67,60.96
14079.33,60.96
14080.00,60.97
14080.67,60.99
14081.33,61.00
14082.00,61.02
14082.67,61.04
14083.33,61.05
14084.00,61.07
14084.67,61.08
14085.33,61.09
14086.00,61.10
14086.67,61.11
14087.33,61.11
14088.00,61.10
14088.67,61.09
14089.33,61.09
14090.00,61.08
14090.67,61.07
14091.33,61.06
14092.00,61.06
14092.67,61.06
14093.33,61.06
14094.00,61.07
14094.67,61.08
14095.33,61.10
14096.00,61.11
14096.67,61.12
14097.33,61.13
14098.00,61.14
14098.67,61.14
14099.33,61.13
14100.00,61.12
14100.67,61.11
14101.33,61.10
14102.00,61.08
14102.67,61.07
14103.33,61.06
14104.00,61.06
14104.67,61.06
14105.33,61.07
14106.00,61.08
14106.67,61.10
14107.33,61.12
14108.00,61.14
14108.67,61.15
14109.33,61.17
14110.00,61.17
14110.67,61.17
14111.33,61.17
14112.00,61.16
14112.67,61.15
14113.33,61.14
14114.00,61.13
14114.67,61.12
14115.33,61.12
14116.00,61.12
14116.67,61.13
14117.33,61.15
14118.00,61.17
14118.67,61.19
14119.33,61.21
14120.00,61.23
14120.67,61.25
14121.33,61.27
14122.00,61.28
14122.67,61.28
14123.33,61.29
14124.00,61.29
14124.67,61.29
14125.33,61.28
14126.00,61.28
14126.67,61.28
14127.33,61.28
14128.00,61.28
14128.67,61.29
14129.33,61.29
14130.00,61.29
14130.67,61.29
14131.33,61.29
14132.00,61.28
14132.67,61.28
14133.33,61.27
14134.00,61.27
14134.67,61.26
14135.33,61.26
14136.00,61.26
14136.67,61.27
14137.33,61.28
14138.00,61.29
14138.67,61.30
14139.33,61.32
14140.00,61.33
14140.67,61.34
14141.33,61.35
14142.00,61.35
14142.67,61.35
14143.33,61.35
14144.00,61.34
14144.67,61.33
14145.33,61.33
14146.00,61.32
14146.67,61.32
14147.33,61.33
14148.00,61.33
14148.67,61.34
14149.33,61.35
14150.00,61.36
14150.67,61.36
14151.33,61.37
14152.00,61.37
14152.67,61.38
14153.33,61.37
14154.00,61.37
14154.67,61.37
14155.33,61.37
14156.00,61.37
14156.67,61.38
14157.33,61.39
14158.00,61.41
14158.67,61.43
14159.33,61.45
14160.00,61.47
14160.67,61.49
14161.33,61.50
14162.00,61.51
14162.67,61.50
14163.33,61.49
14164.00,61.48
14164.67,61.45
14165.33,61.43
14166.00,61.40
14166.67,61.38
14167.33,61.36
14168.00,61.36
14168.67,61.36
14169.33,61.38
14170.00,61.40
14170.67,61.44
14171.33,61.47
14172.00,61.51
14172.67,61.55
14173.33,61.58
14174.00,61.60
14174.67,61.62
14175.33,61.62
14176.00,61.62
14176.67,61.60
14177.33,61.59
14178.00,61.56
14178.67,61.54
14179.33,61.53
14180.00,61.52
14180.67,61.51
14181.33,61.51
14182.00,61.51
14182.67,61.52
14183.33,61.53
14184.00,61.55
14184.67,61.56
14185.33,61.57
14186.00,61.58
14186.67,61.58
14187.33,61.59
14188.00,61.59
14188.67,61.59
14189.33,61.59
14190.00,61.59
14190.67,61.60
14191.33,61.61
14192.00,61.63
14192.67,61.65
14193.33,61.67
14194.00,61.69
14194.67,61.71
14195.33,61.73
14196.00,61.74
14196.67,61.75
14197.33,61.75
14198.00,61.74
14198.67,61.74
14199.33,61.73
14200.00,61.71
14200.67,61.70
14201.33,61.68
14202.00,61.67
14202.67,61.67
14203.33,61.66
14204.00,61.66
14204.67,61.67
14205.33,61.68
14206.00,61.70
14206.67,61.72
14207.33,61.74
14208.00,61.76
14208.67,61.78
14209.33,61.80
14210.00,61.81
14210.67,61.82
14211.33,61.83
14212.00,61.84
14212.67,61.84
14213.33,61.84
14214.00,61.83
14214.67,61.82
14215.33,61.81
14216.00,61.81
14216.67,61.80
14217.33,61.79
14218.00,61.79
14218.67,61.78
14219.33,61.78
14220.00,61.79
14220.67,61.79
14221.33,61.79
14222.00,61.80
14222.67,61.81
14223.33,61.81
14224.00,61.82
14224.67,61.83
14225.33,61.83
14226.00,61.84
14226.67,61.85
14227.33,61.85
14228.00,61.86
14228.67,61.87
14229.33,61.88
14230.00,61.89
14230.67,61.91
14231.33,61.92
14232.00,61.93
14232.67,61.94
14233.33,61.94
14234.00,61.95
14234.67,61.95
14235.33,61.95
14236.00,61.95
14236.67,61.94
14237.33,61.94
14238.00,61.94
14238.67,61.93
14239.33,61.93
14240.00,61.94
14240.67,61.95
14241.33,61.96
14242.00,61.97
14242.67,61.98
14243.33,61.99
14244.00,62.01
14244.67,62.01
14245.33,62.02
14246.00,62.02
14246.67,62.02
14247.33,62.02
14248.00,62.01
14248.67,62.00
14249.33,62.00
14250.00,61.99
14250.67,61.99
14251.33,61.99
14252.00,61.99
14252.67,62.00
14253.33,62.01
14254.00,62.02
14254.67,62.03
14255.33,62.03
14256.00,62.04
14256.67,62.05
14257.33,62.05
14258.00,62.05
14258.67,62.05
14259.33,62.05
14260.00,62.05
14260.67,62.06
14261.33,62.06
14262.00,62.07
14262.67,62.07
14263.33,62.09
14264.00,62.10
14264.67,62.11
14265.33,62.13
14266.00,62.15
14266.67,62.16
14267.33,62.17
14268.00,62.18
14268.67,62.19
14269.33,62.19
14270.00,62.20
14270.67,62.20
14271.33,62.20
14272.00,62.20
14272.67,62.20
14273.33,62.20
14274.00,62.19
14274.67,62.19
14275.33,62.19
14276.00,62.19
14276.67,62.19
14277.33,62.19
14278.00,62.19
14278.67,62.19
14279.33,62.19
14280.00,62.20
14280.67,62.20
14281.33,62.21
14282.00,62.21
14282.67,62.22
14283.33,62.23
14284.00,62.25
14284.67,62.26
14285.33,62.27
14286.00,62.28
14286.67,62.29
14287.33,62.30
14288.00,62.31
14288.67,62.31
14289.33,62.32
14290.00,62.32
14290.67,62.32
14291.33,62.33
14292.00,62.33
14292.67,62.33
14293.33,62.34
14294.00,62.34
14294.67,62.35
14295.33,62.35
14296.00,62.36
14296.67,62.36
14297.33,62.36
14298.00,62.36
14298.67,62.36
14299.33,62.36
14300.00,62.36
14300.67,62.36
14301.33,62.36
14302.00,62.36
14302.67,62.37
14303.33,62.37
14304.00,62.38
14304.67,62.39
14305.33,62.40
14306.00,62.41
14306.67,62.41
14307.33,62.42
14308.00,62.43
14308.67,62.43
14309.33,62.44
14310.00,62.44
14310.67,62.44
14311.33,62.44
14312.00,62.45
14312.67,62.45
14313.33,62.46
14314.00,62.47
14314.67,62.48
14315.33,62.49
14316.00,62.50
14316.67,62.51
14317.33,62.52
14318.00,62.53
14318.67,62.53
14319.33,62.54
14320.00,62.54
14320.67,62.54
14321.33,62.54
14322.00,62.54
14322.67,62.54
14323.33,62.54
14324.00,62.54
14324.67,62.54
14325.33,62.54
14326.00,62.54
14326.67,62.55
14327.33,62.55
14328.00,62.55
14328.67,62.55
14329.33,62.54
14330.00,62.54
14330.67,62.54
14331.33,62.53
14332.00,62.53
14332.67,62.52
14333.33,62.52
14334.00,62.52
14334.67,62.53
14335.33,62.54
14336.00,62.56
14336.67,62.57
14337.33,62.60
14338.00,62.62
14338.67,62.65
14339.33,62.67
14340.00,62.69
14340.67,62.71
14341.33,62.73
14342.00,62.74
14342.67,62.75
14343.33,62.75
14344.00,62.74
14344.67,62.73
14345.33,62.72
14346.00,62.71
14346.67,62.70
14347.33,62.69
14348.00,62.68
14348.67,62.68
14349.33,62.68
14350.00,62.68
14350.67,62.69
14351.33,62.71
14352.00,62.73
14352.67,62.75
14353.33,62.76
14354.00,62.78
14354.67,62.80
14355.33,62.81
14356.00,62.82
14356.67,62.83
14357.33,62.83
14358.00,62.83
14358.67,62.82
14359.33,62.82
14360.00,62.81
14360.67,62.81
14361.33,62.81
14362.00,62.82
14362.67,62.83
14363.33,62.84
14364.00,62.85
14364.67,62.87
14365.33,62.88
14366.00,62.89
14366.67,62.91
14367.33,62.91
14368.00,62.92
14368.67,62.92
14369.33,62.91
14370.00,62.91
14370.67,62.90
14371.33,62.90
14372.00,62.90
14372.67,62.90
14373.33,62.91
14374.00,62.92
14374.67,62.93
14375.33,62.94
14376.00,62.95
14376.67,62.97
14377.33,62.98
14378.00,62.98
14378.67,62.98
14379.33,62.98
14380.00,62.98
14380.67,62.97
14381.33,62.96
14382.00,62.95
14382.67,62.94
14383.33,62.93
14384.00,62.93
14384.67,62.94
14385.33,62.95
14386.00,62.96
14386.67,62.97
14387.33,62.99
14388.00,63.00
14388.67,63.01
14389.33,63.01
14390.00,63.01
14390.67,63.01
14391.33,63.00
14392.00,63.00
14392.67,62.99
14393.33,62.98
14394.00,62.97
14394.67,62.97
14395.33,62.98
14396.00,62.99
14396.67,63.00
14397.33,63.02
14398.00,63.03
14398.67,63.05
14399.33,63.06
14400.00,63.07
14400.67,63.08
14401.33,63.08
14402.00,63.08
14402.67,63.08
14403.33,63.08
14404.00,63.07
14404.67,63.07
14405.33,63.08
14406.00,63.08
14406.67,63.10
14407.33,63.12
14408.00,63.14
14408.67,63.17
14409.33,63.20
14410.00,63.22
14410.67,63.25
14411.33,63.27
14412.00,63.28
14412.67,63.29
14413.33,63.29
14414.00,63.29
14414.67,63.28
14415.33,63.27
14416.00,63.26
14416.67,63.25
14417.33,63.25
14418.00,63.24
14418.67,63.24
14419.33,63.24
14420.00,63.24
14420.67,63.25
14421.33,63.25
14422.00,63.26
14422.67,63.27
14423.33,63.28
14424.00,63.29
14424.67,63.30
14425.33,63.30
14426.00,63.31
14426.67,63.32
14427.33,63.32
14428.00,63.33
14428.67,63.34
14429.33,63.34
14430.00,63.35
14430.67,63.36
14431.33,63.36
14432.00,63.36
14432.67,63.37
14433.33,63.36
14434.00,63.36
14434.67,63.36
14435.33,63.35
14436.00,63.35
14436.67,63.34
14437.33,63.34
14438.00,63.33
14438.67,63.33
14439.33,63.33
14440.00,63.33
14440.67,63.34
14441.33,63.35
14442.00,63.36
14442.67,63.37
14443.33,63.39
14444.00,63.41
14444.67,63.43
14445.33,63.46
14446.00,63.48
14446.67,63.49
14447.33,63.51
14448.00,63.52
14448.67,63.53
14449.33,63.54
14450.00,63.54
14450.67,63.53
14451.33,63.53
14452.00,63.52
14452.67,63.51
14453.33,63.50
14454.00,63.49
14454.67,63.48
14455.33,63.48
14456.00,63.49
14456.67,63.50
14457.33,63.52
14458.00,63.54
14458.67,63.56
14459.33,63.58
14460.00,63.60
14460.67,63.62
14461.33,63.63
14462.00,63.64
14462.67,63.64
14463.33,63.63
14464.00,63.63
14464.67,63.61
14465.33,63.59
14466.00,63.58
14466.67,63.56
14467.33,63.55
14468.00,63.54
14468.67,63.54
14469.33,63.54
14470.00,63.54
14470.67,63.56
14471.33,63.57
14472.00,63.59
14472.67,63.62
14473.33,63.64
14474.00,63.66
14474.67,63.68
14475.33,63.70
14476.00,63.71
14476.67,63.72
14477.33,63.73
14478.00,63.74
14478.67,63.74
14479.33,63.74
14480.00,63.74
14480.67,63.74
14481.33,63.73
14482.00,63.73
14482.67,63.73
14483.33,63.73
14484.00,63.74
14484.67,63.74
14485.33,63.75
14486.00,63.76
14486.67,63.77
14487.33,63.78
14488.00,63.79
14488.67,63.80
14489.33,63.81
14490.00,63.82
14490.67,63.82
14491.33,63.82
14492.00,63.82
14492.67,63.82
14493.33,63.82
14494.00,63.82
14494.67,63.82
14495.33,63.82
14496.00,63.82
14496.67,63.83
14497.33,63.83
14498.00,63.84
14498.67,63.86
14499.33,63.87
14500.00,63.88
14500.67,63.90
14501.33,63.91
14502.00,63.91
14502.67,63.92
14503.33,63.92
14504.00,63.92
14504.67,63.91
14505.33,63.91
14506.00,63.91
14506.67,63.90
14507.33,63.90
14508.00,63.91
14508.67,63.91
14509.33,63.92
14510.00,63.93
14510.67,63.95
14511.33,63.96
14512.00,63.97
14512.67,63.98
14513.33,63.99
14514.00,64.00
14514.67,64.01
14515.33,64.01
14516.00,64.01
14516.67,64.01
14517.33,64.01
14518.00,64.01
14518.67,64.02
14519.33,64.02
14520.00,64.03
14520.67,64.04
14521.33,64.05
14522.00,64.06
14522.67,64.07
14523.33,64.08
14524.00,64.09
14524.67,64.10
14525.33,64.10
14526.00,64.11
14526.67,64.12
14527.33,64.12
14528.00,64.12
14528.67,64.13
14529.33,64.13
14530.00,64.13
14530.67,64.13
14531.33,64.14
14532.00,64.13
14532.67,64.13
14533.33,64.13
14534.00,64.13
14534.67,64.12
14535.33,64.12
14536.00,64.11
14536.67,64.11
14537.33,64.11
14538.00,64.12
14538.67,64.13
14539.33,64.14
14540.00,64.15
14540.67,64.17
14541.33,64.18
14542.00,64.20
14542.67,64.21
14543.33,64.22
14544.00,64.23
14544.67,64.24
14545.33,64.24
14546.00,64.24
14546.67,64.24
14547.33,64.24
14548.00,64.24
14548.67,64.24
14549.33,64.25
14550.00,64.26
14550.67,64.27
14551.33,64.29
14552.00,64.30
14552.67,64.32
14553.33,64.33
14554.00,64.34
14554.67,64.35
14555.33,64.35
14556.00,64.35
14556.67,64.35
14557.33,64.35
14558.00,64.34
14558.67,64.34
14559.33,64.34
14560.00,64.34
14560.67,64.34
14561.33,64.35
14562.00,64.36
14562.67,64.37
14563.33,64.38
14564.00,64.39
14564.67,64.40
14565.33,64.40
14566.00,64.40
14566.67,64.40
14567.33,64.39
14568.00,64.39
14568.67,64.38
14569.33,64.37
14570.00,64.36
14570.67,64.36
14571.33,64.36
14572.00,64.37
14572.67,64.38
14573.33,64.39
14574.00,64.41
14574.67,64.42
14575.33,64.44
14576.00,64.45
14576.67,64.46
14577.33,64.47
14578.00,64.47
14578.67,64.47
14579.33,64.47
14580.00,64.47
14580.67,64.47
14581.33,64.47
14582.00,64.47
14582.67,64.48
14583.33,64.49
14584.00,64.51
14584.67,64.52
14585.33,64.54
14586.00,64.56
14586.67,64.57
14587.33,64.58
14588.00,64.59
14588.67,64.59
14589.33,64.59
14590.00,64.58
14590.67,64.57
14591.33,64.56
14592.00,64.55
14592.67,64.54
14593.33,64.53
14594.00,64.52
14594.67,64.52
14595.33,64.52
14596.00,64.53
14596.67,64.54
14597.33,64.55
14598.00,64.56
14598.67,64.57
14599.33,64.57
14600.00,64.58
14600.67,64.58
14601.33,64.58
14602.00,64.58
14602.67,64.58
14603.33,64.58
14604.00,64.58
14604.67,64.58
14605.33,64.59
14606.00,64.59
14606.67,64.60
14607.33,64.62
14608.00,64.63
14608.67,64.65
14609.33,64.66
14610.00,64.68
14610.67,64.69
14611.33,64.70
14612.00,64.71
14612.67,64.71
14613.33,64.71
14614.00,64.70
14614.67,64.69
14615.33,64.68
14616.00,64.67
14616.67,64.67
14617.33,64.66
14618.00,64.66
14618.67,64.66
14619.33,64.67
14620.00,64.68
14620.67,64.69
14621.33,64.71
14622.00,64.72
14622.67,64.74
14623.33,64.76
14624.00,64.77
14624.67,64.78
14625.33,64.79
14626.00,64.79
14626.67,64.80
14627.33,64.79
14628.00,64.79
14628.67,64.79
14629.33,64.79
14630.00,64.79
14630.67,64.79
14631.33,64.80
14632.00,64.81
14632.67,64.82
14633.33,64.84
14634.00,64.85
14634.67,64.86
14635.33,64.87
14636.00,64.88
14636.67,64.88
14637.33,64.89
14638.00,64.88
14638.67,64.88
14639.33,64.87
14640.00,64.87
14640.67,64.86
14641.33,64.86
14642.00,64.85
14642.67,64.86
14643.33,64.86
14644.00,64.87
14644.67,64.88
14645.33,64.89
14646.00,64.91
14646.67,64.92
14647.33,64.94
14648.00,64.95
14648.67,64.96
14649.33,64.97
14650.00,64.97
14650.67,64.98
14651.33,64.98
14652.00,64.98
14652.67,64.98
14653.33,64.98
14654.00,64.97
14654.67,64.97
14655.33,64.96
14656.00,64.96
14656.67,64.96
14657.33,64.95
14658.00,64.95
14658.67,64.94
14659.33,64.94
14660.00,64.94
14660.67,64.95
14661.33,64.95
14662.00,64.96
14662.67,64.97
14663.33,64.98
14664.00,64.99
14664.67,65.00
14665.33,65.01
14666.00,65.02
14666.67,65.03
14667.33,65.04
14668.00,65.04
14668.67,65.04
14669.33,65.04
14670.00,65.03
14670.67,65.03
14671.33,65.03
14672.00,65.03
14672.67,65.03
14673.33,65.04
14674.00,65.05
14674.67,65.06
14675.33,65.08
14676.00,65.09
14676.67,65.11
14677.33,65.13
14678.00,65.14
14678.67,65.15
14679.33,65.15
14680.00,65.15
14680.67,65.15
14681.33,65.14
14682.00,65.13
14682.67,65.13
14683.33,65.12
14684.00,65.11
14684.67,65.11
14685.33,65.10
14686.00,65.10
14686.67,65.11
14687.33,65.11
14688.00,65.12
14688.67,65.12
14689.33,65.13
14690.00,65.14
14690.67,65.14
14691.33,65.14
14692.00,65.14
14692.67,65.14
14693.33,65.15
14694.00,65.15
14694.67,65.15
14695.33,65.15
14696.00,65.16
14696.67,65.16
14697.33,65.17
14698.00,65.18
14698.67,65.18
14699.33,65.19
14700.00,65.19
14700.67,65.20
14701.33,65.20
14702.00,65.20
14702.67,65.20
14703.33,65.20
14704.00,65.20
14704.67,65.21
14705.33,65.21
14706.00,65.22
14706.67,65.23
14707.33,65.24
14708.00,65.26
14708.67,65.27
14709.33,65.28
14710.00,65.29
14710.67,65.30
14711.33,65.30
14712.00,65.30
14712.67,65.30
14713.33,65.30
14714.00,65.29
14714.67,65.28
14715.33,65.27
14716.00,65.26
14716.67,65.26
14717.33,65.25
14718.00,65.25
14718.67,65.25
14719.33,65.25
14720.00,65.25
14720.67,65.25
14721.33,65.26
14722.00,65.26
14722.67,65.27
14723.33,65.27
14724.00,65.28
14724.67,65.28
14725.33,65.29
14726.00,65.29
14726.67,65.30
14727.33,65.31
14728.00,65.31
14728.67,65.32
14729.33,65.33
14730.00,65.34
14730.67,65.34
14731.33,65.35
14732.00,65.36
14732.67,65.36
14733.33,65.37
14734.00,65.37
14734.67,65.37
14735.33,65.37
14736.00,65.37
14736.67,65.37
14737.33,65.37
14738.00,65.37
14738.67,65.38
14739.33,65.38
14740.00,65.38
14740.67,65.38
14741.33,65.38
14742.00,65.37
14742.67,65.37
14743.33,65.36
14744.00,65.36
14744.67,65.35
14745.33,65.34
14746.00,65.34
14746.67,65.33
14747.33,65.32
14748.00,65.32
14748.67,65.32
14749.33,65.32
14750.00,65.33
14750.67,65.33
14751.33,65.34
14752.00,65.35
14752.67,65.36
14753.33,65.37
14754.00,65.38
14754.67,65.39
14755.33,65.40
14756.00,65.41
14756.67,65.41
14757.33,65.42
14758.00,65.42
14758.67,65.42
14759.33,65.43
14760.00,65.43
14760.67,65.43
14761.33,65.43
14762.00,65.43
14762.67,65.43
14763.33,65.44
14764.00,65.44
14764.67,65.44
14765.33,65.45
14766.00,65.46
14766.67,65.46
14767.33,65.47
14768.00,65.47
14768.67,65.48
14769.33,65.48
14770.00,65.48
14770.67,65.48
14771.33,65.48
14772.00,65.48
14772.67,65.48
14773.33,65.48
14774.00,65.47
14774.67,65.47
14775.33,65.47
14776.00,65.46
14776.67,65.46
14777.33,65.46
14778.00,65.46
14778.67,65.46
14779.33,65.46
14780.00,65.46
14780.67,65.46
14781.33,65.47
14782.00,65.47
14782.67,65.47
14783.33,65.48
14784.00,65.48
14784.67,65.49
14785.33,65.49
14786.00,65.49
14786.67,65.49
14787.33,65.49
14788.00,65.49
14788.67,65.49
14789.33,65.49
14790.00,65.49
14790.67,65.49
14791.33,65.48
14792.00,65.48
14792.67,65.48
14793.33,65.48
14794.00,65.48
14794.67,65.48
14795.33,65.48
14796.00,65.48
14796.67,65.48
14797.33,65.48
14798.00,65.49
14798.67,65.49
14799.33,65.50
14800.00,65.50
14800.67,65.51
14801.33,65.51
14802.00,65.52
14802.67,65.52
14803.33,65.52
14804.00,65.52
14804.67,65.52
14805.33,65.52
14806.00,65.52
14806.67,65.52
14807.33,65.52
14808.00,65.52
14808.67,65.51
14809.33,65.51
14810.00,65.51
14810.67,65.51
14811.33,65.51
14812.00,65.51
14812.67,65.51
14813.33,65.51
14814.00,65.51
14814.67,65.52
14815.33,65.52
14816.00,65.52
14816.67,65.53
14817.33,65.53
14818.00,65.54
14818.67,65.55
14819.33,65.55
14820.00,65.55
14820.67,65.56
14821.33,65.56
14822.00,65.56
14822.67,65.56
14823.33,65.55
14824.00,65.55
14824.67,65.55
14825.33,65.54
14826.00,65.54
14826.67,65.54
14827.33,65.53
14828.00,65.53
14828.67,65.53
14829.33,65.53
14830.00,65.53
14830.67,65.54
14831.33,65.54
14832.00,65.54
14832.67,65.54
14833.33,65.55
14834.00,65.55
14834.67,65.55
14835.33,65.55
14836.00,65.55
14836.67,65.55
14837.33,65.55
14838.00,65.55
14838.67,65.54
14839.33,65.54
14840.00,65.54
14840.67,65.54
14841.33,65.54
14842.00,65.54
14842.67,65.54
14843.33,65.53
14844.00,65.53
14844.67,65.53
14845.33,65.52
14846.00,65.52
14846.67,65.52
14847.33,65.52
14848.00,65.52
14848.67,65.52
14849.33,65.52
14850.00,65.52
14850.67,65.53
14851.33,65.53
14852.00,65.53
14852.67,65.53
14853.33,65.54
14854.00,65.54
14854.67,65.54
14855.33,65.54
14856.00,65.53
14856.67,65.53
14857.33,65.53
14858.00,65.53
14858.67,65.53
14859.33,65.52
14860.00,65.52
14860.67,65.53
14861.33,65.53
14862.00,65.53
14862.67,65.53
14863.33,65.53
14864.00,65.54
14864.67,65.54
14865.33,65.54
14866.00,65.54
14866.67,65.54
14867.33,65.53
14868.00,65.53
14868.67,65.53
14869.33,65.52
14870.00,65.52
14870.67,65.52
14871.33,65.51
14872.00,65.51
14872.67,65.51
14873.33,65.50
14874.00,65.50
14874.67,65.49
14875.33,65.49
14876.00,65.48
14876.67,65.47
14877.33,65.47
14878.00,65.46
14878.67,65.46
14879.33,65.46
14880.00,65.46
14880.67,65.47
14881.33,65.47
14882.00,65.48
14882.67,65.49
14883.33,65.49
14884.00,65.50
14884.67,65.50
14885.33,65.50
14886.00,65.50
14886.67,65.50
14887.33,65.49
14888.00,65.48
14888.67,65.47
14889.33,65.46
14890.00,65.45
14890.67,65.43
14891.33,65.43
14892.00,65.42
14892.67,65.42
14893.33,65.42
14894.00,65.42
14894.67,65.42
14895.33,65.43
14896.00,65.44
14896.67,65.45
14897.33,65.45
14898.00,65.46
14898.67,65.47
14899.33,65.48
14900.00,65.48
14900.67,65.49
14901.33,65.49
14902.00,65.50
14902.67,65.50
14903.33,65.50
14904.00,65.49
14904.67,65.49
14905.33,65.49
14906.00,65.48
14906.67,65.47
14907.33,65.46
14908.00,65.45
14908.67,65.44
14909.33,65.43
14910.00,65.42
14910.67,65.42
14911.33,65.41
14912.00,65.40
14912.67,65.39
14913.33,65.39
14914.00,65.39
14914.67,65.38
14915.33,65.38
14916.00,65.38
14916.67,65.38
14917.33,65.38
14918.00,65.38
14918.67,65.38
14919.33,65.38
14920.00,65.38
14920.67,65.39
14921.33,65.39
14922.00,65.39
14922.67,65.40
14923.33,65.40
14924.00,65.40
14924.67,65.40
14925.33,65.40
14926.00,65.39
14926.67,65.38
14927.33,65.37
14928.00,65.35
14928.67,65.34
14929.33,65.33
14930.00,65.31
14930.67,65.31
14931.33,65.30
14932.00,65.30
14932.67,65.30
14933.33,65.31
14934.00,65.32
14934.67,65.33
14935.33,65.34
14936.00,65.34
14936.67,65.35
14937.33,65.34
14938.00,65.34
14938.67,65.32
14939.33,65.31
14940.00,65.29
14940.67,65.27
14941.33,65.25
14942.00,65.23
14942.67,65.22
14943.33,65.21
14944.00,65.21
14944.67,65.22
14945.33,65.23
14946.00,65.24
14946.67,65.26
14947.33,65.28
14948.00,65.30
14948.67,65.31
14949.33,65.32
14950.00,65.33
14950.67,65.32
14951.33,65.31
14952.00,65.30
14952.67,65.28
14953.33,65.27
14954.00,65.25
14954.67,65.23
14955.33,65.21
14956.00,65.20
14956.67,65.19
14957.33,65.18
14958.00,65.17
14958.67,65.17
14959.33,65.16
14960.00,65.16
14960.67,65.16
14961.33,65.16
14962.00,65.16
14962.67,65.16
14963.33,65.16
14964.00,65.16
14964.67,65.16
14965.33,65.16
14966.00,65.16
14966.67,65.17
14967.33,65.17
14968.00,65.17
14968.67,65.17
14969.33,65.17
14970.00,65.16
14970.67,65.16
14971.33,65.16
14972.00,65.15
14972.67,65.15
14973.33,65.14
14974.00,65.14
14974.67,65.14
14975.33,65.14
14976.00,65.15
14976.67,65.15
14977.33,65.16
14978.00,65.16
14978.67,65.16
14979.33,65.16
14980.00,65.16
14980.67,65.15
14981.33,65.14
14982.00,65.13
14982.67,65.12
14983.33,65.11
14984.00,65.10
14984.67,65.08
14985.33,65.08
14986.00,65.07
14986.67,65.07
14987.33,65.07
14988.00,65.06
14988.67,65.06
14989.33,65.06
14990.00,65.06
14990.67,65.05
14991.33,65.05
14992.00,65.04
14992.67,65.03
14993.33,65.01
14994.00,65.00
14994.67,64.99
14995.33,64.98
14996.00,64.98
14996.67,64.97
14997.33,64.98
14998.00,64.98
14998.67,64.98
14999.33,64.99
15000.00,64.99
15000.67,64.99
15001.33,64.99
15002.00,64.99
15002.67,64.98
15003.33,64.97
15004.00,64.95
15004.67,64.94
15005.33,64.93
15006.00,64.92
15006.67,64.92
15007.33,64.91
15008.00,64.91
15008.67,64.92
15009.33,64.93
15010.00,64.93
15010.67,64.94
15011.33,64.95
15012.00,64.95
15012.67,64.95
15013.33,64.95
15014.00,64.94
15014.67,64.93
15015.33,64.92
15016.00,64.91
15016.67,64.89
15017.33,64.88
15018.00,64.87
15018.67,64.86
15019.33,64.85
15020.00,64.85
15020.67,64.84
15021.33,64.84
15022.00,64.83
15022.67,64.83
15023.33,64.82
15024.00,64.81
15024.67,64.80
15025.33,64.79
15026.00,64.78
15026.67,64.76
15027.33,64.75
15028.00,64.74
15028.67,64.74
15029.33,64.73
15030.00,64.73
15030.67,64.73
15031.33,64.73
15032.00,64.73
15032.67,64.73
15033.33,64.73
15034.00,64.72
15034.67,64.72
15035.33,64.71
15036.00,64.70
15036.67,64.69
15037.33,64.69
15038.00,64.68
15038.67,64.67
15039.33,64.67
15040.00,64.67
15040.67,64.67
15041.33,64.67
15042.00,64.67
15042.67,64.67
15043.33,64.68
15044.00,64.68
15044.67,64.68
15045.33,64.68
15046.00,64.68
15046.67,64.67
15047.33,64.67
15048.00,64.66
15048.67,64.65
15049.33,64.65
15050.00,64.64
15050.67,64.63
15051.33,64.62
15052.00,64.61
15052.67,64.60
15053.33,64.59
15054.00,64.58
15054.67,64.57
15055.33,64.56
15056.00,64.55
15056.67,64.54
15057.33,64.54
15058.00,64.54
15058.67,64.53
15059.33,64.53
15060.00,64.53
15060.67,64.53
15061.33,64.53
15062.00,64.53
15062.67,64.53
15063.33,64.53
15064.00,64.53
15064.67,64.52
15065.33,64.52
15066.00,64.51
15066.67,64.50
15067.33,64.50
15068.00,64.49
15068.67,64.49
15069.33,64.49
15070.00,64.49
15070.67,64.49
15071.33,64.49
15072.00,64.49
15072.67,64.49
15073.33,64.49
15074.00,64.48
15074.67,64.47
15075.33,64.46
15076.00,64.44
15076.67,64.43
15077.33,64.41
15078.00,64.40
15078.67,64.38
15079.33,64.37
15080.00,64.37
15080.67,64.36
15081.33,64.36
15082.00,64.36
15082.67,64.36
15083.33,64.36
15084.00,64.35
15084.67,64.35
15085.33,64.34
15086.00,64.34
15086.67,64.33
15087.33,64.32
15088.00,64.31
15088.67,64.30
15089.33,64.29
15090.00,64.28
15090.67,64.28
15091.33,64.28
15092.00,64.28
15092.67,64.28
15093.33,64.28
15094.00,64.28
15094.67,64.28
15095.33,64.28
15096.00,64.28
15096.67,64.27
15097.33,64.26
15098.00,64.24
15098.67,64.23
15099.33,64.22
15100.00,64.21
15100.67,64.20
15101.33,64.20
15102.00,64.19
15102.67,64.19
15103.33,64.20
15104.00,64.20
15104.67,64.20
15105.33,64.19
15106.00,64.19
15106.67,64.18
15107.33,64.17
15108.00,64.15
15108.67,64.13
15109.33,64.12
15110.00,64.10
15110.67,64.09
15111.33,64.08
15112.00,64.07
15112.67,64.07
15113.33,64.07
15114.00,64.07
15114.67,64.07
15115.33,64.08
15116.00,64.08
15116.67,64.09
15117.33,64.08
15118.00,64.08
15118.67,64.07
15119.33,64.06
15120.00,64.05
15120.67,64.04
15121.33,64.03
15122.00,64.02
15122.67,64.02
15123.33,64.01
15124.00,64.01
15124.67,64.01
15125.33,64.01
15126.00,64.01
15126.67,64.01
15127.33,64.01
15128.00,64.00
15128.67,63.99
15129.33,63.98
15130.00,63.97
15130.67,63.96
15131.33,63.94
15132.00,63.93
15132.67,63.92
15133.33,63.91
15134.00,63.90
15134.67,63.90
15135.33,63.90
15136.00,63.90
15136.67,63.90
15137.33,63.90
15138.00,63.90
15138.67,63.90
15139.33,63.90
15140.00,63.89
15140.67,63.88
15141.33,63.88
15142.00,63.87
15142.67,63.85
15143.33,63.85
15144.00,63.84
15144.67,63.83
15145.33,63.82
15146.00,63.82
15146.67,63.81
15147.33,63.80
15148.00,63.79
15148.67,63.79
15149.33,63.77
15150.00,63.76
15150.67,63.74
15151.33,63.72
15152.00,63.70
15152.67,63.68
15153.33,63.66
15154.00,63.64
15154.67,63.62
15155.33,63.61
15156.00,63.60
15156.67,63.59
15157.33,63.59
15158.00,63.59
15158.67,63.60
15159.33,63.60
15160.00,63.61
15160.67,63.62
15161.33,63.63
15162.00,63.64
15162.67,63.65
15163.33,63.65
15164.00,63.65
15164.67,63.65
15165.33,63.65
15166.00,63.64
15166.67,63.63
15167.33,63.62
15168.00,63.60
15168.67,63.59
15169.33,63.58
15170.00,63.57
15170.67,63.56
15171.33,63.56
15172.00,63.55
15172.67,63.55
15173.33,63.55
15174.00,63.55
15174.67,63.56
15175.33,63.56
15176.00,63.56
15176.67,63.55
15177.33,63.55
15178.00,63.54
15178.67,63.53
15179.33,63.52
15180.00,63.50
15180.67,63.49
15181.33,63.48
15182.00,63.47
15182.67,63.47
15183.33,63.46
15184.00,63.46
15184.67,63.46
15185.33,63.47
15186.00,63.47
15186.67,63.47
15187.33,63.46
15188.00,63.46
15188.67,63.44
15189.33,63.43
15190.00,63.40
15190.67,63.38
15191.33,63.35
15192.00,63.32
15192.67,63.30
15193.33,63.28
15194.00,63.26
15194.67,63.25
15195.33,63.25
15196.00,63.26
15196.67,63.27
15197.33,63.28
15198.00,63.30
15198.67,63.31
15199.33,63.32
15200.00,63.33
15200.67,63.33
15201.33,63.33
15202.00,63.32
15202.67,63.30
15203.33,63.27
15204.00,63.25
15204.67,63.22
15205.33,63.19
15206.00,63.16
15206.67,63.14
15207.33,63.13
15208.00,63.12
15208.67,63.11
15209.33,63.11
15210.00,63.12
15210.67,63.13
15211.33,63.14
15212.00,63.15
15212.67,63.15
15213.33,63.16
15214.00,63.16
15214.67,63.16
15215.33,63.15
15216.00,63.14
15216.67,63.13
15217.33,63.11
15218.00,63.10
15218.67,63.08
15219.33,63.07
15220.00,63.06
15220.67,63.05
15221.33,63.04
15222.00,63.03
15222.67,63.03
15223.33,63.02
15224.00,63.02
15224.67,63.02
15225.33,63.01
15226.00,63.01
15226.67,63.01
15227.33,63.00
15228.00,62.99
15228.67,62.99
15229.33,62.98
15230.00,62.97
15230.67,62.97
15231.33,62.96
15232.00,62.96
15232.67,62.96
15233.33,62.96
15234.00,62.96
15234.67,62.96
15235.33,62.96
15236.00,62.96
15236.67,62.96
15237.33,62.96
15238.00,62.95
15238.67,62.94
15239.33,62.92
15240.00,62.91
15240.67,62.89
15241.33,62.87
15242.00,62.85
15242.67,62.84
15243.33,62.82
15244.00,62.81
15244.67,62.81
15245.33,62.81
15246.00,62.81
15246.67,62.81
15247.33,62.82
15248.00,62.82
15248.67,62.82
15249.33,62.83
15250.00,62.82
15250.67,62.82
15251.33,62.81
15252.00,62.80
15252.67,62.79
15253.33,62.77
15254.00,62.76
15254.67,62.75
15255.33,62.75
15256.00,62.74
15256.67,62.74
15257.33,62.74
15258.00,62.75
15258.67,62.75
15259.33,62.75
15260.00,62.74
15260.67,62.74
15261.33,62.72
15262.00,62.71
15262.67,62.69
15263.33,62.67
15264.00,62.65
15264.67,62.63
15265.33,62.61
15266.00,62.60
15266.67,62.59
15267.33,62.58
15268.00,62.58
15268.67,62.59
15269.33,62.59
15270.00,62.59
15270.67,62.59
15271.33,62.59
15272.00,62.58
15272.67,62.56
15273.33,62.54
15274.00,62.52
15274.67,62.50
15275.33,62.47
15276.00,62.45
15276.67,62.44
15277.33,62.43
15278.00,62.43
15278.67,62.44
15279.33,62.45
15280.00,62.46
15280.67,62.47
15281.33,62.48
15282.00,62.49
15282.67,62.49
15283.33,62.49
15284.00,62.48
15284.67,62.46
15285.33,62.45
15286.00,62.43
15286.67,62.41
15287.33,62.39
15288.00,62.38
15288.67,62.37
15289.33,62.37
15290.00,62.37
15290.67,62.38
15291.33,62.39
15292.00,62.39
15292.67,62.39
15293.33,62.39
15294.00,62.38
15294.67,62.37
15295.33,62.35
15296.00,62.32
15296.67,62.29
15297.33,62.26
15298.00,62.23
15298.67,62.21
15299.33,62.19
15300.00,62.18
15300.67,62.18
15301.33,62.17
15302.00,62.18
15302.67,62.18
15303.33,62.18
15304.00,62.19
15304.67,62.18
15305.33,62.18
15306.00,62.17
15306.67,62.15
15307.33,62.13
15308.00,62.12
15308.67,62.10
15309.33,62.08
15310.00,62.07
15310.67,62.07
15311.33,62.06
15312.00,62.06
15312.67,62.07
15313.33,62.07
15314.00,62.08
15314.67,62.08
15315.33,62.09
15316.00,62.09
15316.67,62.08
15317.33,62.08
15318.00,62.07
15318.67,62.06
15319.33,62.05
15320.00,62.04
15320.67,62.03
15321.33,62.02
15322.00,62.02
15322.67,62.01
15323.33,62.01
15324.00,62.01
15324.67,62.01
15325.33,62.01
15326.00,62.00
15326.67,62.00
15327.33,62.00
15328.00,61.99
15328.67,61.99
15329.33,61.98
15330.00,61.98
15330.67,61.98
15331.33,61.97
15332.00,61.97
15332.67,61.96
15333.33,61.95
15334.00,61.93
15334.67,61.92
15335.33,61.90
15336.00,61.87
15336.67,61.85
15337.33,61.83
15338.00,61.81
15338.67,61.79
15339.33,61.78
15340.00,61.77
15340.67,61.77
15341.33,61.78
15342.00,61.79
15342.67,61.80
15343.33,61.82
15344.00,61.83
15344.67,61.84
15345.33,61.84
15346.00,61.83
15346.67,61.82
15347.33,61.81
15348.00,61.79
15348.67,61.77
15349.33,61.75
15350.00,61.73
15350.67,61.73
15351.33,61.73
15352.00,61.73
15352.67,61.75
15353.33,61.76
15354.00,61.78
15354.67,61.80
15355.33,61.82
15356.00,61.82
15356.67,61.82
15357.33,61.81
15358.00,61.78
15358.67,61.75
15359.33,61.71
15360.00,61.66
15360.67,61.62
15361.33,61.58
15362.00,61.55
15362.67,61.52
15363.33,61.51
15364.00,61.51
15364.67,61.52
15365.33,61.53
15366.00,61.55
15366.67,61.57
15367.33,61.59
15368.00,61.60
15368.67,61.61
15369.33,61.61
15370.00,61.61
15370.67,61.60
15371.33,61.58
15372.00,61.56
15372.67,61.54
15373.33,61.52
15374.00,61.50
15374.67,61.49
15375.33,61.48
15376.00,61.47
15376.67,61.47
15377.33,61.47
15378.00,61.47
15378.67,61.47
15379.33,61.47
15380.00,61.46
15380.67,61.46
15381.33,61.45
15382.00,61.44
15382.67,61.43
15383.33,61.42
15384.00,61.42
15384.67,61.41
15385.33,61.41
15386.00,61.40
15386.67,61.40
15387.33,61.40
15388.00,61.39
15388.67,61.39
15389.33,61.38
15390.00,61.36
15390.67,61.35
15391.33,61.33
15392.00,61.32
15392.67,61.30
15393.33,61.28
15394.00,61.27
15394.67,61.25
15395.33,61.24
15396.00,61.23
15396.67,61.23
15397.33,61.23
15398.00,61.23
15398.67,61.24
15399.33,61.24
15400.00,61.25
15400.67,61.25
15401.33,61.26
15402.00,61.26
15402.67,61.26
15403.33,61.26
15404.00,61.26
15404.67,61.25
15405.33,61.25
15406.00,61.24
15406.67,61.23
15407.33,61.22
15408.00,61.20
15408.67,61.18
15409.33,61.16
15410.00,61.14
15410.67,61.12
15411.33,61.10
15412.00,61.08
15412.67,61.07
15413.33,61.06
15414.00,61.05
15414.67,61.05
15415.33,61.04
15416.00,61.05
15416.67,61.05
15417.33,61.05
15418.00,61.05
15418.67,61.06
15419.33,61.06
15420.00,61.05
15420.67,61.05
15421.33,61.04
15422.00,61.04
15422.67,61.03
15423.33,61.02
15424.00,61.02
15424.67,61.01
15425.33,61.01
15426.00,61.00
15426.67,61.00
15427.33,60.99
15428.00,60.99
15428.67,60.98
15429.33,60.97
15430.00,60.97
15430.67,60.96
15431.33,60.95
15432.00,60.94
15432.67,60.93
15433.33,60.93
15434.00,60.92
15434.67,60.92
15435.33,60.92
15436.00,60.92
15436.67,60.92
15437.33,60.91
15438.00,60.91
15438.67,60.90
15439.33,60.88
15440.00,60.87
15440.67,60.85
15441.33,60.82
15442.00,60.80
15442.67,60.78
15443.33,60.75
15444.00,60.73
15444.67,60.72
15445.33,60.71
15446.00,60.71
15446.67,60.71
15447.33,60.72
15448.00,60.73
15448.67,60.74
15449.33,60.75
15450.00,60.75
15450.67,60.76
15451.33,60.76
15452.00,60.76
15452.67,60.75
15453.33,60.74
15454.00,60.72
15454.67,60.71
15455.33,60.70
15456.00,60.68
15456.67,60.67
15457.33,60.66
15458.00,60.66
15458.67,60.65
15459.33,60.65
15460.00,60.65
15460.67,60.64
15461.33,60.64
15462.00,60.64
15462.67,60.64
15463.33,60.64
15464.00,60.63
15464.67,60.63
15465.33,60.63
15466.00,60.64
15466.67,60.64
15467.33,60.64
15468.00,60.64
15468.67,60.64
15469.33,60.64
15470.00,60.63
15470.67,60.62
15471.33,60.60
15472.00,60.58
15472.67,60.56
15473.33,60.53
15474.00,60.51
15474.67,60.48
15475.33,60.45
15476.00,60.43
15476.67,60.41
15477.33,60.40
15478.00,60.39
15478.67,60.39
15479.33,60.39
15480.00,60.40
15480.67,60.41
15481.33,60.42
15482.00,60.43
15482.67,60.44
15483.33,60.45
15484.00,60.45
15484.67,60.45
15485.33,60.45
15486.00,60.45
15486.67,60.44
15487.33,60.43
15488.00,60.41
15488.67,60.40
15489.33,60.38
15490.00,60.36
15490.67,60.34
15491.33,60.32
15492.00,60.31
15492.67,60.29
15493.33,60.28
15494.00,60.27
15494.67,60.26
15495.33,60.26
15496.00,60.26
15496.67,60.26
15497.33,60.26
15498.00,60.26
15498.67,60.26
15499.33,60.26
15500.00,60.26
15500.67,60.25
15501.33,60.24
15502.00,60.23
15502.67,60.22
15503.33,60.20
15504.00,60.19
15504.67,60.17
15505.33,60.16
15506.00,60.15
15506.67,60.15
15507.33,60.14
15508.00,60.15
15508.67,60.15
15509.33,60.16
15510.00,60.16
15510.67,60.16
15511.33,60.16
15512.00,60.16
15512.67,60.15
15513.33,60.14
15514.00,60.13
15514.67,60.11
15515.33,60.10
15516.00,60.09
15516.67,60.09
15517.33,60.09
15518.00,60.09
15518.67,60.09
15519.33,60.10
15520.00,60.11
15520.67,60.12
15521.33,60.12
15522.00,60.13
15522.67,60.12
15523.33,60.11
15524.00,60.10
15524.67,60.08
15525.33,60.06
15526.00,60.04
15526.67,60.01
15527.33,59.99
15528.00,59.98
15528.67,59.96
15529.33,59.96
15530.00,59.95
15530.67,59.95
15531.33,59.96
15532.00,59.96
15532.67,59.97
15533.33,59.97
15534.00,59.97
15534.67,59.97
15535.33,59.97
15536.00,59.96
15536.67,59.96
15537.33,59.95
15538.00,59.94
15538.67,59.93
15539.33,59.93
15540.00,59.92
15540.67,59.92
15541.33,59.91
15542.00,59.91
15542.67,59.90
15543.33,59.90
15544.00,59.89
15544.67,59.87
15545.33,59.86
15546.00,59.84
15546.67,59.82
15547.33,59.80
15548.00,59.78
15548.67,59.76
15549.33,59.74
15550.00,59.72
15550.67,59.71
15551.33,59.70
15552.00,59.69
15552.67,59.68
15553.33,59.68
15554.00,59.68
15554.67,59.67
15555.33,59.67
15556.00,59.67
15556.67,59.66
15557.33,59.66
15558.00,59.66
15558.67,59.67
15559.33,59.67
15560.00,59.68
15560.67,59.69
15561.33,59.70
15562.00,59.71
15562.67,59.72
15563.33,59.72
15564.00,59.72
15564.67,59.71
15565.33,59.70
15566.00,59.68
15566.67,59.65
15567.33,59.63
15568.00,59.59
15568.67,59.56
15569.33,59.53
15570.00,59.50
15570.67,59.47
15571.33,59.45
15572.00,59.43
15572.67,59.41
15573.33,59.41
15574.00,59.40
15574.67,59.40
15575.33,59.41
15576.00,59.42
15576.67,59.42
15577.33,59.43
15578.00,59.44
15578.67,59.44
15579.33,59.45
15580.00,59.45
15580.67,59.45
15581.33,59.44
15582.00,59.44
15582.67,59.43
15583.33,59.42
15584.00,59.41
15584.67,59.40
15585.33,59.39
15586.00,59.38
15586.67,59.38
15587.33,59.37
15588.00,59.37
15588.67,59.38
15589.33,59.38
15590.00,59.39
15590.67,59.40
15591.33,59.41
15592.00,59.42
15592.67,59.42
15593.33,59.42
15594.00,59.41
15594.67,59.39
15595.33,59.37
15596.00,59.33
15596.67,59.30
15597.33,59.26
15598.00,59.23
15598.67,59.20
15599.33,59.18
15600.00,59.16
15600.67,59.16
15601.33,59.16
15602.00,59.17
15602.67,59.19
15603.33,59.21
15604.00,59.24
15604.67,59.26
15605.33,59.28
15606.00,59.29
15606.67,59.29
15607.33,59.29
15608.00,59.27
15608.67,59.26
15609.33,59.24
15610.00,59.22
15610.67,59.20
15611.33,59.18
15612.00,59.17
15612.67,59.16
15613.33,59.16
15614.00,59.15
15614.67,59.15
15615.33,59.14
15616.00,59.14
15616.67,59.13
15617.33,59.11
15618.00,59.09
15618.67,59.07
15619.33,59.05
15620.00,59.03
15620.67,59.01
15621.33,58.99
15622.00,58.99
15622.67,58.98
15623.33,58.99
15624.00,59.00
15624.67,59.02
15625.33,59.04
15626.00,59.05
15626.67,59.06
15627.33,59.06
15628.00,59.06
15628.67,59.05
15629.33,59.03
15630.00,59.00
15630.67,58.96
15631.33,58.93
15632.00,58.89
15632.67,58.86
15633.33,58.84
15634.00,58.82
15634.67,58.81
15635.33,58.81
15636.00,58.82
15636.67,58.83
15637.33,58.85
15638.00,58.87
15638.67,58.88
15639.33,58.88
15640.00,58.89
15640.67,58.88
15641.33,58.87
15642.00,58.85
15642.67,58.83
15643.33,58.81
15644.00,58.80
15644.67,58.78
15645.33,58.77
15646.00,58.76
15646.67,58.76
15647.33,58.76
15648.00,58.77
15648.67,58.78
15649.33,58.78
15650.00,58.78
15650.67,58.77
15651.33,58.76
15652.00,58.75
15652.67,58.72
15653.33,58.70
15654.00,58.67
15654.67,58.64
15655.33,58.61
15656.00,58.58
15656.67,58.57
15657.33,58.56
15658.00,58.56
15658.67,58.57
15659.33,58.58
15660.00,58.60
15660.67,58.63
15661.33,58.65
15662.00,58.68
15662.67,58.70
15663.33,58.72
15664.00,58.73
15664.67,58.74
15665.33,58.74
15666.00,58.73
15666.67,58.73
15667.33,58.71
15668.00,58.70
15668.67,58.68
15669.33,58.67
15670.00,58.65
15670.67,58.63
15671.33,58.61
15672.00,58.59
15672.67,58.57
15673.33,58.55
15674.00,58.53
15674.67,58.50
15675.33,58.47
15676.00,58.45
15676.67,58.42
15677.33,58.39
15678.00,58.36
15678.67,58.34
15679.33,58.33
15680.00,58.32
15680.67,58.32
15681.33,58.33
15682.00,58.34
15682.67,58.36
15683.33,58.38
15684.00,58.40
15684.67,58.42
15685.33,58.43
15686.00,58.44
15686.67,58.45
15687.33,58.44
15688.00,58.43
15688.67,58.42
15689.33,58.40
15690.00,58.38
15690.67,58.35
15691.33,58.33
15692.00,58.31
15692.67,58.30
15693.33,58.29
15694.00,58.29
15694.67,58.28
15695.33,58.29
15696.00,58.29
15696.67,58.29
15697.33,58.30
15698.00,58.30
15698.67,58.30
15699.33,58.29
15700.00,58.28
15700.67,58.27
15701.33,58.26
15702.00,58.24
15702.67,58.22
15703.33,58.21
15704.00,58.19
15704.67,58.17
15705.33,58.16
15706.00,58.14
15706.67,58.12
15707.33,58.11
15708.00,58.09
15708.67,58.08
15709.33,58.06
15710.00,58.05
15710.67,58.05
15711.33,58.04
15712.00,58.05
15712.67,58.06
15713.33,58.07
15714.00,58.09
15714.67,58.12
15715.33,58.14
15716.00,58.16
15716.67,58.18
15717.33,58.19
15718.00,58.20
15718.67,58.20
15719.33,58.19
15720.00,58.17
15720.67,58.14
15721.33,58.11
15722.00,58.08
15722.67,58.05
15723.33,58.02
15724.00,58.00
15724.67,57.98
15725.33,57.97
15726.00,57.97
15726.67,57.97
15727.33,57.98
15728.00,57.99
15728.67,57.99
15729.33,57.99
15730.00,57.99
15730.67,57.98
15731.33,57.97
15732.00,57.95
15732.67,57.93
15733.33,57.91
15734.00,57.89
15734.67,57.88
15735.33,57.86
15736.00,57.86
15736.67,57.85
15737.33,57.85
15738.00,57.85
15738.67,57.86
15739.33,57.86
15740.00,57.85
15740.67,57.85
15741.33,57.83
15742.00,57.82
15742.67,57.80
15743.33,57.78
15744.00,57.75
15744.67,57.74
15745.33,57.72
15746.00,57.72
15746.67,57.71
15747.33,57.72
15748.00,57.72
15748.67,57.73
15749.33,57.74
15750.00,57.75
15750.67,57.75
15751.33,57.75
15752.00,57.74
15752.67,57.73
15753.33,57.71
15754.00,57.69
15754.67,57.67
15755.33,57.65
15756.00,57.63
15756.67,57.61
15757.33,57.60
15758.00,57.59
15758.67,57.59
15759.33,57.59
15760.00,57.60
15760.67,57.61
15761.33,57.61
15762.00,57.62
15762.67,57.62
15763.33,57.61
15764.00,57.61
15764.67,57.60
15765.33,57.58
15766.00,57.57
15766.67,57.56
15767.33,57.55
15768.00,57.54
15768.67,57.53
15769.33,57.52
15770.00,57.52
15770.67,57.51
15771.33,57.51
15772.00,57.51
15772.67,57.51
15773.33,57.50
15774.00,57.50
15774.67,57.50
15775.33,57.49
15776.00,57.49
15776.67,57.49
15777.33,57.48
15778.00,57.48
15778.67,57.48
15779.33,57.47
15780.00,57.46
15780.67,57.45
15781.33,57.43
15782.00,57.41
15782.67,57.39
15783.33,57.37
15784.00,57.35
15784.67,57.34
15785.33,57.33
15786.00,57.32
15786.67,57.32
15787.33,57.33
15788.00,57.34
15788.67,57.36
15789.33,57.38
15790.00,57.40
15790.67,57.41
15791.33,57.42
15792.00,57.43
15792.67,57.43
15793.33,57.42
15794.00,57.40
15794.67,57.38
15795.33,57.35
15796.00,57.33
15796.67,57.30
15797.33,57.28
15798.00,57.27
15798.67,57.27
15799.33,57.27
15800.00,57.27
15800.67,57.28
15801.33,57.28
15802.00,57.28
15802.67,57.28
15803.33,57.27
15804.00,57.25
15804.67,57.23
15805.33,57.20
15806.00,57.17
15806.67,57.14
15807.33,57.11
15808.00,57.09
15808.67,57.07
15809.33,57.06
15810.00,57.05
15810.67,57.06
15811.33,57.07
15812.00,57.08
15812.67,57.10
15813.33,57.12
15814.00,57.13
15814.67,57.14
15815.33,57.15
15816.00,57.15
15816.67,57.15
15817.33,57.14
15818.00,57.14
15818.67,57.13
15819.33,57.11
15820.00,57.10
15820.67,57.09
15821.33,57.08
15822.00,57.06
15822.67,57.05
15823.33,57.03
15824.00,57.01
15824.67,57.00
15825.33,56.98
15826.00,56.97
15826.67,56.95
15827.33,56.95
15828.00,56.95
15828.67,56.95
15829.33,56.96
15830.00,56.97
15830.67,56.98
15831.33,56.99
15832.00,56.99
15832.67,56.99
15833.33,56.98
15834.00,56.97
15834.67,56.95
15835.33,56.92
15836.00,56.89
15836.67,56.87
15837.33,56.85
15838.00,56.83
15838.67,56.82
15839.33,56.82
15840.00,56.83
15840.67,56.84
15841.33,56.86
15842.00,56.87
15842.67,56.88
15843.33,56.87
15844.00,56.86
15844.67,56.84
15845.33,56.81
15846.00,56.76
15846.67,56.71
15847.33,56.66
15848.00,56.61
15848.67,56.57
15849.33,56.55
15850.00,56.53
15850.67,56.54
15851.33,56.55
15852.00,56.58
15852.67,56.61
15853.33,56.65
15854.00,56.68
15854.67,56.70
15855.33,56.71
15856.00,56.72
15856.67,56.71
15857.33,56.69
15858.00,56.66
15858.67,56.64
15859.33,56.61
15860.00,56.60
15860.67,56.59
15861.33,56.60
15862.00,56.62
15862.67,56.64
15863.33,56.67
15864.00,56.69
15864.67,56.71
15865.33,56.73
15866.00,56.73
15866.67,56.71
15867.33,56.68
15868.00,56.64
15868.67,56.59
15869.33,56.54
15870.00,56.48
15870.67,56.44
15871.33,56.41
15872.00,56.39
15872.67,56.39
15873.33,56.40
15874.00,56.42
15874.67,56.44
15875.33,56.47
15876.00,56.49
15876.67,56.50
15877.33,56.51
15878.00,56.50
15878.67,56.47
15879.33,56.44
15880.00,56.40
15880.67,56.37
15881.33,56.33
15882.00,56.31
15882.67,56.30
15883.33,56.31
15884.00,56.33
15884.67,56.36
15885.33,56.39
15886.00,56.43
15886.67,56.47
15887.33,56.50
15888.00,56.52
15888.67,56.53
15889.33,56.52
15890.00,56.50
15890.67,56.47
15891.33,56.43
15892.00,56.39
15892.67,56.35
15893.33,56.31
15894.00,56.29
15894.67,56.27
15895.33,56.26
15896.00,56.27
15896.67,56.28
15897.33,56.29
15898.00,56.30
15898.67,56.32
15899.33,56.33
15900.00,56.33
15900.67,56.32
15901.33,56.31
15902.00,56.30
15902.67,56.28
15903.33,56.26
15904.00,56.25
15904.67,56.23
15905.33,56.22
15906.00,56.22
15906.67,56.21
15907.33,56.21
15908.00,56.21
15908.67,56.20
15909.33,56.20
15910.00,56.19
15910.67,56.17
15911.33,56.16
15912.00,56.14
15912.67,56.13
15913.33,56.11
15914.00,56.10
15914.67,56.10
15915.33,56.10
15916.00,56.10
15916.67,56.11
15917.33,56.11
15918.00,56.12
15918.67,56.13
15919.33,56.13
15920.00,56.13
15920.67,56.13
15921.33,56.13
15922.00,56.12
15922.67,56.12
15923.33,56.11
15924.00,56.11
15924.67,56.12
15925.33,56.12
15926.00,56.13
15926.67,56.14
15927.33,56.16
15928.00,56.17
15928.67,56.18
15929.33,56.18
15930.00,56.19
15930.67,56.19
15931.33,56.18
15932.00,56.17
15932.67,56.17
15933.33,56.16
15934.00,56.14
15934.67,56.13
15935.33,56.12
15936.00,56.11
15936.67,56.10
15937.33,56.09
15938.00,56.08
15938.67,56.07
15939.33,56.06
15940.00,56.04
15940.67,56.02
15941.33,56.00
15942.00,55.98
15942.67,55.95
15943.33,55.93
15944.00,55.91
15944.67,55.90
15945.33,55.89
15946.00,55.88
15946.67,55.88
15947.33,55.88
15948.00,55.88
15948.67,55.88
15949.33,55.88
15950.00,55.88
15950.67,55.88
15951.33,55.87
15952.00,55.86
15952.67,55.84
15953.33,55.82
15954.00,55.81
15954.67,55.79
15955.33,55.78
15956.00,55.78
15956.67,55.77
15957.33,55.77
15958.00,55.78
15958.67,55.79
15959.33,55.79
15960.00,55.80
15960.67,55.81
15961.33,55.81
15962.00,55.80
15962.67,55.80
15963.33,55.79
15964.00,55.77
15964.67,55.76
15965.33,55.74
15966.00,55.72
15966.67,55.70
15967.33,55.68
15968.00,55.67
15968.67,55.65
15969.33,55.64
15970.00,55.63
15970.67,55.62
15971.33,55.61
15972.00,55.61
15972.67,55.60
15973.33,55.60
15974.00,55.60
15974.67,55.60
15975.33,55.59
15976.00,55.59
15976.67,55.58
15977.33,55.57
15978.00,55.56
15978.67,55.54
15979.33,55.52
15980.00,55.50
15980.67,55.47
15981.33,55.44
15982.00,55.41
15982.67,55.39
15983.33,55.37
15984.00,55.35
15984.67,55.35
15985.33,55.35
15986.00,55.36
15986.67,55.38
15987.33,55.40
15988.00,55.42
15988.67,55.43
15989.33,55.45
15990.00,55.45
15990.67,55.45
15991.33,55.43
15992.00,55.41
15992.67,55.38
15993.33,55.34
15994.00,55.31
15994.67,55.27
15995.33,55.25
15996.00,55.23
15996.67,55.22
15997.33,55.23
15998.00,55.24
15998.67,55.26
15999.33,55.28
16000.00,55.30
16000.67,55.32
16001.33,55.34
16002.00,55.34
16002.67,55.34
16003.33,55.34
16004.00,55.34
16004.67,55.33
16005.33,55.33
16006.00,55.33
16006.67,55.33
16007.33,55.34
16008.00,55.34
16008.67,55.35
16009.33,55.36
16010.00,55.36
16010.67,55.35
16011.33,55.33
16012.00,55.30
16012.67,55.26
16013.33,55.20
16014.00,55.14
16014.67,55.08
16015.33,55.02
16016.00,54.97
16016.67,54.93
16017.33,54.91
16018.00,54.91
16018.67,54.92
16019.33,54.95
16020.00,54.99
16020.67,55.03
16021.33,55.07
16022.00,55.11
16022.67,55.14
16023.33,55.15
16024.00,55.15
16024.67,55.15
16025.33,55.13
16026.00,55.10
16026.67,55.08
16027.33,55.06
16028.00,55.05
16028.67,55.04
16029.33,55.05
16030.00,55.07
16030.67,55.09
16031.33,55.12
16032.00,55.15
16032.67,55.17
16033.33,55.19
16034.00,55.20
16034.67,55.19
16035.33,55.18
16036.00,55.16
16036.67,55.12
16037.33,55.09
16038.00,55.06
16038.67,55.02
16039.33,55.00
16040.00,54.98
16040.67,54.98
16041.33,54.98
16042.00,54.98
16042.67,54.98
16043.33,54.99
16044.00,54.99
16044.67,54.98
16045.33,54.97
16046.00,54.96
16046.67,54.94
16047.33,54.91
16048.00,54.89
16048.67,54.88
16049.33,54.87
16050.00,54.86
16050.67,54.86
16051.33,54.87
16052.00,54.88
16052.67,54.89
16053.33,54.90
16054.00,54.90
16054.67,54.90
16055.33,54.88
16056.00,54.86
16056.67,54.84
16057.33,54.80
16058.00,54.77
16058.67,54.75
16059.33,54.73
16060.00,54.72
16060.67,54.72
16061.33,54.73
16062.00,54.75
16062.67,54.78
16063.33,54.81
16064.00,54.84
16064.67,54.86
16065.33,54.88
16066.00,54.88
16066.67,54.88
16067.33,54.87
16068.00,54.86
16068.67,54.84
16069.33,54.83
16070.00,54.82
16070.67,54.81
16071.33,54.81
16072.00,54.81
16072.67,54.82
16073.33,54.82
16074.00,54.83
16074.67,54.82
16075.33,54.81
16076.00,54.78
16076.67,54.75
16077.33,54.71
16078.00,54.66
16078.67,54.62
16079.33,54.57
16080.00,54.53
16080.67,54.50
16081.33,54.48
16082.00,54.48
16082.67,54.49
16083.33,54.51
16084.00,54.54
16084.67,54.57
16085.33,54.60
16086.00,54.63
16086.67,54.66
16087.33,54.67
16088.00,54.68
16088.67,54.69
16089.33,54.69
16090.00,54.68
16090.67,54.68
16091.33,54.68
16092.00,54.68
16092.67,54.69
16093.33,54.69
16094.00,54.70
16094.67,54.70
16095.33,54.69
16096.00,54.68
16096.67,54.65
16097.33,54.61
16098.00,54.56
16098.67,54.51
16099.33,54.45
16100.00,54.39
16100.67,54.34
16101.33,54.30
16102.00,54.27
16102.67,54.27
16103.33,54.28
16104.00,54.31
16104.67,54.35
16105.33,54.40
16106.00,54.45
16106.67,54.50
16107.33,54.54
16108.00,54.57
16108.67,54.58
16109.33,54.59
16110.00,54.58
16110.67,54.56
16111.33,54.54
16112.00,54.51
16112.67,54.48
16113.33,54.46
16114.00,54.45
16114.67,54.44
16115.33,54.44
16116.00,54.45
16116.67,54.45
16117.33,54.46
16118.00,54.46
16118.67,54.46
16119.33,54.45
16120.00,54.43
16120.67,54.40
16121.33,54.37
16122.00,54.33
16122.67,54.29
16123.33,54.25
16124.00,54.22
16124.67,54.19
16125.33,54.17
16126.00,54.16
16126.67,54.16
16127.33,54.17
16128.00,54.18
16128.67,54.20
16129.33,54.22
16130.00,54.24
16130.67,54.25
16131.33,54.27
16132.00,54.28
16132.67,54.30
16133.33,54.30
16134.00,54.30
16134.67,54.30
16135.33,54.29
16136.00,54.28
16136.67,54.27
16137.33,54.25
16138.00,54.22
16138.67,54.20
16139.33,54.17
16140.00,54.15
16140.67,54.12
16141.33,54.10
16142.00,54.09
16142.67,54.08
16143.33,54.08
16144.00,54.09
16144.67,54.10
16145.33,54.11
16146.00,54.12
16146.67,54.13
16147.33,54.14
16148.00,54.13
16148.67,54.12
16149.33,54.10
16150.00,54.08
16150.67,54.05
16151.33,54.03
16152.00,54.00
16152.67,53.98
16153.33,53.97
16154.00,53.96
16154.67,53.96
16155.33,53.97
16156.00,53.98
16156.67,53.99
16157.33,54.01
16158.00,54.02
16158.67,54.02
16159.33,54.02
16160.00,54.01
16160.67,54.00
16161.33,53.98
16162.00,53.97
16162.67,53.96
16163.33,53.95
16164.00,53.95
16164.67,53.96
16165.33,53.96
16166.00,53.97
16166.67,53.98
16167.33,53.98
16168.00,53.97
16168.67,53.96
16169.33,53.94
16170.00,53.91
16170.67,53.88
16171.33,53.84
16172.00,53.80
16172.67,53.76
16173.33,53.74
16174.00,53.72
16174.67,53.71
16175.33,53.72
16176.00,53.74
16176.67,53.77
16177.33,53.81
16178.00,53.84
16178.67,53.87
16179.33,53.89
16180.00,53.90
16180.67,53.89
16181.33,53.88
16182.00,53.86
16182.67,53.84
16183.33,53.82
16184.00,53.81
16184.67,53.81
16185.33,53.82
16186.00,53.84
16186.67,53.87
16187.33,53.91
16188.00,53.96
16188.67,54.00
16189.33,54.04
16190.00,54.06
16190.67,54.07
16191.33,54.06
16192.00,54.04
16192.67,54.00
16193.33,53.95
16194.00,53.90
16194.67,53.85
16195.33,53.81
16196.00,53.77
16196.67,53.75
16197.33,53.75
16198.00,53.75
16198.67,53.76
16199.33,53.77
16200.00,53.78
16200.67,53.78
16201.33,53.77
16202.00,53.74
16202.67,53.70
16203.33,53.64
16204.00,53.58
16204.67,53.51
16205.33,53.44
16206.00,53.38
16206.67,53.34
16207.33,53.32
16208.00,53.31
16208.67,53.33
16209.33,53.36
16210.00,53.41
16210.67,53.45
16211.33,53.49
16212.00,53.51
16212.67,53.53
16213.33,53.53
16214.00,53.51
16214.67,53.49
16215.33,53.45
16216.00,53.42
16216.67,53.40
16217.33,53.38
16218.00,53.38
16218.67,53.40
16219.33,53.44
16220.00,53.49
16220.67,53.54
16221.33,53.60
16222.00,53.65
16222.67,53.68
16223.33,53.70
16224.00,53.70
16224.67,53.68
16225.33,53.64
16226.00,53.59
16226.67,53.53
16227.33,53.47
16228.00,53.42
16228.67,53.38
16229.33,53.36
16230.00,53.35
16230.67,53.36
16231.33,53.39
16232.00,53.42
16232.67,53.46
16233.33,53.49
16234.00,53.51
16234.67,53.52
16235.33,53.51
16236.00,53.48
16236.67,53.44
16237.33,53.40
16238.00,53.35
16238.67,53.30
16239.33,53.25
16240.00,53.22
16240.67,53.20
16241.33,53.19
16242.00,53.21
16242.67,53.23
16243.33,53.26
16244.00,53.30
16244.67,53.34
16245.33,53.37
16246.00,53.39
16246.67,53.40
16247.33,53.41
16248.00,53.40
16248.67,53.39
16249.33,53.39
16250.00,53.38
16250.67,53.38
16251.33,53.39
16252.00,53.41
16252.67,53.43
16253.33,53.46
16254.00,53.49
16254.67,53.51
16255.33,53.53
16256.00,53.54
16256.67,53.54
16257.33,53.52
16258.00,53.48
16258.67,53.43
16259.33,53.37
16260.00,53.31
16260.67,53.24
16261.33,53.18
16262.00,53.13
16262.67,53.08
16263.33,53.05
16264.00,53.03
16264.67,53.02
16265.33,53.02
16266.00,53.03
16266.67,53.04
16267.33,53.06
16268.00,53.07
16268.67,53.08
16269.33,53.09
16270.00,53.09
16270.67,53.09
16271.33,53.09
16272.00,53.08
16272.67,53.07
16273.33,53.06
16274.00,53.05
16274.67,53.04
16275.33,53.03
16276.00,53.02
16276.67,53.01
16277.33,53.00
16278.00,52.99
16278.67,52.98
16279.33,52.98
16280.00,52.98
16280.67,52.99
16281.33,53.01
16282.00,53.03
16282.67,53.06
16283.33,53.10
16284.00,53.14
16284.67,53.18
16285.33,53.22
16286.00,53.26
16286.67,53.29
16287.33,53.31
16288.00,53.31
16288.67,53.30
16289.33,53.27
16290.00,53.23
16290.67,53.18
16291.33,53.13
16292.00,53.07
16292.67,53.01
16293.33,52.96
16294.00,52.92
16294.67,52.90
16295.33,52.89
16296.00,52.90
16296.67,52.92
16297.33,52.94
16298.00,52.96
16298.67,52.99
16299.33,53.00
16300.00,53.01
16300.67,53.00
16301.33,52.98
16302.00,52.96
16302.67,52.92
16303.33,52.89
16304.00,52.86
16304.67,52.83
16305.33,52.82
16306.00,52.83
16306.67,52.85
16307.33,52.89
16308.00,52.93
16308.67,52.98
16309.33,53.02
16310.00,53.05
16310.67,53.07
16311.33,53.07
16312.00,53.06
16312.67,53.02
16313.33,52.97
16314.00,52.91
16314.67,52.84
16315.33,52.77
16316.00,52.70
16316.67,52.65
16317.33,52.61
16318.00,52.59
16318.67,52.60
16319.33,52.63
16320.00,52.67
16320.67,52.71
16321.33,52.76
16322.00,52.81
16322.67,52.85
16323.33,52.87
16324.00,52.88
16324.67,52.88
16325.33,52.87
16326.00,52.86
16326.67,52.84
16327.33,52.83
16328.00,52.82
16328.67,52.83
16329.33,52.85
16330.00,52.87
16330.67,52.90
16331.33,52.93
16332.00,52.95
16332.67,52.97
16333.33,52.97
16334.00,52.96
16334.67,52.93
16335.33,52.89
16336.00,52.83
16336.67,52.77
16337.33,52.70
16338.00,52.65
16338.67,52.60
16339.33,52.57
16340.00,52.56
16340.67,52.57
16341.33,52.61
16342.00,52.65
16342.67,52.71
16343.33,52.77
16344.00,52.82
16344.67,52.85
16345.33,52.87
16346.00,52.87
16346.67,52.85
16347.33,52.81
16348.00,52.76
16348.67,52.70
16349.33,52.64
16350.00,52.58
16350.67,52.54
16351.33,52.51
16352.00,52.50
16352.67,52.50
16353.33,52.52
16354.00,52.54
16354.67,52.57
16355.33,52.60
16356.00,52.63
16356.67,52.65
16357.33,52.66
16358.00,52.67
16358.67,52.66
16359.33,52.65
16360.00,52.63
16360.67,52.60
16361.33,52.56
16362.00,52.53
16362.67,52.50
16363.33,52.48
16364.00,52.46
16364.67,52.45
16365.33,52.44
16366.00,52.44
16366.67,52.45
16367.33,52.46
16368.00,52.47
16368.67,52.48
16369.33,52.48
16370.00,52.48
16370.67,52.49
16371.33,52.48
16372.00,52.48
16372.67,52.47
16373.33,52.45
16374.00,52.43
16374.67,52.40
16375.33,52.37
16376.00,52.33
16376.67,52.29
16377.33,52.25
16378.00,52.21
16378.67,52.17
16379.33,52.15
16380.00,52.14
16380.67,52.14
16381.33,52.15
16382.00,52.17
16382.67,52.20
16383.33,52.24
16384.00,52.28
16384.67,52.32
16385.33,52.35
16386.00,52.38
16386.67,52.40
16387.33,52.41
16388.00,52.40
16388.67,52.39
16389.33,52.37
16390.00,52.35
16390.67,52.32
16391.33,52.29
16392.00,52.27
16392.67,52.26
16393.33,52.25
16394.00,52.25
16394.67,52.26
16395.33,52.27
16396.00,52.28
16396.67,52.29
16397.33,52.30
16398.00,52.29
16398.67,52.29
16399.33,52.27
16400.00,52.25
16400.67,52.23
16401.33,52.20
16402.00,52.18
16402.67,52.15
16403.33,52.12
16404.00,52.10
16404.67,52.08
16405.33,52.07
16406.00,52.06
16406.67,52.05
16407.33,52.04
16408.00,52.04
16408.67,52.04
16409.33,52.05
16410.00,52.06
16410.67,52.09
16411.33,52.13
16412.00,52.18
16412.67,52.23
16413.33,52.29
16414.00,52.34
16414.67,52.40
16415.33,52.44
16416.00,52.47
16416.67,52.48
16417.33,52.48
16418.00,52.46
16418.67,52.42
16419.33,52.36
16420.00,52.29
16420.67,52.22
16421.33,52.14
16422.00,52.08
16422.67,52.03
16423.33,52.01
16424.00,52.00
16424.67,52.01
16425.33,52.03
16426.00,52.07
16426.67,52.11
16427.33,52.15
16428.00,52.18
16428.67,52.19
16429.33,52.19
16430.00,52.16
16430.67,52.12
16431.33,52.06
16432.00,52.00
16432.67,51.94
16433.33,51.88
16434.00,51.83
16434.67,51.80
16435.33,51.79
16436.00,51.80
16436.67,51.83
16437.33,51.87
16438.00,51.92
16438.67,51.97
16439.33,52.01
16440.00,52.03
16440.67,52.04
16441.33,52.04
16442.00,52.01
16442.67,51.98
16443.33,51.94
16444.00,51.89
16444.67,51.85
16445.33,51.81
16446.00,51.79
16446.67,51.78
16447.33,51.78
16448.00,51.81
16448.67,51.85
16449.33,51.90
16450.00,51.96
16450.67,52.01
16451.33,52.06
16452.00,52.10
16452.67,52.12
16453.33,52.13
16454.00,52.12
16454.67,52.09
16455.33,52.05
16456.00,52.00
16456.67,51.94
16457.33,51.88
16458.00,51.82
16458.67,51.77
16459.33,51.73
16460.00,51.70
16460.67,51.68
16461.33,51.67
16462.00,51.67
16462.67,51.68
16463.33,51.70
16464.00,51.72
16464.67,51.74
16465.33,51.77
16466.00,51.80
16466.67,51.82
16467.33,51.84
16468.00,51.86
16468.67,51.87
16469.33,51.88
16470.00,51.88
16470.67,51.89
16471.33,51.89
16472.00,51.89
16472.67,51.88
16473.33,51.86
16474.00,51.85
16474.67,51.83
16475.33,51.80
16476.00,51.78
16476.67,51.75
16477.33,51.73
16478.00,51.71
16478.67,51.70
16479.33,51.70
16480.00,51.70
16480.67,51.72
16481.33,51.74
16482.00,51.77
16482.67,51.80
16483.33,51.83
16484.00,51.85
16484.67,51.87
16485.33,51.87
16486.00,51.87
16486.67,51.86
16487.33,51.83
16488.00,51.79
16488.67,51.74
16489.33,51.69
16490.00,51.64
16490.67,51.59
16491.33,51.56
16492.00,51.54
16492.67,51.54
16493.33,51.56
16494.00,51.60
16494.67,51.64
16495.33,51.69
16496.00,51.74
16496.67,51.78
16497.33,51.81
16498.00,51.83
16498.67,51.83
16499.33,51.81
16500.00,51.78
16500.67,51.75
16501.33,51.70
16502.00,51.66
16502.67,51.62
16503.33,51.59
16504.00,51.58
16504.67,51.57
16505.33,51.58
16506.00,51.60
16506.67,51.63
16507.33,51.65
16508.00,51.67
16508.67,51.68
16509.33,51.68
16510.00,51.67
16510.67,51.65
16511.33,51.61
16512.00,51.57
16512.67,51.53
16513.33,51.50
16514.00,51.48
16514.67,51.47
16515.33,51.47
16516.00,51.49
16516.67,51.52
16517.33,51.56
16518.00,51.59
16518.67,51.62
16519.33,51.64
16520.00,51.66
16520.67,51.65
16521.33,51.64
16522.00,51.62
16522.67,51.59
16523.33,51.56
16524.00,51.53
16524.67,51.51
16525.33,51.49
16526.00,51.49
16526.67,51.50
16527.33,51.51
16528.00,51.53
16528.67,51.55
16529.33,51.57
16530.00,51.58
16530.67,51.58
16531.33,51.57
16532.00,51.55
16532.67,51.53
16533.33,51.50
16534.00,51.47
16534.67,51.45
16535.33,51.43
16536.00,51.42
16536.67,51.43
16537.33,51.44
16538.00,51.46
16538.67,51.48
16539.33,51.50
16540.00,51.51
16540.67,51.52
16541.33,51.52
16542.00,51.51
16542.67,51.50
16543.33,51.47
16544.00,51.45
16544.67,51.43
16545.33,51.41
16546.00,51.40
16546.67,51.40
16547.33,51.41
16548.00,51.43
16548.67,51.45
16549.33,51.46
16550.00,51.47
16550.67,51.47
16551.33,51.46
16552.00,51.43
16552.67,51.40
16553.33,51.36
16554.00,51.31
16554.67,51.27
16555.33,51.24
16556.00,51.23
16556.67,51.23
16557.33,51.25
16558.00,51.28
16558.67,51.32
16559.33,51.36
16560.00,51.40
16560.67,51.42
16561.33,51.43
16562.00,51.42
16562.67,51.39
16563.33,51.35
16564.00,51.31
16564.67,51.26
16565.33,51.21
16566.00,51.19
16566.67,51.18
16567.33,51.19
16568.00,51.22
16568.67,51.27
16569.33,51.33
16570.00,51.39
16570.67,51.45
16571.33,51.50
16572.00,51.53
16572.67,51.53
16573.33,51.52
16574.00,51.48
16574.67,51.42
16575.33,51.35
16576.00,51.28
16576.67,51.22
16577.33,51.16
16578.00,51.13
16578.67,51.13
16579.33,51.14
16580.00,51.18
16580.67,51.22
16581.33,51.26
16582.00,51.30
16582.67,51.32
16583.33,51.32
16584.00,51.31
16584.67,51.28
16585.33,51.23
16586.00,51.18
16586.67,51.14
16587.33,51.11
16588.00,51.10
16588.67,51.11
16589.33,51.15
16590.00,51.21
16590.67,51.28
16591.33,51.36
16592.00,51.43
16592.67,51.49
16593.33,51.52
16594.00,51.52
16594.67,51.49
16595.33,51.43
16596.00,51.35
16596.67,51.25
16597.33,51.14
16598.00,51.05
16598.67,50.97
16599.33,50.93
16600.00,50.92
16600.67,50.94
16601.33,50.99
16602.00,51.06
16602.67,51.13
16603.33,51.20
16604.00,51.26
16604.67,51.30
16605.33,51.32
16606.00,51.31
16606.67,51.27
16607.33,51.21
16608.00,51.14
16608.67,51.07
16609.33,51.00
16610.00,50.94
16610.67,50.91
16611.33,50.91
16612.00,50.93
16612.67,50.98
16613.33,51.04
16614.00,51.10
16614.67,51.17
16615.33,51.22
16616.00,51.26
16616.67,51.28
16617.33,51.28
16618.00,51.27
16618.67,51.24
16619.33,51.21
16620.00,51.18
16620.67,51.16
16621.33,51.15
16622.00,51.16
16622.67,51.18
16623.33,51.21
16624.00,51.24
16624.67,51.28
16625.33,51.30
16626.00,51.32
16626.67,51.32
16627.33,51.30
16628.00,51.28
16628.67,51.24
16629.33,51.19
16630.00,51.15
16630.67,51.11
16631.33,51.07
16632.00,51.05
16632.67,51.05
16633.33,51.06
16634.00,51.09
16634.67,51.12
16635.33,51.14
16636.00,51.16
16636.67,51.17
16637.33,51.17
16638.00,51.16
16638.67,51.13
16639.33,51.10
16640.00,51.06
16640.67,51.03
16641.33,51.01
16642.00,51.01
16642.67,51.03
16643.33,51.06
16644.00,51.12
16644.67,51.17
16645.33,51.23
16646.00,51.29
16646.67,51.33
16647.33,51.36
16648.00,51.37
16648.67,51.36
16649.33,51.33
16650.00,51.29
16650.67,51.24
16651.33,51.19
16652.00,51.14
16652.67,51.09
16653.33,51.06
16654.00,51.05
16654.67,51.04
16655.33,51.06
16656.00,51.08
16656.67,51.10
16657.33,51.13
16658.00,51.15
16658.67,51.16
16659.33,51.17
16660.00,51.17
16660.67,51.16
16661.33,51.15
16662.00,51.14
16662.67,51.13
16663.33,51.14
16664.00,51.15
16664.67,51.17
16665.33,51.20
16666.00,51.24
16666.67,51.27
16667.33,51.30
16668.00,51.32
16668.67,51.33
16669.33,51.34
16670.00,51.33
16670.67,51.31
16671.33,51.28
16672.00,51.24
16672.67,51.21
16673.33,51.17
16674.00,51.14
16674.67,51.12
16675.33,51.10
16676.00,51.10
16676.67,51.10
16677.33,51.10
16678.00,51.11
16678.67,51.11
16679.33,51.11
16680.00,51.11
16680.67,51.11
16681.33,51.11
16682.00,51.10
16682.67,51.10
16683.33,51.10
16684.00,51.10
16684.67,51.11
16685.33,51.13
16686.00,51.14
16686.67,51.17
16687.33,51.18
16688.00,51.19
16688.67,51.20
16689.33,51.19
16690.00,51.17
16690.67,51.14
16691.33,51.10
16692.00,51.06
16692.67,51.01
16693.33,50.97
16694.00,50.94
16694.67,50.93
16695.33,50.93
16696.00,50.94
16696.67,50.98
16697.33,51.03
16698.00,51.09
16698.67,51.16
16699.33,51.23
16700.00,51.30
16700.67,51.35
16701.33,51.40
16702.00,51.44
16702.67,51.47
16703.33,51.47
16704.00,51.47
16704.67,51.44
16705.33,51.41
16706.00,51.37
16706.67,51.32
16707.33,51.27
16708.00,51.22
16708.67,51.18
16709.33,51.14
16710.00,51.11
16710.67,51.08
16711.33,51.07
16712.00,51.06
16712.67,51.06
16713.33,51.07
16714.00,51.08
16714.67,51.10
16715.33,51.12
16716.00,51.13
16716.67,51.15
16717.33,51.16
16718.00,51.16
16718.67,51.16
16719.33,51.14
16720.00,51.11
16720.67,51.08
16721.33,51.04
16722.00,51.00
16722.67,50.97
16723.33,50.94
16724.00,50.93
16724.67,50.93
16725.33,50.96
16726.00,50.99
16726.67,51.04
16727.33,51.11
16728.00,51.17
16728.67,51.24
16729.33,51.29
16730.00,51.33
16730.67,51.35
16731.33,51.34
16732.00,51.32
16732.67,51.27
16733.33,51.21
16734.00,51.15
16734.67,51.09
16735.33,51.04
16736.00,51.00
16736.67,50.98
16737.33,50.98
16738.00,51.00
16738.67,51.03
16739.33,51.08
16740.00,51.14
16740.67,51.20
16741.33,51.25
16742.00,51.29
16742.67,51.32
16743.33,51.33
16744.00,51.33
16744.67,51.32
16745.33,51.29
16746.00,51.27
16746.67,51.25
16747.33,51.24
16748.00,51.23
16748.67,51.23
16749.33,51.24
16750.00,51.26
16750.67,51.28
16751.33,51.31
16752.00,51.33
16752.67,51.36
16753.33,51.37
16754.00,51.38
16754.67,51.39
16755.33,51.38
16756.00,51.36
16756.67,51.34
16757.33,51.31
16758.00,51.29
16758.67,51.27
16759.33,51.26
16760.00,51.25
16760.67,51.25
16761.33,51.26
16762.00,51.27
16762.67,51.29
16763.33,51.30
16764.00,51.32
16764.67,51.33
16765.33,51.33
16766.00,51.32
16766.67,51.32
16767.33,51.30
16768.00,51.29
16768.67,51.29
16769.33,51.28
16770.00,51.28
16770.67,51.28
16771.33,51.28
16772.00,51.28
16772.67,51.27
16773.33,51.27
16774.00,51.25
16774.67,51.23
16775.33,51.21
16776.00,51.18
16776.67,51.15
16777.33,51.12
16778.00,51.09
16778.67,51.07
16779.33,51.07
16780.00,51.07
16780.67,51.09
16781.33,51.12
16782.00,51.16
16782.67,51.20
16783.33,51.24
16784.00,51.28
16784.67,51.31
16785.33,51.32
16786.00,51.33
16786.67,51.32
16787.33,51.31
16788.00,51.28
16788.67,51.25
16789.33,51.22
16790.00,51.18
16790.67,51.16
16791.33,51.14
16792.00,51.13
16792.67,51.14
16793.33,51.16
16794.00,51.19
16794.67,51.22
16795.33,51.26
16796.00,51.30
16796.67,51.34
16797.33,51.37
16798.00,51.40
16798.67,51.41
16799.33,51.41
16800.00,51.41
16800.67,51.40
16801.33,51.39
16802.00,51.38
16802.67,51.37
16803.33,51.36
16804.00,51.36
16804.67,51.37
16805.33,51.38
16806.00,51.40
16806.67,51.43
16807.33,51.45
16808.00,51.47
16808.67,51.49
16809.33,51.50
16810.00,51.50
16810.67,51.49
16811.33,51.47
16812.00,51.43
16812.67,51.39
16813.33,51.33
16814.00,51.27
16814.67,51.20
16815.33,51.13
16816.00,51.07
16816.67,51.02
16817.33,50.98
16818.00,50.96
16818.67,50.95
16819.33,50.96
16820.00,50.99
16820.67,51.03
16821.33,51.09
16822.00,51.16
16822.67,51.23
16823.33,51.30
16824.00,51.36
16824.67,51.41
16825.33,51.44
16826.00,51.46
16826.67,51.46
16827.33,51.45
16828.00,51.44
16828.67,51.42
16829.33,51.41
16830.00,51.40
16830.67,51.39
16831.33,51.39
16832.00,51.39
16832.67,51.40
16833.33,51.40
16834.00,51.41
16834.67,51.42
16835.33,51.43
16836.00,51.43
16836.67,51.43
16837.33,51.42
16838.00,51.40
16838.67,51.37
16839.33,51.34
16840.00,51.30
16840.67,51.26
16841.33,51.23
16842.00,51.21
16842.67,51.20
16843.33,51.21
16844.00,51.23
16844.67,51.27
16845.33,51.31
16846.00,51.35
16846.67,51.40
16847.33,51.44
16848.00,51.47
16848.67,51.50
16849.33,51.52
16850.00,51.54
16850.67,51.54
16851.33,51.54
16852.00,51.53
16852.67,51.52
16853.33,51.50
16854.00,51.48
16854.67,51.46
16855.33,51.45
16856.00,51.44
16856.67,51.44
16857.33,51.45
16858.00,51.45
16858.67,51.46
16859.33,51.46
16860.00,51.46
16860.67,51.46
16861.33,51.46
16862.00,51.46
16862.67,51.47
16863.33,51.48
16864.00,51.48
16864.67,51.49
16865.33,51.49
16866.00,51.49
16866.67,51.49
16867.33,51.48
16868.00,51.46
16868.67,51.44
16869.33,51.42
16870.00,51.39
16870.67,51.37
16871.33,51.35
16872.00,51.33
16872.67,51.33
16873.33,51.35
16874.00,51.37
16874.67,51.41
16875.33,51.46
16876.00,51.51
16876.67,51.55
16877.33,51.59
16878.00,51.62
16878.67,51.64
16879.33,51.63
16880.00,51.61
16880.67,51.56
16881.33,51.51
16882.00,51.44
16882.67,51.37
16883.33,51.31
16884.00,51.27
16884.67,51.24
16885.33,51.25
16886.00,51.28
16886.67,51.33
16887.33,51.40
16888.00,51.48
16888.67,51.56
16889.33,51.63
16890.00,51.70
16890.67,51.74
16891.33,51.77
16892.00,51.77
16892.67,51.76
16893.33,51.74
16894.00,51.70
16894.67,51.66
16895.33,51.62
16896.00,51.59
16896.67,51.56
16897.33,51.55
16898.00,51.55
16898.67,51.55
16899.33,51.56
16900.00,51.56
16900.67,51.56
16901.33,51.54
16902.00,51.51
16902.67,51.47
16903.33,51.42
16904.00,51.36
16904.67,51.30
16905.33,51.24
16906.00,51.20
16906.67,51.18
16907.33,51.18
16908.00,51.20
16908.67,51.25
16909.33,51.32
16910.00,51.39
16910.67,51.47
16911.33,51.54
16912.00,51.60
16912.67,51.64
16913.33,51.67
16914.00,51.68
16914.67,51.67
16915.33,51.66
16916.00,51.64
16916.67,51.62
16917.33,51.61
16918.00,51.61
16918.67,51.62
16919.33,51.65
16920.00,51.70
16920.67,51.75
16921.33,51.81
16922.00,51.87
16922.67,51.92
16923.33,51.95
16924.00,51.98
16924.67,51.99
16925.33,51.98
16926.00,51.96
16926.67,51.93
16927.33,51.89
16928.00,51.85
16928.67,51.81
16929.33,51.78
16930.00,51.76
16930.67,51.74
16931.33,51.74
16932.00,51.75
16932.67,51.76
16933.33,51.78
16934.00,51.79
16934.67,51.78
16935.33,51.77
16936.00,51.75
16936.67,51.72
16937.33,51.68
16938.00,51.64
16938.67,51.61
16939.33,51.58
16940.00,51.57
16940.67,51.57
16941.33,51.58
16942.00,51.61
16942.67,51.65
16943.33,51.71
16944.00,51.76
16944.67,51.82
16945.33,51.87
16946.00,51.90
16946.67,51.93
16947.33,51.94
16948.00,51.94
16948.67,51.93
16949.33,51.91
16950.00,51.88
16950.67,51.85
16951.33,51.81
16952.00,51.78
16952.67,51.75
16953.33,51.73
16954.00,51.72
16954.67,51.72
16955.33,51.73
16956.00,51.74
16956.67,51.76
16957.33,51.79
16958.00,51.82
16958.67,51.85
16959.33,51.87
16960.00,51.90
16960.67,51.92
16961.33,51.93
16962.00,51.95
16962.67,51.96
16963.33,51.97
16964.00,51.98
16964.67,51.98
16965.33,51.97
16966.00,51.96
16966.67,51.95
16967.33,51.93
16968.00,51.91
16968.67,51.89
16969.33,51.87
16970.00,51.85
16970.67,51.83
16971.33,51.81
16972.00,51.80
16972.67,51.80
16973.33,51.79
16974.00,51.80
16974.67,51.80
16975.33,51.82
16976.00,51.83
16976.67,51.85
16977.33,51.86
16978.00,51.87
16978.67,51.89
16979.33,51.90
16980.00,51.91
16980.67,51.91
16981.33,51.92
16982.00,51.92
16982.67,51.91
16983.33,51.90
16984.00,51.89
16984.67,51.87
16985.33,51.85
16986.00,51.84
16986.67,51.82
16987.33,51.81
16988.00,51.80
16988.67,51.80
16989.33,51.79
16990.00,51.79
16990.67,51.79
16991.33,51.79
16992.00,51.79
16992.67,51.80
16993.33,51.81
16994.00,51.81
16994.67,51.82
16995.33,51.83
16996.00,51.84
16996.67,51.85
16997.33,51.87
16998.00,51.88
16998.67,51.90
16999.33,51.92
17000.00,51.94
17000.67,51.95
17001.33,51.97
17002.00,51.98
17002.67,51.99
17003.33,51.99
17004.00,51.98
17004.67,51.96
17005.33,51.94
17006.00,51.91
17006.67,51.89
17007.33,51.86
17008.00,51.85
17008.67,51.84
17009.33,51.85
17010.00,51.86
17010.67,51.89
17011.33,51.92
17012.00,51.97
17012.67,52.01
17013.33,52.06
17014.00,52.10
17014.67,52.14
17015.33,52.17
17016.00,52.19
17016.67,52.20
17017.33,52.20
17018.00,52.19
17018.67,52.17
17019.33,52.14
17020.00,52.11
17020.67,52.08
17021.33,52.04
17022.00,52.02
17022.67,51.99
17023.33,51.98
17024.00,51.97
17024.67,51.96
17025.33,51.96
17026.00,51.96
17026.67,51.96
17027.33,51.96
17028.00,51.96
17028.67,51.97
17029.33,51.97
17030.00,51.97
17030.67,51.97
17031.33,51.96
17032.00,51.96
17032.67,51.96
17033.33,51.96
17034.00,51.96
17034.67,51.96
17035.33,51.96
17036.00,51.96
17036.67,51.96
17037.33,51.96
17038.00,51.95
17038.67,51.95
17039.33,51.95
17040.00,51.95
17040.67,51.95
17041.33,51.95
17042.00,51.96
17042.67,51.96
17043.33,51.96
17044.00,51.96
17044.67,51.96
17045.33,51.95
17046.00,51.94
17046.67,51.94
17047.33,51.93
17048.00,51.93
17048.67,51.93
17049.33,51.94
17050.00,51.96
17050.67,51.99
17051.33,52.02
17052.00,52.05
17052.67,52.09
17053.33,52.12
17054.00,52.15
17054.67,52.18
17055.33,52.19
17056.00,52.19
17056.67,52.18
17057.33,52.16
17058.00,52.13
17058.67,52.09
17059.33,52.06
17060.00,52.02
17060.67,51.99
17061.33,51.97
17062.00,51.96
17062.67,51.95
17063.33,51.96
17064.00,51.98
17064.67,52.00
17065.33,52.02
17066.00,52.04
17066.67,52.06
17067.33,52.08
17068.00,52.09
17068.67,52.09
17069.33,52.10
17070.00,52.09
17070.67,52.09
17071.33,52.08
17072.00,52.07
17072.67,52.06
17073.33,52.06
17074.00,52.04
17074.67,52.03
17075.33,52.01
17076.00,51.99
17076.67,51.97
17077.33,51.94
17078.00,51.91
17078.67,51.89
17079.33,51.87
17080.00,51.86
17080.67,51.85
17081.33,51.86
17082.00,51.89
17082.67,51.92
17083.33,51.96
17084.00,52.01
17084.67,52.05
17085.33,52.09
17086.00,52.11
17086.67,52.11
17087.33,52.09
17088.00,52.05
17088.67,52.00
17089.33,51.93
17090.00,51.86
17090.67,51.79
17091.33,51.74
17092.00,51.70
17092.67,51.69
17093.33,51.70
17094.00,51.75
17094.67,51.82
17095.33,51.91
17096.00,52.01
17096.67,52.10
17097.33,52.19
17098.00,52.25
17098.67,52.29
17099.33,52.29
17100.00,52.27
17100.67,52.23
17101.33,52.17
17102.00,52.11
17102.67,52.04
17103.33,51.99
17104.00,51.95
17104.67,51.93
17105.33,51.93
17106.00,51.96
17106.67,52.00
17107.33,52.05
17108.00,52.10
17108.67,52.15
17109.33,52.19
17110.00,52.22
17110.67,52.23
17111.33,52.22
17112.00,52.19
17112.67,52.15
17113.33,52.11
17114.00,52.06
17114.67,52.03
17115.33,52.00
17116.00,51.98
17116.67,51.98
17117.33,51.99
17118.00,52.00
17118.67,52.01
17119.33,52.01
17120.00,52.02
17120.67,52.01
17121.33,52.00
17122.00,51.98
17122.67,51.95
17123.33,51.91
17124.00,51.88
17124.67,51.85
17125.33,51.83
17126.00,51.83
17126.67,51.84
17127.33,51.87
17128.00,51.91
17128.67,51.96
17129.33,52.00
17130.00,52.04
17130.67,52.06
17131.33,52.07
17132.00,52.07
17132.67,52.05
17133.33,52.02
17134.00,51.98
17134.67,51.95
17135.33,51.91
17136.00,51.88
17136.67,51.87
17137.33,51.86
17138.00,51.87
17138.67,51.89
17139.33,51.92
17140.00,51.95
17140.67,51.97
17141.33,51.98
17142.00,51.99
17142.67,51.99
17143.33,51.97
17144.00,51.94
17144.67,51.91
17145.33,51.87
17146.00,51.83
17146.67,51.80
17147.33,51.78
17148.00,51.77
17148.67,51.77
17149.33,51.79
17150.00,51.83
17150.67,51.87
17151.33,51.91
17152.00,51.95
17152.67,51.97
17153.33,51.99
17154.00,51.99
17154.67,51.97
17155.33,51.95
17156.00,51.92
17156.67,51.89
17157.33,51.86
17158.00,51.84
17158.67,51.83
17159.33,51.83
17160.00,51.84
17160.67,51.86
17161.33,51.89
17162.00,51.92
17162.67,51.94
17163.33,51.97
17164.00,51.98
17164.67,51.99
17165.33,51.99
17166.00,51.99
17166.67,51.98
17167.33,51.97
17168.00,51.96
17168.67,51.95
17169.33,51.94
17170.00,51.94
17170.67,51.94
17171.33,51.94
17172.00,51.94
17172.67,51.95
17173.33,51.95
17174.00,51.94
17174.67,51.93
17175.33,51.91
17176.00,51.88
17176.67,51.85
17177.33,51.81
17178.00,51.77
17178.67,51.74
17179.33,51.71
17180.00,51.70
17180.67,51.69
17181.33,51.70
17182.00,51.72
17182.67,51.75
17183.33,51.79
17184.00,51.83
17184.67,51.88
17185.33,51.92
17186.00,51.96
17186.67,51.98
17187.33,52.00
17188.00,52.00
17188.67,51.99
17189.33,51.97
17190.00,51.93
17190.67,51.90
17191.33,51.85
17192.00,51.81
17192.67,51.77
17193.33,51.74
17194.00,51.72
17194.67,51.71
17195.33,51.71
17196.00,51.71
17196.67,51.73
17197.33,51.75
17198.00,51.78
17198.67,51.80
17199.33,51.82
17200.00,51.84
17200.67,51.86
17201.33,51.87
17202.00,51.87
17202.67,51.86
17203.33,51.85
17204.00,51.83
17204.67,51.81
17205.33,51.80
17206.00,51.79
17206.67,51.78
17207.33,51.77
17208.00,51.76
17208.67,51.75
17209.33,51.73
17210.00,51.72
17210.67,51.71
17211.33,51.70
17212.00,51.69
17212.67,51.69
17213.33,51.68
17214.00,51.69
17214.67,51.69
17215.33,51.69
17216.00,51.70
17216.67,51.72
17217.33,51.75
17218.00,51.79
17218.67,51.84
17219.33,51.89
17220.00,51.94
17220.67,51.98
17221.33,52.01
17222.00,52.02
17222.67,52.02
17223.33,51.99
17224.00,51.96
17224.67,51.91
17225.33,51.84
17226.00,51.77
17226.67,51.70
17227.33,51.64
17228.00,51.59
17228.67,51.55
17229.33,51.54
17230.00,51.55
17230.67,51.59
17231.33,51.64
17232.00,51.70
17232.67,51.76
17233.33,51.81
17234.00,51.86
17234.67,51.90
17235.33,51.91
17236.00,51.91
17236.67,51.89
17237.33,51.85
17238.00,51.80
17238.67,51.75
17239.33,51.70
17240.00,51.65
17240.67,51.60
17241.33,51.57
17242.00,51.55
17242.67,51.53
17243.33,51.53
17244.00,51.52
17244.67,51.51
17245.33,51.50
17246.00,51.48
17246.67,51.46
17247.33,51.44
17248.00,51.41
17248.67,51.38
17249.33,51.36
17250.00,51.35
17250.67,51.36
17251.33,51.38
17252.00,51.41
17252.67,51.46
17253.33,51.51
17254.00,51.56
17254.67,51.62
17255.33,51.66
17256.00,51.70
17256.67,51.72
17257.33,51.72
17258.00,51.70
17258.67,51.67
17259.33,51.62
17260.00,51.57
17260.67,51.52
17261.33,51.48
17262.00,51.45
17262.67,51.44
17263.33,51.44
17264.00,51.46
17264.67,51.49
17265.33,51.53
17266.00,51.57
17266.67,51.60
17267.33,51.62
17268.00,51.63
17268.67,51.63
17269.33,51.62
17270.00,51.59
17270.67,51.56
17271.33,51.53
17272.00,51.50
17272.67,51.49
17273.33,51.48
17274.00,51.49
17274.67,51.51
17275.33,51.54
17276.00,51.57
17276.67,51.61
17277.33,51.64
17278.00,51.67
17278.67,51.68
17279.33,51.68
17280.00,51.66
17280.67,51.62
17281.33,51.57
17282.00,51.51
17282.67,51.45
17283.33,51.39
17284.00,51.33
17284.67,51.29
17285.33,51.26
17286.00,51.24
17286.67,51.23
17287.33,51.24
17288.00,51.24
17288.67,51.25
17289.33,51.26
17290.00,51.26
17290.67,51.26
17291.33,51.26
17292.00,51.25
17292.67,51.24
17293.33,51.23
17294.00,51.22
17294.67,51.21
17295.33,51.22
17296.00,51.23
17296.67,51.24
17297.33,51.27
17298.00,51.29
17298.67,51.30
17299.33,51.31
17300.00,51.31
17300.67,51.30
17301.33,51.27
17302.00,51.24
17302.67,51.20
17303.33,51.15
17304.00,51.11
17304.67,51.07
17305.33,51.05
17306.00,51.03
17306.67,51.03
17307.33,51.04
17308.00,51.06
17308.67,51.09
17309.33,51.13
17310.00,51.17
17310.67,51.21
17311.33,51.25
17312.00,51.28
17312.67,51.31
17313.33,51.33
17314.00,51.34
17314.67,51.34
17315.33,51.34
17316.00,51.33
17316.67,51.31
17317.33,51.30
17318.00,51.28
17318.67,51.26
17319.33,51.24
17320.00,51.22
17320.67,51.19
17321.33,51.16
17322.00,51.13
17322.67,51.08
17323.33,51.04
17324.00,50.99
17324.67,50.94
17325.33,50.90
17326.00,50.86
17326.67,50.83
17327.33,50.81
17328.00,50.80
17328.67,50.81
17329.33,50.82
17330.00,50.84
17330.67,50.87
17331.33,50.90
17332.00,50.94
17332.67,50.97
17333.33,50.99
17334.00,51.01
17334.67,51.03
17335.33,51.04
17336.00,51.04
17336.67,51.03
17337.33,51.02
17338.00,51.01
17338.67,50.99
17339.33,50.97
17340.00,50.94
17340.67,50.92
17341.33,50.89
17342.00,50.87
17342.67,50.85
17343.33,50.84
17344.00,50.84
17344.67,50.85
17345.33,50.87
17346.00,50.89
17346.67,50.93
17347.33,50.96
17348.00,50.99
17348.67,51.02
17349.33,51.03
17350.00,51.03
17350.67,51.01
17351.33,50.98
17352.00,50.93
17352.67,50.87
17353.33,50.80
17354.00,50.73
17354.67,50.67
17355.33,50.62
17356.00,50.60
17356.67,50.61
17357.33,50.65
17358.00,50.72
17358.67,50.81
17359.33,50.92
17360.00,51.02
17360.67,51.12
17361.33,51.20
17362.00,51.25
17362.67,51.28
17363.33,51.27
17364.00,51.24
17364.67,51.17
17365.33,51.09
17366.00,50.99
17366.67,50.89
17367.33,50.80
17368.00,50.71
17368.67,50.64
17369.33,50.60
17370.00,50.58
17370.67,50.58
17371.33,50.61
17372.00,50.65
17372.67,50.69
17373.33,50.73
17374.00,50.76
17374.67,50.78
17375.33,50.77
17376.00,50.75
17376.67,50.71
17377.33,50.68
17378.00,50.64
17378.67,50.61
17379.33,50.59
17380.00,50.59
17380.67,50.60
17381.33,50.63
17382.00,50.66
17382.67,50.70
17383.33,50.74
17384.00,50.78
17384.67,50.81
17385.33,50.82
17386.00,50.83
17386.67,50.81
17387.33,50.79
17388.00,50.75
17388.67,50.70
17389.33,50.65
17390.00,50.60
17390.67,50.55
17391.33,50.50
17392.00,50.46
17392.67,50.43
17393.33,50.41
17394.00,50.39
17394.67,50.37
17395.33,50.36
17396.00,50.35
17396.67,50.34
17397.33,50.34
17398.00,50.34
17398.67,50.34
17399.33,50.35
17400.00,50.37
17400.67,50.39
17401.33,50.41
17402.00,50.43
17402.67,50.45
17403.33,50.48
17404.00,50.49
17404.67,50.51
17405.33,50.52
17406.00,50.52
17406.67,50.52
17407.33,50.51
17408.00,50.49
17408.67,50.47
17409.33,50.44
17410.00,50.42
17410.67,50.40
17411.33,50.38
17412.00,50.36
17412.67,50.36
17413.33,50.36
17414.00,50.36
17414.67,50.38
17415.33,50.40
17416.00,50.42
17416.67,50.45
17417.33,50.49
17418.00,50.52
17418.67,50.55
17419.33,50.58
17420.00,50.60
17420.67,50.62
17421.33,50.63
17422.00,50.64
17422.67,50.64
17423.33,50.63
17424.00,50.62
17424.67,50.60
17425.33,50.57
17426.00,50.53
17426.67,50.49
17427.33,50.45
17428.00,50.41
17428.67,50.38
17429.33,50.34
17430.00,50.32
17430.67,50.29
17431.33,50.28
17432.00,50.26
17432.67,50.26
17433.33,50.25
17434.00,50.24
17434.67,50.23
17435.33,50.22
17436.00,50.20
17436.67,50.18
17437.33,50.15
17438.00,50.12
17438.67,50.08
17439.33,50.04
17440.00,49.99
17440.67,49.95
17441.33,49.92
17442.00,49.88
17442.67,49.86
17443.33,49.84
17444.00,49.82
17444.67,49.81
17445.33,49.81
17446.00,49.81
17446.67,49.82
17447.33,49.84
17448.00,49.86
17448.67,49.89
17449.33,49.93
17450.00,49.97
17450.67,50.02
17451.33,50.06
17452.00,50.11
17452.67,50.15
17453.33,50.18
17454.00,50.20
17454.67,50.20
17455.33,50.19
17456.00,50.17
17456.67,50.13
17457.33,50.07
17458.00,50.01
17458.67,49.94
17459.33,49.88
17460.00,49.84
17460.67,49.81
17461.33,49.80
17462.00,49.81
17462.67,49.82
17463.33,49.85
17464.00,49.88
17464.67,49.91
17465.33,49.92
17466.00,49.93
17466.67,49.93
17467.33,49.91
17468.00,49.88
17468.67,49.85
17469.33,49.80
17470.00,49.76
17470.67,49.72
17471.33,49.70
17472.00,49.68
17472.67,49.68
17473.33,49.69
17474.00,49.70
17474.67,49.72
17475.33,49.74
17476.00,49.75
17476.67,49.75
17477.33,49.73
17478.00,49.71
17478.67,49.67
17479.33,49.63
17480.00,49.58
17480.67,49.54
17481.33,49.50
17482.00,49.48
17482.67,49.48
17483.33,49.49
17484.00,49.52
17484.67,49.56
17485.33,49.60
17486.00,49.65
17486.67,49.70
17487.33,49.74
17488.00,49.77
17488.67,49.79
17489.33,49.80
17490.00,49.81
17490.67,49.80
17491.33,49.79
17492.00,49.76
17492.67,49.74
17493.33,49.71
17494.00,49.68
17494.67,49.64
17495.33,49.60
17496.00,49.55
17496.67,49.50
17497.33,49.45
17498.00,49.40
17498.67,49.35
17499.33,49.30
17500.00,49.27
17500.67,49.25
17501.33,49.24
17502.00,49.26
17502.67,49.30
17503.33,49.36
17504.00,49.45
17504.67,49.54
17505.33,49.63
17506.00,49.72
17506.67,49.79
17507.33,49.83
17508.00,49.84
17508.67,49.83
17509.33,49.79
17510.00,49.72
17510.67,49.64
17511.33,49.54
17512.00,49.44
17512.67,49.35
17513.33,49.28
17514.00,49.23
17514.67,49.20
17515.33,49.20
17516.00,49.22
17516.67,49.26
17517.33,49.30
17518.00,49.33
17518.67,49.36
17519.33,49.37
17520.00,49.36
17520.67,49.33
17521.33,49.29
17522.00,49.24
17522.67,49.18
17523.33,49.12
17524.00,49.07
17524.67,49.02
17525.33,48.99
17526.00,48.97
17526.67,48.98
17527.33,49.00
17528.00,49.04
17528.67,49.09
17529.33,49.15
17530.00,49.20
17530.67,49.25
17531.33,49.28
17532.00,49.29
17532.67,49.29
17533.33,49.27
17534.00,49.25
17534.67,49.22
17535.33,49.20
17536.00,49.18
17536.67,49.16
17537.33,49.16
17538.00,49.17
17538.67,49.18
17539.33,49.19
17540.00,49.21
17540.67,49.23
17541.33,49.24
17542.00,49.25
17542.67,49.24
17543.33,49.22
17544.00,49.19
17544.67,49.14
17545.33,49.08
17546.00,49.01
17546.67,48.93
17547.33,48.86
17548.00,48.79
17548.67,48.74
17549.33,48.71
17550.00,48.70
17550.67,48.71
17551.33,48.73
17552.00,48.76
17552.67,48.80
17553.33,48.84
17554.00,48.87
17554.67,48.90
17555.33,48.92
17556.00,48.94
17556.67,48.94
17557.33,48.94
17558.00,48.92
17558.67,48.89
17559.33,48.85
17560.00,48.80
17560.67,48.75
17561.33,48.71
17562.00,48.68
17562.67,48.67
17563.33,48.68
17564.00,48.72
17564.67,48.76
17565.33,48.82
17566.00,48.87
17566.67,48.91
17567.33,48.95
17568.00,48.97
17568.67,48.98
17569.33,48.98
17570.00,48.97
17570.67,48.94
17571.33,48.92
17572.00,48.89
17572.67,48.88
17573.33,48.88
17574.00,48.90
17574.67,48.93
17575.33,48.97
17576.00,49.01
17576.67,49.05
17577.33,49.08
17578.00,49.08
17578.67,49.06
17579.33,49.02
17580.00,48.95
17580.67,48.86
17581.33,48.74
17582.00,48.60
17582.67,48.46
17583.33,48.32
17584.00,48.20
17584.67,48.12
17585.33,48.07
17586.00,48.06
17586.67,48.08
17587.33,48.12
17588.00,48.18
17588.67,48.24
17589.33,48.29
17590.00,48.33
17590.67,48.36
17591.33,48.37
17592.00,48.36
17592.67,48.34
17593.33,48.30
17594.00,48.27
17594.67,48.23
17595.33,48.20
17596.00,48.18
17596.67,48.19
17597.33,48.21
17598.00,48.25
17598.67,48.31
17599.33,48.37
17600.00,48.42
17600.67,48.47
17601.33,48.50
17602.00,48.51
17602.67,48.52
17603.33,48.51
17604.00,48.48
17604.67,48.45
17605.33,48.42
17606.00,48.39
17606.67,48.37
17607.33,48.34
17608.00,48.33
17608.67,48.31
17609.33,48.30
17610.00,48.28
17610.67,48.25
17611.33,48.22
17612.00,48.18
17612.67,48.15
17613.33,48.11
17614.00,48.09
17614.67,48.09
17615.33,48.11
17616.00,48.14
17616.67,48.19
17617.33,48.26
17618.00,48.32
17618.67,48.39
17619.33,48.44
17620.00,48.48
17620.67,48.50
17621.33,48.50
17622.00,48.47
17622.67,48.43
17623.33,48.37
17624.00,48.30
17624.67,48.23
17625.33,48.17
17626.00,48.12
17626.67,48.09
17627.33,48.08
17628.00,48.08
17628.67,48.10
17629.33,48.13
17630.00,48.16
17630.67,48.18
17631.33,48.19
17632.00,48.19
17632.67,48.17
17633.33,48.13
17634.00,48.08
17634.67,48.01
17635.33,47.95
17636.00,47.89
17636.67,47.84
17637.33,47.80
17638.00,47.78
17638.67,47.79
17639.33,47.81
17640.00,47.84
17640.67,47.89
17641.33,47.94
17642.00,47.99
17642.67,48.03
17643.33,48.06
17644.00,48.06
17644.67,48.05
17645.33,48.03
17646.00,48.00
17646.67,47.96
17647.33,47.93
17648.00,47.91
17648.67,47.90
17649.33,47.89
17650.00,47.89
17650.67,47.88
17651.33,47.87
17652.00,47.85
17652.67,47.81
17653.33,47.75
17654.00,47.69
17654.67,47.62
17655.33,47.54
17656.00,47.46
17656.67,47.39
17657.33,47.33
17658.00,47.28
17658.67,47.25
17659.33,47.25
17660.00,47.27
17660.67,47.32
17661.33,47.39
17662.00,47.47
17662.67,47.55
17663.33,47.63
17664.00,47.69
17664.67,47.73
17665.33,47.74
17666.00,47.73
17666.67,47.69
17667.33,47.62
17668.00,47.54
17668.67,47.46
17669.33,47.37
17670.00,47.30
17670.67,47.26
17671.33,47.25
17672.00,47.27
17672.67,47.32
17673.33,47.39
17674.00,47.46
17674.67,47.54
17675.33,47.60
17676.00,47.64
17676.67,47.65
17677.33,47.63
17678.00,47.59
17678.67,47.52
17679.33,47.44
17680.00,47.34
17680.67,47.24
17681.33,47.15
17682.00,47.08
17682.67,47.04
17683.33,47.04
17684.00,47.07
17684.67,47.12
17685.33,47.20
17686.00,47.30
17686.67,47.40
17687.33,47.49
17688.00,47.59
17688.67,47.67
17689.33,47.73
17690.00,47.78
17690.67,47.81
17691.33,47.81
17692.00,47.79
17692.67,47.74
17693.33,47.68
17694.00,47.60
17694.67,47.51
17695.33,47.41
17696.00,47.31
17696.67,47.22
17697.33,47.15
17698.00,47.08
17698.67,47.04
17699.33,47.01
17700.00,47.00
17700.67,47.00
17701.33,47.00
17702.00,47.01
17702.67,47.02
17703.33,47.03
17704.00,47.04
17704.67,47.06
17705.33,47.07
17706.00,47.09
17706.67,47.11
17707.33,47.12
17708.00,47.13
17708.67,47.13
17709.33,47.14
17710.00,47.14
17710.67,47.15
17711.33,47.16
17712.00,47.19
17712.67,47.22
17713.33,47.25
17714.00,47.27
17714.67,47.29
17715.33,47.30
17716.00,47.30
17716.67,47.28
17717.33,47.27
17718.00,47.24
17718.67,47.21
17719.33,47.16
17720.00,47.11
17720.67,47.04
17721.33,46.97
17722.00,46.89
17722.67,46.82
17723.33,46.75
17724.00,46.71
17724.67,46.67
17725.33,46.65
17726.00,46.64
17726.67,46.63
17727.33,46.64
17728.00,46.65
17728.67,46.67
17729.33,46.69
17730.00,46.70
17730.67,46.70
17731.33,46.68
17732.00,46.64
17732.67,46.59
17733.33,46.53
17734.00,46.47
17734.67,46.44
17735.33,46.42
17736.00,46.42
17736.67,46.45
17737.33,46.49
17738.00,46.55
17738.67,46.60
17739.33,46.66
17740.00,46.70
17740.67,46.73
17741.33,46.75
17742.00,46.74
17742.67,46.70
17743.33,46.65
17744.00,46.59
17744.67,46.52
17745.33,46.45
17746.00,46.39
17746.67,46.33
17747.33,46.29
17748.00,46.25
17748.67,46.23
17749.33,46.22
17750.00,46.23
17750.67,46.25
17751.33,46.27
17752.00,46.30
17752.67,46.32
17753.33,46.33
17754.00,46.34
17754.67,46.33
17755.33,46.33
17756.00,46.32
17756.67,46.33
17757.33,46.34
17758.00,46.37
17758.67,46.40
17759.33,46.43
17760.00,46.45
17760.67,46.47
17761.33,46.47
17762.00,46.45
17762.67,46.41
17763.33,46.36
17764.00,46.29
17764.67,46.22
17765.33,46.16
17766.00,46.11
17766.67,46.09
17767.33,46.11
17768.00,46.16
17768.67,46.23
17769.33,46.31
17770.00,46.40
17770.67,46.48
17771.33,46.55
17772.00,46.59
17772.67,46.60
17773.33,46.58
17774.00,46.53
17774.67,46.45
17775.33,46.34
17776.00,46.22
17776.67,46.09
17777.33,45.98
17778.00,45.88
17778.67,45.82
17779.33,45.80
17780.00,45.82
17780.67,45.87
17781.33,45.93
17782.00,46.00
17782.67,46.05
17783.33,46.08
17784.00,46.08
17784.67,46.05
17785.33,45.99
17786.00,45.90
17786.67,45.81
17787.33,45.72
17788.00,45.65
17788.67,45.61
17789.33,45.62
17790.00,45.67
17790.67,45.76
17791.33,45.88
17792.00,46.02
17792.67,46.15
17793.33,46.27
17794.00,46.37
17794.67,46.43
17795.33,46.46
17796.00,46.44
17796.67,46.38
17797.33,46.28
17798.00,46.15
17798.67,46.01
17799.33,45.87
17800.00,45.75
17800.67,45.67
17801.33,45.67
17802.00,45.73
17802.67,45.85
17803.33,46.01
17804.00,46.17
17804.67,46.31
17805.33,46.42
17806.00,46.49
17806.67,46.51
17807.33,46.49
17808.00,46.44
17808.67,46.36
17809.33,46.26
17810.00,46.15
17810.67,46.04
17811.33,45.94
17812.00,45.86
17812.67,45.80
17813.33,45.76
17814.00,45.73
17814.67,45.70
17815.33,45.66
17816.00,45.63
17816.67,45.58
17817.33,45.52
17818.00,45.45
17818.67,45.38
17819.33,45.30
17820.00,45.23
17820.67,45.17
17821.33,45.12
17822.00,45.11
17822.67,45.13
17823.33,45.17
17824.00,45.25
17824.67,45.34
17825.33,45.44
17826.00,45.54
17826.67,45.63
17827.33,45.70
17828.00,45.74
17828.67,45.75
17829.33,45.73
17830.00,45.69
17830.67,45.63
17831.33,45.57
17832.00,45.51
17832.67,45.48
17833.33,45.46
17834.00,45.46
17834.67,45.47
17835.33,45.50
17836.00,45.53
17836.67,45.56
17837.33,45.59
17838.00,45.63
17838.67,45.67
17839.33,45.72
17840.00,45.76
17840.67,45.79
17841.33,45.81
17842.00,45.80
17842.67,45.78
17843.33,45.74
17844.00,45.69
17844.67,45.62
17845.33,45.53
17846.00,45.44
17846.67,45.34
17847.33,45.24
17848.00,45.15
17848.67,45.08
17849.33,45.03
17850.00,45.01
17850.67,45.01
17851.33,45.05
17852.00,45.11
17852.67,45.19
17853.33,45.28
17854.00,45.39
17854.67,45.49
17855.33,45.58
17856.00,45.65
17856.67,45.69
17857.33,45.68
17858.00,45.64
17858.67,45.56
17859.33,45.46
17860.00,45.34
17860.67,45.23
17861.33,45.13
17862.00,45.06
17862.67,45.01
17863.33,45.00
17864.00,45.02
17864.67,45.06
17865.33,45.12
17866.00,45.20
17866.67,45.29
17867.33,45.39
17868.00,45.49
17868.67,45.56
17869.33,45.61
17870.00,45.63
17870.67,45.61
17871.33,45.55
17872.00,45.46
17872.67,45.36
17873.33,45.25
17874.00,45.14
17874.67,45.03
17875.33,44.93
17876.00,44.85
17876.67,44.77
17877.33,44.70
17878.00,44.65
17878.67,44.62
17879.33,44.61
17880.00,44.63
17880.67,44.67
17881.33,44.73
17882.00,44.80
17882.67,44.86
17883.33,44.92
17884.00,44.96
17884.67,44.98
17885.33,44.99
17886.00,44.97
17886.67,44.94
17887.33,44.87
17888.00,44.78
17888.67,44.67
17889.33,44.53
17890.00,44.38
17890.67,44.22
17891.33,44.09
17892.00,43.99
17892.67,43.95
17893.33,43.98
17894.00,44.06
17894.67,44.18
17895.33,44.31
17896.00,44.45
17896.67,44.58
17897.33,44.68
17898.00,44.76
17898.67,44.81
17899.33,44.85
17900.00,44.88
17900.67,44.89
17901.33,44.88
17902.00,44.87
17902.67,44.84
17903.33,44.81
17904.00,44.78
17904.67,44.76
17905.33,44.75
17906.00,44.74
17906.67,44.74
17907.33,44.74
17908.00,44.74
17908.67,44.72
17909.33,44.70
17910.00,44.68
17910.67,44.65
17911.33,44.60
17912.00,44.56
17912.67,44.50
17913.33,44.44
17914.00,44.37
17914.67,44.30
17915.33,44.23
17916.00,44.18
17916.67,44.15
17917.33,44.14
17918.00,44.16
17918.67,44.21
17919.33,44.26
17920.00,44.32
17920.67,44.37
17921.33,44.41
17922.00,44.44
17922.67,44.47
17923.33,44.49
17924.00,44.51
17924.67,44.55
17925.33,44.59
17926.00,44.65
17926.67,44.70
17927.33,44.77
17928.00,44.83
17928.67,44.89
17929.33,44.96
17930.00,45.01
17930.67,45.05
17931.33,45.06
17932.00,45.05
17932.67,45.00
17933.33,44.91
17934.00,44.78
17934.67,44.62
17935.33,44.43
17936.00,44.23
17936.67,44.03
17937.33,43.85
17938.00,43.71
17938.67,43.62
17939.33,43.59
17940.00,43.60
17940.67,43.67
17941.33,43.76
17942.00,43.88
17942.67,44.01
17943.33,44.13
17944.00,44.24
17944.67,44.33
17945.33,44.39
17946.00,44.42
17946.67,44.42
17947.33,44.37
17948.00,44.29
17948.67,44.19
17949.33,44.07
17950.00,43.96
17950.67,43.88
17951.33,43.84
17952.00,43.86
17952.67,43.94
17953.33,44.05
17954.00,44.17
17954.67,44.29
17955.33,44.41
17956.00,44.50
17956.67,44.57
17957.33,44.63
17958.00,44.66
17958.67,44.68
17959.33,44.68
17960.00,44.66
17960.67,44.63
17961.33,44.58
17962.00,44.53
17962.67,44.47
17963.33,44.42
17964.00,44.37
17964.67,44.33
17965.33,44.30
17966.00,44.27
17966.67,44.23
17967.33,44.19
17968.00,44.15
17968.67,44.09
17969.33,44.04
17970.00,43.99
17970.67,43.95
17971.33,43.93
17972.00,43.92
17972.67,43.95
17973.33,43.99
17974.00,44.05
17974.67,44.13
17975.33,44.20
17976.00,44.27
17976.67,44.34
17977.33,44.38
17978.00,44.40
17978.67,44.41
17979.33,44.39
17980.00,44.36
17980.67,44.31
17981.33,44.25
17982.00,44.18
17982.67,44.12
17983.33,44.07
17984.00,44.03
17984.67,44.01
17985.33,44.00
17986.00,44.01
17986.67,44.02
17987.33,44.04
17988.00,44.06
17988.67,44.07
17989.33,44.07
17990.00,44.06
17990.67,44.05
17991.33,44.05
17992.00,44.04
17992.67,44.05
17993.33,44.06
17994.00,44.07
17994.67,44.09
17995.33,44.10
17996.00,44.11
17996.67,44.11
17997.33,44.09
17998.00,44.07
17998.67,44.02
17999.33,43.97
18000.00,43.91
18000.67,43.86
18001.33,43.82
18002.00,43.80
18002.67,43.79
18003.33,43.79
18004.00,43.81
18004.67,43.84
18005.33,43.88
18006.00,43.92
18006.67,43.97
18007.33,44.01
18008.00,44.04
18008.67,44.06
18009.33,44.05
18010.00,44.02
18010.67,43.96
18011.33,43.88
18012.00,43.81
18012.67,43.74
18013.33,43.70
18014.00,43.68
18014.67,43.67
18015.33,43.69
18016.00,43.71
18016.67,43.75
18017.33,43.79
18018.00,43.82
18018.67,43.85
18019.33,43.85
18020.00,43.83
18020.67,43.78
18021.33,43.71
18022.00,43.63
18022.67,43.54
18023.33,43.45
18024.00,43.38
18024.67,43.33
18025.33,43.30
18026.00,43.30
18026.67,43.32
18027.33,43.35
18028.00,43.40
18028.67,43.46
18029.33,43.51
18030.00,43.56
18030.67,43.60
18031.33,43.62
18032.00,43.61
18032.67,43.60
18033.33,43.58
18034.00,43.55
18034.67,43.54
18035.33,43.53
18036.00,43.54
18036.67,43.56
18037.33,43.60
18038.00,43.64
18038.67,43.69
18039.33,43.74
18040.00,43.77
18040.67,43.78
18041.33,43.76
18042.00,43.70
18042.67,43.60
18043.33,43.47
18044.00,43.31
18044.67,43.16
18045.33,43.02
18046.00,42.91
18046.67,42.85
18047.33,42.83
18048.00,42.86
18048.67,42.93
18049.33,43.04
18050.00,43.16
18050.67,43.30
18051.33,43.43
18052.00,43.56
18052.67,43.67
18053.33,43.75
18054.00,43.81
18054.67,43.85
18055.33,43.86
18056.00,43.84
18056.67,43.82
18057.33,43.78
18058.00,43.74
18058.67,43.70
18059.33,43.67
18060.00,43.66
18060.67,43.68
18061.33,43.71
18062.00,43.76
18062.67,43.81
18063.33,43.86
18064.00,43.89
18064.67,43.91
18065.33,43.90
18066.00,43.88
18066.67,43.82
18067.33,43.74
18068.00,43.63
18068.67,43.49
18069.33,43.33
18070.00,43.16
18070.67,42.99
18071.33,42.84
18072.00,42.73
18072.67,42.66
18073.33,42.65
18074.00,42.68
18074.67,42.75
18075.33,42.84
18076.00,42.96
18076.67,43.10
18077.33,43.23
18078.00,43.36
18078.67,43.48
18079.33,43.57
18080.00,43.62
18080.67,43.65
18081.33,43.64
18082.00,43.61
18082.67,43.55
18083.33,43.48
18084.00,43.42
18084.67,43.36
18085.33,43.33
18086.00,43.32
18086.67,43.33
18087.33,43.36
18088.00,43.39
18088.67,43.42
18089.33,43.42
18090.00,43.40
18090.67,43.33
18091.33,43.22
18092.00,43.07
18092.67,42.92
18093.33,42.77
18094.00,42.65
18094.67,42.59
18095.33,42.57
18096.00,42.61
18096.67,42.69
18097.33,42.79
18098.00,42.91
18098.67,43.02
18099.33,43.13
18100.00,43.21
18100.67,43.26
18101.33,43.27
18102.00,43.23
18102.67,43.14
18103.33,43.02
18104.00,42.89
18104.67,42.76
18105.33,42.65
18106.00,42.58
18106.67,42.57
18107.33,42.59
18108.00,42.64
18108.67,42.71
18109.33,42.80
18110.00,42.91
18110.67,43.03
18111.33,43.15
18112.00,43.25
18112.67,43.31
18113.33,43.34
18114.00,43.32
18114.67,43.27
18115.33,43.18
18116.00,43.09
18116.67,43.00
18117.33,42.94
18118.00,42.91
18118.67,42.91
18119.33,42.96
18120.00,43.02
18120.67,43.10
18121.33,43.18
18122.00,43.24
18122.67,43.27
18123.33,43.27
18124.00,43.23
18124.67,43.15
18125.33,43.04
18126.00,42.90
18126.67,42.77
18127.33,42.64
18128.00,42.54
18128.67,42.46
18129.33,42.43
18130.00,42.43
18130.67,42.46
18131.33,42.52
18132.00,42.60
18132.67,42.70
18133.33,42.79
18134.00,42.88
18134.67,42.95
18135.33,42.99
18136.00,43.01
18136.67,43.00
18137.33,42.96
18138.00,42.90
18138.67,42.82
18139.33,42.73
18140.00,42.64
18140.67,42.58
18141.33,42.53
18142.00,42.50
18142.67,42.47
18143.33,42.45
18144.00,42.44
18144.67,42.43
18145.33,42.44
18146.00,42.45
18146.67,42.47
18147.33,42.49
18148.00,42.51
18148.67,42.53
18149.33,42.54
18150.00,42.55
18150.67,42.55
18151.33,42.54
18152.00,42.52
18152.67,42.49
18153.33,42.46
18154.00,42.41
18154.67,42.35
18155.33,42.28
18156.00,42.22
18156.67,42.18
18157.33,42.16
18158.00,42.18
18158.67,42.24
18159.33,42.34
18160.00,42.46
18160.67,42.59
18161.33,42.72
18162.00,42.84
18162.67,42.95
18163.33,43.03
18164.00,43.09
18164.67,43.11
18165.33,43.10
18166.00,43.04
18166.67,42.95
18167.33,42.81
18168.00,42.63
18168.67,42.43
18169.33,42.23
18170.00,42.03
18170.67,41.88
18171.33,41.79
18172.00,41.76
18172.67,41.79
18173.33,41.86
18174.00,41.95
18174.67,42.05
18175.33,42.16
18176.00,42.27
18176.67,42.37
18177.33,42.46
18178.00,42.53
18178.67,42.59
18179.33,42.64
18180.00,42.66
18180.67,42.67
18181.33,42.66
18182.00,42.64
18182.67,42.60
18183.33,42.54
18184.00,42.47
18184.67,42.38
18185.33,42.27
18186.00,42.17
18186.67,42.05
18187.33,41.94
18188.00,41.84
18188.67,41.74
18189.33,41.67
18190.00,41.63
18190.67,41.64
18191.33,41.69
18192.00,41.79
18192.67,41.92
18193.33,42.07
18194.00,42.22
18194.67,42.35
18195.33,42.48
18196.00,42.58
18196.67,42.65
18197.33,42.69
18198.00,42.69
18198.67,42.65
18199.33,42.58
18200.00,42.47
18200.67,42.36
18201.33,42.26
18202.00,42.19
18202.67,42.18
18203.33,42.21
18204.00,42.28
18204.67,42.37
18205.33,42.46
18206.00,42.55
18206.67,42.64
18207.33,42.73
18208.00,42.82
18208.67,42.89
18209.33,42.94
18210.00,42.95
18210.67,42.92
18211.33,42.85
18212.00,42.74
18212.67,42.61
18213.33,42.45
18214.00,42.30
18214.67,42.16
18215.33,42.06
18216.00,42.00
18216.67,42.00
18217.33,42.07
18218.00,42.20
18218.67,42.37
18219.33,42.56
18220.00,42.73
18220.67,42.87
18221.33,42.98
18222.00,43.04
18222.67,43.05
18223.33,43.03
18224.00,42.98
18224.67,42.89
18225.33,42.78
18226.00,42.63
18226.67,42.45
18227.33,42.26
18228.00,42.06
18228.67,41.89
18229.33,41.77
18230.00,41.73
18230.67,41.74
18231.33,41.80
18232.00,41.88
18232.67,41.94
18233.33,42.00
18234.00,42.05
18234.67,42.09
18235.33,42.15
18236.00,42.20
18236.67,42.24
18237.33,42.27
18238.00,42.28
18238.67,42.27
18239.33,42.25
18240.00,42.23
18240.67,42.22
18241.33,42.23
18242.00,42.26
18242.67,42.30
18243.33,42.33
18244.00,42.36
18244.67,42.37
18245.33,42.37
18246.00,42.37
18246.67,42.37
18247.33,42.38
18248.00,42.38
18248.67,42.37
18249.33,42.36
18250.00,42.35
18250.67,42.35
18251.33,42.36
18252.00,42.38
18252.67,42.41
18253.33,42.44
18254.00,42.47
18254.67,42.49
18255.33,42.49
18256.00,42.47
18256.67,42.44
18257.33,42.40
18258.00,42.33
18258.67,42.26
18259.33,42.16
18260.00,42.07
18260.67,41.97
18261.33,41.89
18262.00,41.84
18262.67,41.82
18263.33,41.82
18264.00,41.84
18264.67,41.88
18265.33,41.91
18266.00,41.95
18266.67,42.00
18267.33,42.04
18268.00,42.09
18268.67,42.15
18269.33,42.20
18270.00,42.24
18270.67,42.27
18271.33,42.27
18272.00,42.26
18272.67,42.23
18273.33,42.18
18274.00,42.12
18274.67,42.06
18275.33,41.99
18276.00,41.94
18276.67,41.89
18277.33,41.86
18278.00,41.86
18278.67,41.87
18279.33,41.90
18280.00,41.94
18280.67,41.97
18281.33,41.99
18282.00,42.00
18282.67,41.98
18283.33,41.96
18284.00,41.92
18284.67,41.87
18285.33,41.81
18286.00,41.72
18286.67,41.63
18287.33,41.52
18288.00,41.42
18288.67,41.34
18289.33,41.31
18290.00,41.32
18290.67,41.37
18291.33,41.44
18292.00,41.50
18292.67,41.55
18293.33,41.55
18294.00,41.52
18294.67,41.49
18295.33,41.46
18296.00,41.45
18296.67,41.45
18297.33,41.44
18298.00,41.40
18298.67,41.34
18299.33,41.26
18300.00,41.20
18300.67,41.17
18301.33,41.19
18302.00,41.25
18302.67,41.34
18303.33,41.45
18304.00,41.56
18304.67,41.67
18305.33,41.77
18306.00,41.88
18306.67,42.00
18307.33,42.12
18308.00,42.23
18308.67,42.32
18309.33,42.37
18310.00,42.38
18310.67,42.36
18311.33,42.32
18312.00,42.27
18312.67,42.23
18313.33,42.19
18314.00,42.16
18314.67,42.15
18315.33,42.14
18316.00,42.14
18316.67,42.12
18317.33,42.09
18318.00,42.06
18318.67,42.07
18319.33,42.11
18320.00,42.19
18320.67,42.28
18321.33,42.34
18322.00,42.37
18322.67,42.37
18323.33,42.33
18324.00,42.28
18324.67,42.20
18325.33,42.12
18326.00,42.04
18326.67,41.95
18327.33,41.85
18328.00,41.75
18328.67,41.62
18329.33,41.50
18330.00,41.37
18330.67,41.26
18331.33,41.17
18332.00,41.11
18332.67,41.09
18333.33,41.10
18334.00,41.14
18334.67,41.18
18335.33,41.22
18336.00,41.24
18336.67,41.24
18337.33,41.22
18338.00,41.19
18338.67,41.19
18339.33,41.21
18340.00,41.28
18340.67,41.38
18341.33,41.50
18342.00,41.62
18342.67,41.71
18343.33,41.77
18344.00,41.78
18344.67,41.75
18345.33,41.69
18346.00,41.64
18346.67,41.61
18347.33,41.63
18348.00,41.69
18348.67,41.77
18349.33,41.86
18350.00,41.96
18350.67,42.06
18351.33,42.16
18352.00,42.25
18352.67,42.33
18353.33,42.37
18354.00,42.38
18354.67,42.34
18355.33,42.25
18356.00,42.11
18356.67,41.93
18357.33,41.72
18358.00,41.50
18358.67,41.29
18359.33,41.13
18360.00,41.01
18360.67,40.97
18361.33,41.01
18362.00,41.14
18362.67,41.35
18363.33,41.62
18364.00,41.91
18364.67,42.19
18365.33,42.43
18366.00,42.61
18366.67,42.73
18367.33,42.78
18368.00,42.78
18368.67,42.71
18369.33,42.61
18370.00,42.47
18370.67,42.31
18371.33,42.15
18372.00,41.99
18372.67,41.84
18373.33,41.73
18374.00,41.67
18374.67,41.68
18375.33,41.77
18376.00,41.92
18376.67,42.07
18377.33,42.20
18378.00,42.28
18378.67,42.29
18379.33,42.24
18380.00,42.12
18380.67,41.94
18381.33,41.73
18382.00,41.50
18382.67,41.27
18383.33,41.07
18384.00,40.92
18384.67,40.84
18385.33,40.83
18386.00,40.90
18386.67,41.03
18387.33,41.19
18388.00,41.37
18388.67,41.54
18389.33,41.70
18390.00,41.84
18390.67,41.94
18391.33,42.01
18392.00,42.04
18392.67,42.05
18393.33,42.05
18394.00,42.04
18394.67,42.03
18395.33,42.02
18396.00,41.98
18396.67,41.93
18397.33,41.86
18398.00,41.79
18398.67,41.72
18399.33,41.67
18400.00,41.63
18400.67,41.61
18401.33,41.61
18402.00,41.64
18402.67,41.70
18403.33,41.77
18404.00,41.85
18404.67,41.93
18405.33,41.99
18406.00,42.02
18406.67,42.02
18407.33,41.99
18408.00,41.94
18408.67,41.86
18409.33,41.76
18410.00,41.64
18410.67,41.51
18411.33,41.39
18412.00,41.28
18412.67,41.20
18413.33,41.17
18414.00,41.20
18414.67,41.26
18415.33,41.35
18416.00,41.46
18416.67,41.57
18417.33,41.68
18418.00,41.79
18418.67,41.90
18419.33,41.98
18420.00,42.03
18420.67,42.03
18421.33,41.98
18422.00,41.90
18422.67,41.81
18423.33,41.73
18424.00,41.68
18424.67,41.67
18425.33,41.71
18426.00,41.78
18426.67,41.86
18427.33,41.94
18428.00,42.01
18428.67,42.07
18429.33,42.10
18430.00,42.11
18430.67,42.10
18431.33,42.07
18432.00,42.00
18432.67,41.91
18433.33,41.80
18434.00,41.66
18434.67,41.52
18435.33,41.39
18436.00,41.29
18436.67,41.21
18437.33,41.16
18438.00,41.14
18438.67,41.14
18439.33,41.14
18440.00,41.15
18440.67,41.16
18441.33,41.15
18442.00,41.13
18442.67,41.08
18443.33,41.02
18444.00,40.95
18444.67,40.88
18445.33,40.84
18446.00,40.83
18446.67,40.88
18447.33,40.99
18448.00,41.14
18448.67,41.33
18449.33,41.53
18450.00,41.74
18450.67,41.93
18451.33,42.11
18452.00,42.25
18452.67,42.35
18453.33,42.41
18454.00,42.42
18454.67,42.39
18455.33,42.31
18456.00,42.21
18456.67,42.09
18457.33,41.96
18458.00,41.83
18458.67,41.70
18459.33,41.58
18460.00,41.48
18460.67,41.39
18461.33,41.32
18462.00,41.29
18462.67,41.27
18463.33,41.28
18464.00,41.29
18464.67,41.31
18465.33,41.32
18466.00,41.33
18466.67,41.35
18467.33,41.38
18468.00,41.44
18468.67,41.51
18469.33,41.59
18470.00,41.65
18470.67,41.67
18471.33,41.66
18472.00,41.61
18472.67,41.54
18473.33,41.45
18474.00,41.36
18474.67,41.29
18475.33,41.25
18476.00,41.25
18476.67,41.29
18477.33,41.36
18478.00,41.45
18478.67,41.55
18479.33,41.65
18480.00,41.74
18480.67,41.83
18481.33,41.89
18482.00,41.93
18482.67,41.94
18483.33,41.92
18484.00,41.87
18484.67,41.79
18485.33,41.70
18486.00,41.61
18486.67,41.52
18487.33,41.45
18488.00,41.42
18488.67,41.42
18489.33,41.45
18490.00,41.50
18490.67,41.54
18491.33,41.56
18492.00,41.56
18492.67,41.52
18493.33,41.44
18494.00,41.33
18494.67,41.19
18495.33,41.02
18496.00,40.85
18496.67,40.68
18497.33,40.56
18498.00,40.50
18498.67,40.53
18499.33,40.67
18500.00,40.88
18500.67,41.13
18501.33,41.39
18502.00,41.62
18502.67,41.80
18503.33,41.93
18504.00,42.01
18504.67,42.04
18505.33,42.02
18506.00,41.96
18506.67,41.86
18507.33,41.74
18508.00,41.58
18508.67,41.40
18509.33,41.19
18510.00,40.99
18510.67,40.81
18511.33,40.69
18512.00,40.62
18512.67,40.62
18513.33,40.66
18514.00,40.71
18514.67,40.75
18515.33,40.78
18516.00,40.78
18516.67,40.78
18517.33,40.78
18518.00,40.78
18518.67,40.78
18519.33,40.78
18520.00,40.75
18520.67,40.72
18521.33,40.69
18522.00,40.67
18522.67,40.67
18523.33,40.70
18524.00,40.76
18524.67,40.85
18525.33,40.95
18526.00,41.04
18526.67,41.13
18527.33,41.20
18528.00,41.25
18528.67,41.29
18529.33,41.31
18530.00,41.32
18530.67,41.33
18531.33,41.32
18532.00,41.32
18532.67,41.32
18533.33,41.32
18534.00,41.32
18534.67,41.31
18535.33,41.28
18536.00,41.24
18536.67,41.19
18537.33,41.13
18538.00,41.06
18538.67,40.99
18539.33,40.92
18540.00,40.86
18540.67,40.80
18541.33,40.76
18542.00,40.74
18542.67,40.74
18543.33,40.75
18544.00,40.79
18544.67,40.85
18545.33,40.92
18546.00,41.00
18546.67,41.08
18547.33,41.15
18548.00,41.21
18548.67,41.25
18549.33,41.26
18550.00,41.25
18550.67,41.21
18551.33,41.16
18552.00,41.09
18552.67,41.01
18553.33,40.94
18554.00,40.88
18554.67,40.83
18555.33,40.81
18556.00,40.81
18556.67,40.84
18557.33,40.89
18558.00,40.95
18558.67,41.00
18559.33,41.02
18560.00,41.00
18560.67,40.92
18561.33,40.80
18562.00,40.64
18562.67,40.46
18563.33,40.29
18564.00,40.16
18564.67,40.07
18565.33,40.05
18566.00,40.07
18566.67,40.13
18567.33,40.23
18568.00,40.34
18568.67,40.47
18569.33,40.62
18570.00,40.79
18570.67,40.95
18571.33,41.09
18572.00,41.19
18572.67,41.24
18573.33,41.25
18574.00,41.22
18574.67,41.16
18575.33,41.10
18576.00,41.05
18576.67,41.00
18577.33,40.96
18578.00,40.93
18578.67,40.91
18579.33,40.91
18580.00,40.93
18580.67,40.97
18581.33,41.01
18582.00,41.03
18582.67,41.02
18583.33,40.97
18584.00,40.88
18584.67,40.76
18585.33,40.62
18586.00,40.48
18586.67,40.36
18587.33,40.27
18588.00,40.22
18588.67,40.21
18589.33,40.24
18590.00,40.30
18590.67,40.41
18591.33,40.54
18592.00,40.68
18592.67,40.81
18593.33,40.92
18594.00,40.98
18594.67,40.98
18595.33,40.93
18596.00,40.82
18596.67,40.69
18597.33,40.53
18598.00,40.38
18598.67,40.26
18599.33,40.18
18600.00,40.16
18600.67,40.19
18601.33,40.27
18602.00,40.37
18602.67,40.49
18603.33,40.60
18604.00,40.68
18604.67,40.72
18605.33,40.72
18606.00,40.67
18606.67,40.59
18607.33,40.47
18608.00,40.33
18608.67,40.18
18609.33,40.03
18610.00,39.91
18610.67,39.84
18611.33,39.83
18612.00,39.89
18612.67,40.01
18613.33,40.16
18614.00,40.32
18614.67,40.46
18615.33,40.58
18616.00,40.65
18616.67,40.69
18617.33,40.68
18618.00,40.63
18618.67,40.54
18619.33,40.43
18620.00,40.29
18620.67,40.14
18621.33,39.99
18622.00,39.88
18622.67,39.86
18623.33,39.94
18624.00,40.12
18624.67,40.34
18625.33,40.56
18626.00,40.74
18626.67,40.88
18627.33,40.98
18628.00,41.04
18628.67,41.08
18629.33,41.10
18630.00,41.10
18630.67,41.07
18631.33,41.01
18632.00,40.93
18632.67,40.82
18633.33,40.71
18634.00,40.65
18634.67,40.63
18635.33,40.65
18636.00,40.66
18636.67,40.63
18637.33,40.54
18638.00,40.40
18638.67,40.23
18639.33,40.05
18640.00,39.90
18640.67,39.80
18641.33,39.76
18642.00,39.78
18642.67,39.83
18643.33,39.90
18644.00,39.97
18644.67,40.01
18645.33,40.03
18646.00,40.07
18646.67,40.15
18647.33,40.26
18648.00,40.38
18648.67,40.47
18649.33,40.52
18650.00,40.56
18650.67,40.58
18651.33,40.60
18652.00,40.64
18652.67,40.67
18653.33,40.71
18654.00,40.76
18654.67,40.82
18655.33,40.88
18656.00,40.95
18656.67,41.02
18657.33,41.07
18658.00,41.11
18658.67,41.12
18659.33,41.11
18660.00,41.08
18660.67,41.05
18661.33,41.03
18662.00,41.03
18662.67,41.04
18663.33,41.07
18664.00,41.09
18664.67,41.10
18665.33,41.08
18666.00,41.04
18666.67,40.97
18667.33,40.91
18668.00,40.85
18668.67,40.79
18669.33,40.71
18670.00,40.60
18670.67,40.44
18671.33,40.25
18672.00,40.04
18672.67,39.84
18673.33,39.67
18674.00,39.56
18674.67,39.50
18675.33,39.52
18676.00,39.59
18676.67,39.70
18677.33,39.79
18678.00,39.86
18678.67,39.90
18679.33,39.89
18680.00,39.86
18680.67,39.81
18681.33,39.76
18682.00,39.72
18682.67,39.71
18683.33,39.76
18684.00,39.87
18684.67,40.06
18685.33,40.31
18686.00,40.59
18686.67,40.86
18687.33,41.10
18688.00,41.27
18688.67,41.36
18689.33,41.36
18690.00,41.28
18690.67,41.11
18691.33,40.86
18692.00,40.54
18692.67,40.14
18693.33,39.70
18694.00,39.23
18694.67,38.80
18695.33,38.49
18696.00,38.42
18696.67,38.61
18697.33,38.98
18698.00,39.43
18698.67,39.90
18699.33,40.32
18700.00,40.66
18700.67,40.91
18701.33,41.04
18702.00,41.07
18702.67,40.99
18703.33,40.79
18704.00,40.51
18704.67,40.14
18705.33,39.74
18706.00,39.34
18706.67,39.01
18707.33,38.81
18708.00,38.76
18708.67,38.87
18709.33,39.09
18710.00,39.36
18710.67,39.63
18711.33,39.88
18712.00,40.09
18712.67,40.26
18713.33,40.37
18714.00,40.43
18714.67,40.45
18715.33,40.44
18716.00,40.41
18716.67,40.38
18717.33,40.34
18718.00,40.30
18718.67,40.25
18719.33,40.18
18720.00,40.08
18720.67,39.98
18721.33,39.88
18722.00,39.84
18722.67,39.87
18723.33,39.97
18724.00,40.10
18724.67,40.25
18725.33,40.36
18726.00,40.44
18726.67,40.48
18727.33,40.49
18728.00,40.46
18728.67,40.40
18729.33,40.30
18730.00,40.14
18730.67,39.92
18731.33,39.66
18732.00,39.39
18732.67,39.17
18733.33,39.08
18734.00,39.11
18734.67,39.24
18735.33,39.41
18736.00,39.59
18736.67,39.77
18737.33,39.96
18738.00,40.15
18738.67,40.35
18739.33,40.54
18740.00,40.69
18740.67,40.79
18741.33,40.82
18742.00,40.77
18742.67,40.66
18743.33,40.49
18744.00,40.31
18744.67,40.12
18745.33,39.95
18746.00,39.82
18746.67,39.73
18747.33,39.67
18748.00,39.62
18748.67,39.58
18749.33,39.58
18750.00,39.62
18750.67,39.70
18751.33,39.80
18752.00,39.88
18752.67,39.91
18753.33,39.87
18754.00,39.77
18754.67,39.63
18755.33,39.47
18756.00,39.33
18756.67,39.23
18757.33,39.18
18758.00,39.19
18758.67,39.26
18759.33,39.38
18760.00,39.55
18760.67,39.74
18761.33,39.91
18762.00,40.03
18762.67,40.10
18763.33,40.12
18764.00,40.08
18764.67,39.99
18765.33,39.87
18766.00,39.75
18766.67,39.64
18767.33,39.56
18768.00,39.53
18768.67,39.52
18769.33,39.55
18770.00,39.59
18770.67,39.64
18771.33,39.69
18772.00,39.73
18772.67,39.75
18773.33,39.75
18774.00,39.73
18774.67,39.69
18775.33,39.64
18776.00,39.59
18776.67,39.54
18777.33,39.49
18778.00,39.44
18778.67,39.39
18779.33,39.36
18780.00,39.35
18780.67,39.38
18781.33,39.45
18782.00,39.55
18782.67,39.64
18783.33,39.73
18784.00,39.79
18784.67,39.82
18785.33,39.82
18786.00,39.78
18786.67,39.73
18787.33,39.69
18788.00,39.67
18788.67,39.70
18789.33,39.80
18790.00,39.95
18790.67,40.13
18791.33,40.28
18792.00,40.39
18792.67,40.43
18793.33,40.40
18794.00,40.30
18794.67,40.13
18795.33,39.94
18796.00,39.73
18796.67,39.53
18797.33,39.36
18798.00,39.24
18798.67,39.18
18799.33,39.20
18800.00,39.31
18800.67,39.51
18801.33,39.77
18802.00,40.09
18802.67,40.41
18803.33,40.70
18804.00,40.94
18804.67,41.10
18805.33,41.19
18806.00,41.18
18806.67,41.09
18807.33,40.91
18808.00,40.66
18808.67,40.34
18809.33,39.97
18810.00,39.57
18810.67,39.17
18811.33,38.81
18812.00,38.54
18812.67,38.41
18813.33,38.45
18814.00,38.64
18814.67,38.92
18815.33,39.25
18816.00,39.59
18816.67,39.91
18817.33,40.18
18818.00,40.41
18818.67,40.59
18819.33,40.71
18820.00,40.78
18820.67,40.79
18821.33,40.76
18822.00,40.69
18822.67,40.58
18823.33,40.44
18824.00,40.28
18824.67,40.12
18825.33,39.95
18826.00,39.79
18826.67,39.64
18827.33,39.51
18828.00,39.40
18828.67,39.31
18829.33,39.26
18830.00,39.24
18830.67,39.24
18831.33,39.25
18832.00,39.25
18832.67,39.23
18833.33,39.19
18834.00,39.13
18834.67,39.04
18835.33,38.95
18836.00,38.87
18836.67,38.82
18837.33,38.81
18838.00,38.84
18838.67,38.91
18839.33,39.00
18840.00,39.12
18840.67,39.24
18841.33,39.36
18842.00,39.47
18842.67,39.57
18843.33,39.63
18844.00,39.66
18844.67,39.65
18845.33,39.59
18846.00,39.48
18846.67,39.34
18847.33,39.16
18848.00,38.99
18848.67,38.85
18849.33,38.77
18850.00,38.78
18850.67,38.89
18851.33,39.09
18852.00,39.35
18852.67,39.64
18853.33,39.94
18854.00,40.22
18854.67,40.47
18855.33,40.67
18856.00,40.81
18856.67,40.90
18857.33,40.92
18858.00,40.88
18858.67,40.77
18859.33,40.60
18860.00,40.38
18860.67,40.12
18861.33,39.83
18862.00,39.55
18862.67,39.30
18863.33,39.10
18864.00,38.97
18864.67,38.90
18865.33,38.88
18866.00,38.90
18866.67,38.94
18867.33,38.99
18868.00,39.05
18868.67,39.12
18869.33,39.19
18870.00,39.28
18870.67,39.37
18871.33,39.46
18872.00,39.56
18872.67,39.65
18873.33,39.74
18874.00,39.82
18874.67,39.90
18875.33,39.97
18876.00,40.04
18876.67,40.09
18877.33,40.12
18878.00,40.13
18878.67,40.11
18879.33,40.06
18880.00,39.97
18880.67,39.86
18881.33,39.72
18882.00,39.57
18882.67,39.41
18883.33,39.23
18884.00,39.03
18884.67,38.81
18885.33,38.57
18886.00,38.32
18886.67,38.08
18887.33,37.88
18888.00,37.75
18888.67,37.69
18889.33,37.71
18890.00,37.81
18890.67,37.98
18891.33,38.21
18892.00,38.48
18892.67,38.77
18893.33,39.06
18894.00,39.31
18894.67,39.52
18895.33,39.67
18896.00,39.74
18896.67,39.74
18897.33,39.67
18898.00,39.54
18898.67,39.35
18899.33,39.14
18900.00,38.92
18900.67,38.74
18901.33,38.61
18902.00,38.56
18902.67,38.59
18903.33,38.69
18904.00,38.85
18904.67,39.03
18905.33,39.22
18906.00,39.38
18906.67,39.50
18907.33,39.55
18908.00,39.54
18908.67,39.45
18909.33,39.28
18910.00,39.06
18910.67,38.79
18911.33,38.50
18912.00,38.21
18912.67,37.97
18913.33,37.80
18914.00,37.73
18914.67,37.78
18915.33,37.92
18916.00,38.14
18916.67,38.40
18917.33,38.68
18918.00,38.97
18918.67,39.24
18919.33,39.47
18920.00,39.67
18920.67,39.80
18921.33,39.87
18922.00,39.87
18922.67,39.80
18923.33,39.67
18924.00,39.47
18924.67,39.23
18925.33,38.96
18926.00,38.68
18926.67,38.43
18927.33,38.25
18928.00,38.15
18928.67,38.16
18929.33,38.26
18930.00,38.44
18930.67,38.66
18931.33,38.91
18932.00,39.16
18932.67,39.40
18933.33,39.61
18934.00,39.77
18934.67,39.89
18935.33,39.95
18936.00,39.95
18936.67,39.91
18937.33,39.83
18938.00,39.72
18938.67,39.60
18939.33,39.49
18940.00,39.39
18940.67,39.32
18941.33,39.29
18942.00,39.29
18942.67,39.31
18943.33,39.35
18944.00,39.40
18944.67,39.44
18945.33,39.47
18946.00,39.47
18946.67,39.45
18947.33,39.40
18948.00,39.32
18948.67,39.22
18949.33,39.09
18950.00,38.94
18950.67,38.78
18951.33,38.62
18952.00,38.45
18952.67,38.29
18953.33,38.16
18954.00,38.06
18954.67,38.01
18955.33,38.01
18956.00,38.04
18956.67,38.10
18957.33,38.17
18958.00,38.23
18958.67,38.27
18959.33,38.29
18960.00,38.30
18960.67,38.32
18961.33,38.37
18962.00,38.44
18962.67,38.55
18963.33,38.68
18964.00,38.81
18964.67,38.93
18965.33,39.02
18966.00,39.06
18966.67,39.07
18967.33,39.03
18968.00,38.98
18968.67,38.92
18969.33,38.86
18970.00,38.79
18970.67,38.69
18971.33,38.58
18972.00,38.46
18972.67,38.35
18973.33,38.27
18974.00,38.22
18974.67,38.24
18975.33,38.33
18976.00,38.49
18976.67,38.72
18977.33,38.98
18978.00,39.24
18978.67,39.50
18979.33,39.73
18980.00,39.93
18980.67,40.09
18981.33,40.23
18982.00,40.33
18982.67,40.40
18983.33,40.43
18984.00,40.42
18984.67,40.39
18985.33,40.33
18986.00,40.25
18986.67,40.16
18987.33,40.07
18988.00,39.96
18988.67,39.84
18989.33,39.69
18990.00,39.50
18990.67,39.29
18991.33,39.05
18992.00,38.84
18992.67,38.68
18993.33,38.62
18994.00,38.66
18994.67,38.79
18995.33,38.96
18996.00,39.13
18996.67,39.26
18997.33,39.33
18998.00,39.31
18998.67,39.22
18999.33,39.04
19000.00,38.79
19000.67,38.50
19001.33,38.19
19002.00,37.90
19002.67,37.65
19003.33,37.44
19004.00,37.27
19004.67,37.15
19005.33,37.11
19006.00,37.18
19006.67,37.35
19007.33,37.60
19008.00,37.90
19008.67,38.22
19009.33,38.53
19010.00,38.81
19010.67,39.05
19011.33,39.24
19012.00,39.36
19012.67,39.41
19013.33,39.40
19014.00,39.32
19014.67,39.21
19015.33,39.06
19016.00,38.91
19016.67,38.78
19017.33,38.68
19018.00,38.63
19018.67,38.63
19019.33,38.67
19020.00,38.74
19020.67,38.84
19021.33,38.94
19022.00,39.04
19022.67,39.14
19023.33,39.21
19024.00,39.24
19024.67,39.22
19025.33,39.14
19026.00,39.00
19026.67,38.82
19027.33,38.60
19028.00,38.36
19028.67,38.13
19029.33,37.92
19030.00,37.75
19030.67,37.64
19031.33,37.60
19032.00,37.62
19032.67,37.70
19033.33,37.84
19034.00,38.02
19034.67,38.23
19035.33,38.46
19036.00,38.69
19036.67,38.89
19037.33,39.05
19038.00,39.16
19038.67,39.21
19039.33,39.20
19040.00,39.12
19040.67,38.99
19041.33,38.81
19042.00,38.63
19042.67,38.48
19043.33,38.39
19044.00,38.34
19044.67,38.32
19045.33,38.31
19046.00,38.31
19046.67,38.30
19047.33,38.29
19048.00,38.28
19048.67,38.26
19049.33,38.25
19050.00,38.22
19050.67,38.17
19051.33,38.10
19052.00,38.01
19052.67,37.89
19053.33,37.75
19054.00,37.60
19054.67,37.46
19055.33,37.35
19056.00,37.28
19056.67,37.30
19057.33,37.40
19058.00,37.56
19058.67,37.75
19059.33,37.96
19060.00,38.17
19060.67,38.36
19061.33,38.53
19062.00,38.70
19062.67,38.85
19063.33,38.99
19064.00,39.12
19064.67,39.23
19065.33,39.30
19066.00,39.32
19066.67,39.28
19067.33,39.19
19068.00,39.05
19068.67,38.89
19069.33,38.72
19070.00,38.59
19070.67,38.51
19071.33,38.48
19072.00,38.49
19072.67,38.51
19073.33,38.53
19074.00,38.56
19074.67,38.59
19075.33,38.64
19076.00,38.68
19076.67,38.72
19077.33,38.74
19078.00,38.72
19078.67,38.66
19079.33,38.56
19080.00,38.42
19080.67,38.28
19081.33,38.16
19082.00,38.09
19082.67,38.06
19083.33,38.05
19084.00,38.05
19084.67,38.04
19085.33,38.04
19086.00,38.05
19086.67,38.08
19087.33,38.14
19088.00,38.21
19088.67,38.30
19089.33,38.42
19090.00,38.57
19090.67,38.73
19091.33,38.89
19092.00,39.02
19092.67,39.11
19093.33,39.16
19094.00,39.16
19094.67,39.11
19095.33,39.04
19096.00,38.96
19096.67,38.88
19097.33,38.81
19098.00,38.75
19098.67,38.71
19099.33,38.65
19100.00,38.58
19100.67,38.51
19101.33,38.47
19102.00,38.48
19102.67,38.54
19103.33,38.61
19104.00,38.67
19104.67,38.71
19105.33,38.71
19106.00,38.69
19106.67,38.65
19107.33,38.59
19108.00,38.51
19108.67,38.39
19109.33,38.25
19110.00,38.11
19110.67,37.99
19111.33,37.89
19112.00,37.82
19112.67,37.76
19113.33,37.72
19114.00,37.75
19114.67,37.87
19115.33,38.05
19116.00,38.23
19116.67,38.37
19117.33,38.44
19118.00,38.45
19118.67,38.39
19119.33,38.28
19120.00,38.14
19120.67,38.01
19121.33,37.90
19122.00,37.84
19122.67,37.85
19123.33,37.93
19124.00,38.08
19124.67,38.28
19125.33,38.49
19126.00,38.71
19126.67,38.91
19127.33,39.06
19128.00,39.18
19128.67,39.24
19129.33,39.27
19130.00,39.25
19130.67,39.20
19131.33,39.12
19132.00,39.02
19132.67,38.91
19133.33,38.80
19134.00,38.70
19134.67,38.61
19135.33,38.55
19136.00,38.52
19136.67,38.49
19137.33,38.46
19138.00,38.41
19138.67,38.31
19139.33,38.15
19140.00,37.94
19140.67,37.71
19141.33,37.48
19142.00,37.31
19142.67,37.22
19143.33,37.21
19144.00,37.26
19144.67,37.37
19145.33,37.53
19146.00,37.74
19146.67,37.98
19147.33,38.23
19148.00,38.45
19148.67,38.64
19149.33,38.77
19150.00,38.83
19150.67,38.82
19151.33,38.74
19152.00,38.60
19152.67,38.41
19153.33,38.18
19154.00,37.95
19154.67,37.72
19155.33,37.55
19156.00,37.46
19156.67,37.48
19157.33,37.64
19158.00,37.91
19158.67,38.22
19159.33,38.54
19160.00,38.83
19160.67,39.05
19161.33,39.21
19162.00,39.28
19162.67,39.27
19163.33,39.18
19164.00,39.02
19164.67,38.79
19165.33,38.49
19166.00,38.13
19166.67,37.74
19167.33,37.33
19168.00,36.97
19168.67,36.71
19169.33,36.63
19170.00,36.75
19170.67,37.01
19171.33,37.35
19172.00,37.69
19172.67,38.00
19173.33,38.26
19174.00,38.47
19174.67,38.64
19175.33,38.76
19176.00,38.85
19176.67,38.92
19177.33,38.96
19178.00,38.99
19178.67,39.01
19179.33,39.03
19180.00,39.03
19180.67,39.03
19181.33,39.02
19182.00,39.01
19182.67,38.98
19183.33,38.94
19184.00,38.89
19184.67,38.81
19185.33,38.71
19186.00,38.58
19186.67,38.41
19187.33,38.20
19188.00,37.96
19188.67,37.72
19189.33,37.49
19190.00,37.31
19190.67,37.19
19191.33,37.15
19192.00,37.16
19192.67,37.23
19193.33,37.35
19194.00,37.51
19194.67,37.70
19195.33,37.88
19196.00,38.04
19196.67,38.18
19197.33,38.28
19198.00,38.35
19198.67,38.40
19199.33,38.43
19200.00,38.44
19200.67,38.45
19201.33,38.46
19202.00,38.46
19202.67,38.45
19203.33,38.45
19204.00,38.43
19204.67,38.41
19205.33,38.39
19206.00,38.37
19206.67,38.37
19207.33,38.39
19208.00,38.40
19208.67,38.41
19209.33,38.41
19210.00,38.38
19210.67,38.34
19211.33,38.27
19212.00,38.17
19212.67,38.04
19213.33,37.88
19214.00,37.71
19214.67,37.56
19215.33,37.46
19216.00,37.44
19216.67,37.52
19217.33,37.67
19218.00,37.87
19218.67,38.07
19219.33,38.26
19220.00,38.39
19220.67,38.46
19221.33,38.48
19222.00,38.45
19222.67,38.39
19223.33,38.31
19224.00,38.22
19224.67,38.11
19225.33,37.98
19226.00,37.84
19226.67,37.72
19227.33,37.65
19228.00,37.64
19228.67,37.70
19229.33,37.81
19230.00,37.95
19230.67,38.08
19231.33,38.21
19232.00,38.30
19232.67,38.36
19233.33,38.37
19234.00,38.33
19234.67,38.25
19235.33,38.12
19236.00,37.94
19236.67,37.73
19237.33,37.50
19238.00,37.29
19238.67,37.11
19239.33,36.98
19240.00,36.89
19240.67,36.85
19241.33,36.85
19242.00,36.89
19242.67,36.97
19243.33,37.09
19244.00,37.23
19244.67,37.37
19245.33,37.49
19246.00,37.57
19246.67,37.61
19247.33,37.62
19248.00,37.61
19248.67,37.60
19249.33,37.63
19250.00,37.68
19250.67,37.76
19251.33,37.83
19252.00,37.88
19252.67,37.90
19253.33,37.87
19254.00,37.80
19254.67,37.70
19255.33,37.57
19256.00,37.42
19256.67,37.25
19257.33,37.07
19258.00,36.90
19258.67,36.76
19259.33,36.68
19260.00,36.69
19260.67,36.79
19261.33,36.96
19262.00,37.13
19262.67,37.28
19263.33,37.37
19264.00,37.41
19264.67,37.39
19265.33,37.32
19266.00,37.24
19266.67,37.17
19267.33,37.12
19268.00,37.11
19268.67,37.17
19269.33,37.27
19270.00,37.42
19270.67,37.60
19271.33,37.77
19272.00,37.92
19272.67,38.04
19273.33,38.10
19274.00,38.10
19274.67,38.02
19275.33,37.87
19276.00,37.65
19276.67,37.37
19277.33,37.06
19278.00,36.76
19278.67,36.50
19279.33,36.29
19280.00,36.15
19280.67,36.12
19281.33,36.19
19282.00,36.37
19282.67,36.64
19283.33,36.95
19284.00,37.27
19284.67,37.56
19285.33,37.80
19286.00,37.97
19286.67,38.08
19287.33,38.12
19288.00,38.10
19288.67,38.03
19289.33,37.92
19290.00,37.79
19290.67,37.66
19291.33,37.55
19292.00,37.48
19292.67,37.46
19293.33,37.48
19294.00,37.53
19294.67,37.59
19295.33,37.65
19296.00,37.70
19296.67,37.74
19297.33,37.75
19298.00,37.74
19298.67,37.69
19299.33,37.63
19300.00,37.56
19300.67,37.48
19301.33,37.40
19302.00,37.33
19302.67,37.25
19303.33,37.17
19304.00,37.09
19304.67,37.04
19305.33,37.00
19306.00,36.96
19306.67,36.89
19307.33,36.77
19308.00,36.63
19308.67,36.49
19309.33,36.38
19310.00,36.31
19310.67,36.30
19311.33,36.35
19312.00,36.45
19312.67,36.63
19313.33,36.86
19314.00,37.13
19314.67,37.42
19315.33,37.69
19316.00,37.93
19316.67,38.13
19317.33,38.28
19318.00,38.37
19318.67,38.40
19319.33,38.37
19320.00,38.30
19320.67,38.19
19321.33,38.05
19322.00,37.89
19322.67,37.71
19323.33,37.54
19324.00,37.39
19324.67,37.25
19325.33,37.14
19326.00,37.06
19326.67,37.01
19327.33,36.99
19328.00,37.01
19328.67,37.06
19329.33,37.12
19330.00,37.18
19330.67,37.23
19331.33,37.26
19332.00,37.26
19332.67,37.25
19333.33,37.24
19334.00,37.21
19334.67,37.19
19335.33,37.16
19336.00,37.13
19336.67,37.11
19337.33,37.11
19338.00,37.14
19338.67,37.18
19339.33,37.23
19340.00,37.27
19340.67,37.30
19341.33,37.33
19342.00,37.36
19342.67,37.38
19343.33,37.39
19344.00,37.37
19344.67,37.31
19345.33,37.21
19346.00,37.07
19346.67,36.88
19347.33,36.64
19348.00,36.37
19348.67,36.06
19349.33,35.71
19350.00,35.35
19350.67,35.02
19351.33,34.80
19352.00,34.79
19352.67,34.98
19353.33,35.31
19354.00,35.68
19354.67,36.03
19355.33,36.33
19356.00,36.54
19356.67,36.65
19357.33,36.65
19358.00,36.54
19358.67,36.34
19359.33,36.07
19360.00,35.83
19360.67,35.69
19361.33,35.70
19362.00,35.81
19362.67,36.01
19363.33,36.28
19364.00,36.63
19364.67,37.02
19365.33,37.41
19366.00,37.78
19366.67,38.10
19367.33,38.35
19368.00,38.53
19368.67,38.64
19369.33,38.68
19370.00,38.66
19370.67,38.60
19371.33,38.49
19372.00,38.37
19372.67,38.23
19373.33,38.10
19374.00,37.97
19374.67,37.87
19375.33,37.80
19376.00,37.74
19376.67,37.71
19377.33,37.67
19378.00,37.63
19378.67,37.57
19379.33,37.49
19380.00,37.37
19380.67,37.22
19381.33,37.05
19382.00,36.89
19382.67,36.77
19383.33,36.72
19384.00,36.75
19384.67,36.85
19385.33,37.00
19386.00,37.15
19386.67,37.28
19387.33,37.37
19388.00,37.43
19388.67,37.45
19389.33,37.45
19390.00,37.44
19390.67,37.42
19391.33,37.39
19392.00,37.35
19392.67,37.32
19393.33,37.29
19394.00,37.28
19394.67,37.30
19395.33,37.35
19396.00,37.41
19396.67,37.49
19397.33,37.56
19398.00,37.61
19398.67,37.63
19399.33,37.62
19400.00,37.57
19400.67,37.48
19401.33,37.38
19402.00,37.27
19402.67,37.17
19403.33,37.09
19404.00,37.06
19404.67,37.08
19405.33,37.15
19406.00,37.28
19406.67,37.44
19407.33,37.60
19408.00,37.76
19408.67,37.88
19409.33,37.95
19410.00,37.96
19410.67,37.90
19411.33,37.78
19412.00,37.60
19412.67,37.37
19413.33,37.11
19414.00,36.84
19414.67,36.60
19415.33,36.43
19416.00,36.36
19416.67,36.38
19417.33,36.47
19418.00,36.61
19418.67,36.74
19419.33,36.86
19420.00,36.95
19420.67,37.00
19421.33,37.00
19422.00,36.95
19422.67,36.87
19423.33,36.75
19424.00,36.62
19424.67,36.49
19425.33,36.36
19426.00,36.24
19426.67,36.14
19427.33,36.09
19428.00,36.11
19428.67,36.21
19429.33,36.35
19430.00,36.50
19430.67,36.62
19431.33,36.68
19432.00,36.66
19432.67,36.58
19433.33,36.43
19434.00,36.24
19434.67,36.03
19435.33,35.87
19436.00,35.81
19436.67,35.89
19437.33,36.08
19438.00,36.35
19438.67,36.63
19439.33,36.88
19440.00,37.06
19440.67,37.16
19441.33,37.18
19442.00,37.14
19442.67,37.06
19443.33,36.97
19444.00,36.85
19444.67,36.69
19445.33,36.49
19446.00,36.26
19446.67,36.02
19447.33,35.83
19448.00,35.74
19448.67,35.76
19449.33,35.88
19450.00,36.07
19450.67,36.27
19451.33,36.46
19452.00,36.62
19452.67,36.73
19453.33,36.81
19454.00,36.85
19454.67,36.86
19455.33,36.87
19456.00,36.86
19456.67,36.84
19457.33,36.81
19458.00,36.76
19458.67,36.70
19459.33,36.63
19460.00,36.55
19460.67,36.47
19461.33,36.38
19462.00,36.31
19462.67,36.23
19463.33,36.17
19464.00,36.12
19464.67,36.09
19465.33,36.07
19466.00,36.07
19466.67,36.10
19467.33,36.16
19468.00,36.27
19468.67,36.43
19469.33,36.63
19470.00,36.85
19470.67,37.07
19471.33,37.26
19472.00,37.42
19472.67,37.53
19473.33,37.59
19474.00,37.58
19474.67,37.52
19475.33,37.41
19476.00,37.26
19476.67,37.08
19477.33,36.91
19478.00,36.76
19478.67,36.64
19479.33,36.54
19480.00,36.47
19480.67,36.41
19481.33,36.36
19482.00,36.32
19482.67,36.28
19483.33,36.26
19484.00,36.26
19484.67,36.29
19485.33,36.36
19486.00,36.46
19486.67,36.59
19487.33,36.74
19488.00,36.90
19488.67,37.06
19489.33,37.23
19490.00,37.40
19490.67,37.55
19491.33,37.67
19492.00,37.74
19492.67,37.75
19493.33,37.70
19494.00,37.59
19494.67,37.44
19495.33,37.27
19496.00,37.09
19496.67,36.93
19497.33,36.79
19498.00,36.67
19498.67,36.56
19499.33,36.49
19500.00,36.46
19500.67,36.48
19501.33,36.55
19502.00,36.62
19502.67,36.70
19503.33,36.76
19504.00,36.80
19504.67,36.80
19505.33,36.76
19506.00,36.67
19506.67,36.55
19507.33,36.39
19508.00,36.20
19508.67,36.00
19509.33,35.79
19510.00,35.61
19510.67,35.47
19511.33,35.39
19512.00,35.36
19512.67,35.39
19513.33,35.45
19514.00,35.53
19514.67,35.62
19515.33,35.70
19516.00,35.77
19516.67,35.80
19517.33,35.80
19518.00,35.74
19518.67,35.62
19519.33,35.46
19520.00,35.27
19520.67,35.11
19521.33,35.00
19522.00,34.97
19522.67,35.01
19523.33,35.10
19524.00,35.24
19524.67,35.41
19525.33,35.61
19526.00,35.80
19526.67,36.01
19527.33,36.22
19528.00,36.42
19528.67,36.62
19529.33,36.79
19530.00,36.92
19530.67,37.01
19531.33,37.05
19532.00,37.04
19532.67,36.99
19533.33,36.91
19534.00,36.82
19534.67,36.73
19535.33,36.63
19536.00,36.53
19536.67,36.44
19537.33,36.35
19538.00,36.26
19538.67,36.18
19539.33,36.11
19540.00,36.04
19540.67,35.99
19541.33,35.95
19542.00,35.93
19542.67,35.91
19543.33,35.90
19544.00,35.89
19544.67,35.89
19545.33,35.90
19546.00,35.94
19546.67,36.01
19547.33,36.11
19548.00,36.25
19548.67,36.42
19549.33,36.61
19550.00,36.81
19550.67,37.01
19551.33,37.19
19552.00,37.35
19552.67,37.47
19553.33,37.54
19554.00,37.55
19554.67,37.50
19555.33,37.37
19556.00,37.17
19556.67,36.90
19557.33,36.57
19558.00,36.19
19558.67,35.81
19559.33,35.47
19560.00,35.22
19560.67,35.09
19561.33,35.07
19562.00,35.14
19562.67,35.26
19563.33,35.44
19564.00,35.66
19564.67,35.92
19565.33,36.18
19566.00,36.42
19566.67,36.62
19567.33,36.78
19568.00,36.88
19568.67,36.92
19569.33,36.90
19570.00,36.83
19570.67,36.73
19571.33,36.59
19572.00,36.44
19572.67,36.28
19573.33,36.12
19574.00,35.98
19574.67,35.84
19575.33,35.72
19576.00,35.60
19576.67,35.48
19577.33,35.37
19578.00,35.28
19578.67,35.23
19579.33,35.22
19580.00,35.27
19580.67,35.38
19581.33,35.53
19582.00,35.69
19582.67,35.85
19583.33,35.97
19584.00,36.06
19584.67,36.13
19585.33,36.18
19586.00,36.23
19586.67,36.28
19587.33,36.35
19588.00,36.44
19588.67,36.52
19589.33,36.60
19590.00,36.67
19590.67,36.71
19591.33,36.74
19592.00,36.77
19592.67,36.79
19593.33,36.82
19594.00,36.86
19594.67,36.88
19595.33,36.88
19596.00,36.85
19596.67,36.78
19597.33,36.67
19598.00,36.52
19598.67,36.34
19599.33,36.18
19600.00,36.07
19600.67,36.01
19601.33,35.99
19602.00,35.98
19602.67,35.95
19603.33,35.89
19604.00,35.80
19604.67,35.69
19605.33,35.58
19606.00,35.48
19606.67,35.40
19607.33,35.36
19608.00,35.34
19608.67,35.35
19609.33,35.37
19610.00,35.41
19610.67,35.46
19611.33,35.53
19612.00,35.63
19612.67,35.76
19613.33,35.92
19614.00,36.09
19614.67,36.26
19615.33,36.39
19616.00,36.47
19616.67,36.50
19617.33,36.47
19618.00,36.40
19618.67,36.29
19619.33,36.15
19620.00,36.00
19620.67,35.85
19621.33,35.72
19622.00,35.61
19622.67,35.54
19623.33,35.51
19624.00,35.52
19624.67,35.57
19625.33,35.64
19626.00,35.74
19626.67,35.84
19627.33,35.95
19628.00,36.05
19628.67,36.14
19629.33,36.20
19630.00,36.25
19630.67,36.27
19631.33,36.27
19632.00,36.27
19632.67,36.27
19633.33,36.29
19634.00,36.32
19634.67,36.36
19635.33,36.41
19636.00,36.47
19636.67,36.52
19637.33,36.55
19638.00,36.57
19638.67,36.56
19639.33,36.54
19640.00,36.50
19640.67,36.44
19641.33,36.37
19642.00,36.28
19642.67,36.17
19643.33,36.05
19644.00,35.94
19644.67,35.84
19645.33,35.77
19646.00,35.71
19646.67,35.67
19647.33,35.61
19648.00,35.54
19648.67,35.45
19649.33,35.35
19650.00,35.26
19650.67,35.20
19651.33,35.20
19652.00,35.26
19652.67,35.37
19653.33,35.51
19654.00,35.68
19654.67,35.85
19655.33,36.02
19656.00,36.19
19656.67,36.33
19657.33,36.42
19658.00,36.46
19658.67,36.44
19659.33,36.34
19660.00,36.18
19660.67,35.96
19661.33,35.71
19662.00,35.45
19662.67,35.22
19663.33,35.05
19664.00,34.96
19664.67,34.99
19665.33,35.12
19666.00,35.35
19666.67,35.64
19667.33,35.94
19668.00,36.22
19668.67,36.47
19669.33,36.66
19670.00,36.79
19670.67,36.85
19671.33,36.82
19672.00,36.72
19672.67,36.54
19673.33,36.32
19674.00,36.08
19674.67,35.87
19675.33,35.72
19676.00,35.64
19676.67,35.62
19677.33,35.64
19678.00,35.70
19678.67,35.78
19679.33,35.88
19680.00,35.98
19680.67,36.08
19681.33,36.15
19682.00,36.19
19682.67,36.18
19683.33,36.10
19684.00,35.97
19684.67,35.78
19685.33,35.56
19686.00,35.33
19686.67,35.15
19687.33,35.05
19688.00,35.09
19688.67,35.24
19689.33,35.48
19690.00,35.74
19690.67,35.98
19691.33,36.15
19692.00,36.24
19692.67,36.26
19693.33,36.20
19694.00,36.09
19694.67,35.93
19695.33,35.75
19696.00,35.56
19696.67,35.36
19697.33,35.18
19698.00,35.06
19698.67,35.01
19699.33,35.03
19700.00,35.11
19700.67,35.24
19701.33,35.39
19702.00,35.54
19702.67,35.67
19703.33,35.75
19704.00,35.78
19704.67,35.75
19705.33,35.65
19706.00,35.50
19706.67,35.32
19707.33,35.12
19708.00,34.94
19708.67,34.80
19709.33,34.74
19710.00,34.76
19710.67,34.86
19711.33,35.04
19712.00,35.26
19712.67,35.51
19713.33,35.75
19714.00,35.96
19714.67,36.10
19715.33,36.18
19716.00,36.18
19716.67,36.09
19717.33,35.93
19718.00,35.70
19718.67,35.42
19719.33,35.12
19720.00,34.83
19720.67,34.59
19721.33,34.43
19722.00,34.38
19722.67,34.42
19723.33,34.54
19724.00,34.70
19724.67,34.87
19725.33,35.03
19726.00,35.15
19726.67,35.23
19727.33,35.25
19728.00,35.22
19728.67,35.15
19729.33,35.05
19730.00,34.94
19730.67,34.84
19731.33,34.76
19732.00,34.73
19732.67,34.75
19733.33,34.83
19734.00,34.96
19734.67,35.11
19735.33,35.27
19736.00,35.42
19736.67,35.53
19737.33,35.60
19738.00,35.63
19738.67,35.62
19739.33,35.59
19740.00,35.56
19740.67,35.55
19741.33,35.56
19742.00,35.60
19742.67,35.65
19743.33,35.71
19744.00,35.77
19744.67,35.79
19745.33,35.78
19746.00,35.73
19746.67,35.63
19747.33,35.50
19748.00,35.33
19748.67,35.15
19749.33,34.96
19750.00,34.77
19750.67,34.58
19751.33,34.43
19752.00,34.32
19752.67,34.28
19753.33,34.33
19754.00,34.45
19754.67,34.63
19755.33,34.82
19756.00,35.01
19756.67,35.16
19757.33,35.27
19758.00,35.32
19758.67,35.32
19759.33,35.28
19760.00,35.20
19760.67,35.11
19761.33,35.03
19762.00,34.97
19762.67,34.95
19763.33,34.98
19764.00,35.07
19764.67,35.21
19765.33,35.38
19766.00,35.56
19766.67,35.73
19767.33,35.87
19768.00,35.96
19768.67,35.99
19769.33,35.94
19770.00,35.81
19770.67,35.59
19771.33,35.27
19772.00,34.87
19772.67,34.41
19773.33,33.94
19774.00,33.51
19774.67,33.22
19775.33,33.11
19776.00,33.19
19776.67,33.41
19777.33,33.71
19778.00,34.05
19778.67,34.39
19779.33,34.70
19780.00,34.97
19780.67,35.16
19781.33,35.28
19782.00,35.31
19782.67,35.26
19783.33,35.14
19784.00,34.97
19784.67,34.77
19785.33,34.58
19786.00,34.43
19786.67,34.32
19787.33,34.25
19788.00,34.21
19788.67,34.19
19789.33,34.16
19790.00,34.14
19790.67,34.11
19791.33,34.09
19792.00,34.07
19792.67,34.04
19793.33,34.00
19794.00,33.94
19794.67,33.89
19795.33,33.86
19796.00,33.83
19796.67,33.81
19797.33,33.80
19798.00,33.78
19798.67,33.77
19799.33,33.77
19800.00,33.78
19800.67,33.81
19801.33,33.85
19802.00,33.89
19802.67,33.93
19803.33,33.97
19804.00,34.00
19804.67,34.02
19805.33,34.03
19806.00,34.06
19806.67,34.10
19807.33,34.17
19808.00,34.26
19808.67,34.36
19809.33,34.47
19810.00,34.55
19810.67,34.62
19811.33,34.66
19812.00,34.68
19812.67,34.66
19813.33,34.61
19814.00,34.53
19814.67,34.43
19815.33,34.33
19816.00,34.23
19816.67,34.17
19817.33,34.13
19818.00,34.13
19818.67,34.16
19819.33,34.20
19820.00,34.22
19820.67,34.23
19821.33,34.22
19822.00,34.21
19822.67,34.22
19823.33,34.26
19824.00,34.34
19824.67,34.41
19825.33,34.46
19826.00,34.50
19826.67,34.51
19827.33,34.53
19828.00,34.57
19828.67,34.66
19829.33,34.79
19830.00,34.97
19830.67,35.16
19831.33,35.33
19832.00,35.45
19832.67,35.51
19833.33,35.50
19834.00,35.42
19834.67,35.28
19835.33,35.10
19836.00,34.90
19836.67,34.69
19837.33,34.50
19838.00,34.32
19838.67,34.16
19839.33,34.00
19840.00,33.86
19840.67,33.73
19841.33,33.63
19842.00,33.55
19842.67,33.48
19843.33,33.42
19844.00,33.35
19844.67,33.26
19845.33,33.15
19846.00,33.01
19846.67,32.88
19847.33,32.76
19848.00,32.71
19848.67,32.75
19849.33,32.89
19850.00,33.06
19850.67,33.25
19851.33,33.42
19852.00,33.57
19852.67,33.68
19853.33,33.77
19854.00,33.82
19854.67,33.84
19855.33,33.83
19856.00,33.79
19856.67,33.71
19857.33,33.60
19858.00,33.47
19858.67,33.32
19859.33,33.18
19860.00,33.07
19860.67,33.02
19861.33,33.03
19862.00,33.09
19862.67,33.19
19863.33,33.30
19864.00,33.37
19864.67,33.41
19865.33,33.39
19866.00,33.31
19866.67,33.18
19867.33,33.02
19868.00,32.85
19868.67,32.71
19869.33,32.64
19870.00,32.65
19870.67,32.75
19871.33,32.93
19872.00,33.20
19872.67,33.52
19873.33,33.88
19874.00,34.24
19874.67,34.56
19875.33,34.84
19876.00,35.04
19876.67,35.17
19877.33,35.20
19878.00,35.14
19878.67,34.99
19879.33,34.75
19880.00,34.44
19880.67,34.07
19881.33,33.68
19882.00,33.35
19882.67,33.12
19883.33,33.04
19884.00,33.06
19884.67,33.16
19885.33,33.28
19886.00,33.43
19886.67,33.57
19887.33,33.69
19888.00,33.79
19888.67,33.84
19889.33,33.85
19890.00,33.81
19890.67,33.71
19891.33,33.57
19892.00,33.38
19892.67,33.17
19893.33,32.93
19894.00,32.68
19894.67,32.47
19895.33,32.32
19896.00,32.29
19896.67,32.35
19897.33,32.47
19898.00,32.63
19898.67,32.81
19899.33,32.98
19900.00,33.15
19900.67,33.30
19901.33,33.45
19902.00,33.58
19902.67,33.70
19903.33,33.81
19904.00,33.90
19904.67,33.97
19905.33,34.01
19906.00,34.03
19906.67,34.01
19907.33,33.97
19908.00,33.90
19908.67,33.81
19909.33,33.71
19910.00,33.60
19910.67,33.50
19911.33,33.41
19912.00,33.34
19912.67,33.28
19913.33,33.22
19914.00,33.17
19914.67,33.12
19915.33,33.08
19916.00,33.03
19916.67,32.98
19917.33,32.92
19918.00,32.84
19918.67,32.74
19919.33,32.61
19920.00,32.46
19920.67,32.30
19921.33,32.15
19922.00,32.04
19922.67,32.01
19923.33,32.05
19924.00,32.17
19924.67,32.32
19925.33,32.50
19926.00,32.69
19926.67,32.86
19927.33,33.02
19928.00,33.16
19928.67,33.26
19929.33,33.33
19930.00,33.36
19930.67,33.36
19931.33,33.33
19932.00,33.27
19932.67,33.21
19933.33,33.13
19934.00,33.06
19934.67,32.98
19935.33,32.91
19936.00,32.84
19936.67,32.75
19937.33,32.65
19938.00,32.54
19938.67,32.44
19939.33,32.33
19940.00,32.24
19940.67,32.15
19941.33,32.09
19942.00,32.05
19942.67,32.04
19943.33,32.04
19944.00,32.06
19944.67,32.09
19945.33,32.11
19946.00,32.15
19946.67,32.19
19947.33,32.27
19948.00,32.37
19948.67,32.48
19949.33,32.59
19950.00,32.69
19950.67,32.76
19951.33,32.78
19952.00,32.76
19952.67,32.69
19953.33,32.58
19954.00,32.45
19954.67,32.33
19955.33,32.24
19956.00,32.22
19956.67,32.24
19957.33,32.32
19958.00,32.43
19958.67,32.57
19959.33,32.71
19960.00,32.83
19960.67,32.91
19961.33,32.93
19962.00,32.88
19962.67,32.77
19963.33,32.62
19964.00,32.46
19964.67,32.31
19965.33,32.19
19966.00,32.11
19966.67,32.07
19967.33,32.06
19968.00,32.06
19968.67,32.10
19969.33,32.16
19970.00,32.27
19970.67,32.39
19971.33,32.51
19972.00,32.60
19972.67,32.64
19973.33,32.63
19974.00,32.59
19974.67,32.53
19975.33,32.50
19976.00,32.51
19976.67,32.53
19977.33,32.55
19978.00,32.55
19978.67,32.54
19979.33,32.50
19980.00,32.44
19980.67,32.37
19981.33,32.31
19982.00,32.25
19982.67,32.23
19983.33,32.24
19984.00,32.29
19984.67,32.37
19985.33,32.48
19986.00,32.61
19986.67,32.74
19987.33,32.86
19988.00,32.97
19988.67,33.05
19989.33,33.11
19990.00,33.13
19990.67,33.11
19991.33,33.05
19992.00,32.94
19992.67,32.78
19993.33,32.57
19994.00,32.33
19994.67,32.09
19995.33,31.86
19996.00,31.69
19996.67,31.58
19997.33,31.55
19998.00,31.57
19998.67,31.64
19999.33,31.74
20000.00,31.84
20000.67,31.92
20001.33,31.97
20002.00,31.97
20002.67,31.93
20003.33,31.86
20004.00,31.75
20004.67,31.63
20005.33,31.52
20006.00,31.43
20006.67,31.40
20007.33,31.40
20008.00,31.45
20008.67,31.51
20009.33,31.56
20010.00,31.60
20010.67,31.61
20011.33,31.58
20012.00,31.53
20012.67,31.45
20013.33,31.35
20014.00,31.24
20014.67,31.13
20015.33,31.00
20016.00,30.88
20016.67,30.77
20017.33,30.71
20018.00,30.73
20018.67,30.84
20019.33,31.02
20020.00,31.22
20020.67,31.42
20021.33,31.58
20022.00,31.71
20022.67,31.79
20023.33,31.82
20024.00,31.82
20024.67,31.77
20025.33,31.68
20026.00,31.55
20026.67,31.41
20027.33,31.27
20028.00,31.17
20028.67,31.14
20029.33,31.15
20030.00,31.19
20030.67,31.25
20031.33,31.31
20032.00,31.38
20032.67,31.44
20033.33,31.50
20034.00,31.55
20034.67,31.61
20035.33,31.66
20036.00,31.72
20036.67,31.77
20037.33,31.83
20038.00,31.88
20038.67,31.92
20039.33,31.93
20040.00,31.91
20040.67,31.85
20041.33,31.74
20042.00,31.60
20042.67,31.43
20043.33,31.26
20044.00,31.10
20044.67,30.95
20045.33,30.83
20046.00,30.73
20046.67,30.66
20047.33,30.63
20048.00,30.64
20048.67,30.69
20049.33,30.78
20050.00,30.89
20050.67,31.02
20051.33,31.13
20052.00,31.23
20052.67,31.29
20053.33,31.31
20054.00,31.29
20054.67,31.24
20055.33,31.18
20056.00,31.11
20056.67,31.05
20057.33,31.01
20058.00,30.98
20058.67,30.98
20059.33,31.02
20060.00,31.10
20060.67,31.21
20061.33,31.31
20062.00,31.37
20062.67,31.37
20063.33,31.32
20064.00,31.22
20064.67,31.07
20065.33,30.91
20066.00,30.75
20066.67,30.63
20067.33,30.54
20068.00,30.50
20068.67,30.47
20069.33,30.47
20070.00,30.48
20070.67,30.50
20071.33,30.54
20072.00,30.60
20072.67,30.67
20073.33,30.73
20074.00,30.77
20074.67,30.76
20075.33,30.70
20076.00,30.58
20076.67,30.40
20077.33,30.19
20078.00,29.98
20078.67,29.80
20079.33,29.72
20080.00,29.76
20080.67,29.92
20081.33,30.13
20082.00,30.36
20082.67,30.56
20083.33,30.71
20084.00,30.81
20084.67,30.84
20085.33,30.81
20086.00,30.72
20086.67,30.58
20087.33,30.42
20088.00,30.23
20088.67,30.05
20089.33,29.90
20090.00,29.78
20090.67,29.71
20091.33,29.70
20092.00,29.74
20092.67,29.81
20093.33,29.88
20094.00,29.93
20094.67,29.96
20095.33,29.95
20096.00,29.91
20096.67,29.84
20097.33,29.74
20098.00,29.63
20098.67,29.53
20099.33,29.45
20100.00,29.43
20100.67,29.46
20101.33,29.54
20102.00,29.65
20102.67,29.76
20103.33,29.86
20104.00,29.95
20104.67,30.01
20105.33,30.04
20106.00,30.02
20106.67,29.96
20107.33,29.84
20108.00,29.69
20108.67,29.52
20109.33,29.37
20110.00,29.25
20110.67,29.21
20111.33,29.26
20112.00,29.38
20112.67,29.58
20113.33,29.80
20114.00,30.03
20114.67,30.23
20115.33,30.40
20116.00,30.52
20116.67,30.59
20117.33,30.61
20118.00,30.56
20118.67,30.44
20119.33,30.26
20120.00,30.00
20120.67,29.70
20121.33,29.37
20122.00,29.05
20122.67,28.79
20123.33,28.67
20124.00,28.71
20124.67,28.86
20125.33,29.08
20126.00,29.30
20126.67,29.50
20127.33,29.65
20128.00,29.74
20128.67,29.76
20129.33,29.72
20130.00,29.61
20130.67,29.45
20131.33,29.26
20132.00,29.09
20132.67,28.96
20133.33,28.89
20134.00,28.86
20134.67,28.87
20135.33,28.91
20136.00,28.98
20136.67,29.08
20137.33,29.20
20138.00,29.32
20138.67,29.41
20139.33,29.46
20140.00,29.46
20140.67,29.43
20141.33,29.39
20142.00,29.37
20142.67,29.38
20143.33,29.40
20144.00,29.39
20144.67,29.34
20145.33,29.25
20146.00,29.13
20146.67,29.00
20147.33,28.89
20148.00,28.82
20148.67,28.78
20149.33,28.77
20150.00,28.75
20150.67,28.71
20151.33,28.65
20152.00,28.57
20152.67,28.49
20153.33,28.40
20154.00,28.33
20154.67,28.27
20155.33,28.23
20156.00,28.19
20156.67,28.17
20157.33,28.15
20158.00,28.15
20158.67,28.19
20159.33,28.26
20160.00,28.38
20160.67,28.53
20161.33,28.71
20162.00,28.88
20162.67,29.04
20163.33,29.17
20164.00,29.26
20164.67,29.30
20165.33,29.30
20166.00,29.23
20166.67,29.11
20167.33,28.94
20168.00,28.73
20168.67,28.50
20169.33,28.28
20170.00,28.10
20170.67,28.00
20171.33,27.98
20172.00,28.02
20172.67,28.10
20173.33,28.21
20174.00,28.32
20174.67,28.43
20175.33,28.52
20176.00,28.60
20176.67,28.66
20177.33,28.72
20178.00,28.77
20178.67,28.81
20179.33,28.84
20180.00,28.85
20180.67,28.85
20181.33,28.83
20182.00,28.80
20182.67,28.78
20183.33,28.77
20184.00,28.77
20184.67,28.77
20185.33,28.77
20186.00,28.74
20186.67,28.69
20187.33,28.63
20188.00,28.56
20188.67,28.50
20189.33,28.45
20190.00,28.44
20190.67,28.46
20191.33,28.51
20192.00,28.57
20192.67,28.64
20193.33,28.71
20194.00,28.77
20194.67,28.82
20195.33,28.85
20196.00,28.85
20196.67,28.83
20197.33,28.77
20198.00,28.66
20198.67,28.50
20199.33,28.31
20200.00,28.09
20200.67,27.86
20201.33,27.63
20202.00,27.44
20202.67,27.33
20203.33,27.33
20204.00,27.45
20204.67,27.65
20205.33,27.90
20206.00,28.14
20206.67,28.36
20207.33,28.54
20208.00,28.67
20208.67,28.75
20209.33,28.77
20210.00,28.76
20210.67,28.71
20211.33,28.63
20212.00,28.53
20212.67,28.42
20213.33,28.32
20214.00,28.23
20214.67,28.18
20215.33,28.15
20216.00,28.14
20216.67,28.12
20217.33,28.09
20218.00,28.04
20218.67,27.97
20219.33,27.90
20220.00,27.83
20220.67,27.79
20221.33,27.80
20222.00,27.87
20222.67,27.96
20223.33,28.08
20224.00,28.20
20224.67,28.33
20225.33,28.47
20226.00,28.60
20226.67,28.70
20227.33,28.74
20228.00,28.72
20228.67,28.63
20229.33,28.47
20230.00,28.27
20230.67,28.02
20231.33,27.73
20232.00,27.42
20232.67,27.10
20233.33,26.79
20234.00,26.53
20234.67,26.35
20235.33,26.29
20236.00,26.37
20236.67,26.56
20237.33,26.81
20238.00,27.08
20238.67,27.33
20239.33,27.55
20240.00,27.71
20240.67,27.83
20241.33,27.90
20242.00,27.93
20242.67,27.91
20243.33,27.83
20244.00,27.71
20244.67,27.53
20245.33,27.32
20246.00,27.09
20246.67,26.88
20247.33,26.74
20248.00,26.70
20248.67,26.75
20249.33,26.83
20250.00,26.89
20250.67,26.90
20251.33,26.83
20252.00,26.69
20252.67,26.50
20253.33,26.27
20254.00,26.03
20254.67,25.79
20255.33,25.56
20256.00,25.36
20256.67,25.20
20257.33,25.10
20258.00,25.08
20258.67,25.16
20259.33,25.36
20260.00,25.65
20260.67,25.97
20261.33,26.29
20262.00,26.57
20262.67,26.79
20263.33,26.96
20264.00,27.06
20264.67,27.10
20265.33,27.08
20266.00,27.00
20266.67,26.87
20267.33,26.73
20268.00,26.61
20268.67,26.52
20269.33,26.47
20270.00,26.40
20270.67,26.30
20271.33,26.16
20272.00,26.01
20272.67,25.86
20273.33,25.76
20274.00,25.69
20274.67,25.64
20275.33,25.58
20276.00,25.51
20276.67,25.45
20277.33,25.41
20278.00,25.42
20278.67,25.51
20279.33,25.68
20280.00,25.89
20280.67,26.13
20281.33,26.36
20282.00,26.58
20282.67,26.79
20283.33,26.97
20284.00,27.13
20284.67,27.27
20285.33,27.38
20286.00,27.46
20286.67,27.50
20287.33,27.50
20288.00,27.45
20288.67,27.36
20289.33,27.24
20290.00,27.07
20290.67,26.87
20291.33,26.65
20292.00,26.40
20292.67,26.13
20293.33,25.86
20294.00,25.60
20294.67,25.38
20295.33,25.22
20296.00,25.15
20296.67,25.17
20297.33,25.24
20298.00,25.33
20298.67,25.42
20299.33,25.52
20300.00,25.62
20300.67,25.72
20301.33,25.83
20302.00,25.93
20302.67,26.02
20303.33,26.09
20304.00,26.14
20304.67,26.17
20305.33,26.17
20306.00,26.13
20306.67,26.07
20307.33,25.96
20308.00,25.82
20308.67,25.64
20309.33,25.44
20310.00,25.22
20310.67,25.00
20311.33,24.81
20312.00,24.67
20312.67,24.58
20313.33,24.54
20314.00,24.54
20314.67,24.56
20315.33,24.59
20316.00,24.65
20316.67,24.75
20317.33,24.88
20318.00,25.02
20318.67,25.15
20319.33,25.26
20320.00,25.34
20320.67,25.37
20321.33,25.38
20322.00,25.36
20322.67,25.36
20323.33,25.39
20324.00,25.49
20324.67,25.64
20325.33,25.83
20326.00,26.03
20326.67,26.22
20327.33,26.38
20328.00,26.51
20328.67,26.63
20329.33,26.74
20330.00,26.83
20330.67,26.91
20331.33,26.96
20332.00,26.98
20332.67,26.97
20333.33,26.91
20334.00,26.81
20334.67,26.66
20335.33,26.47
20336.00,26.25
20336.67,26.02
20337.33,25.79
20338.00,25.58
20338.67,25.37
20339.33,25.19
20340.00,25.04
20340.67,24.91
20341.33,24.83
20342.00,24.79
20342.67,24.82
20343.33,24.92
20344.00,25.09
20344.67,25.27
20345.33,25.43
20346.00,25.55
20346.67,25.61
20347.33,25.62
20348.00,25.59
20348.67,25.51
20349.33,25.40
20350.00,25.25
20350.67,25.07
20351.33,24.86
20352.00,24.63
20352.67,24.39
20353.33,24.16
20354.00,23.94
20354.67,23.75
20355.33,23.59
20356.00,23.47
20356.67,23.38
20357.33,23.34
20358.00,23.33
20358.67,23.35
20359.33,23.38
20360.00,23.43
20360.67,23.46
20361.33,23.49
20362.00,23.48
20362.67,23.45
20363.33,23.40
20364.00,23.35
20364.67,23.33
20365.33,23.34
20366.00,23.40
20366.67,23.48
20367.33,23.55
20368.00,23.62
20368.67,23.67
20369.33,23.72
20370.00,23.78
20370.67,23.84
20371.33,23.90
20372.00,23.94
20372.67,23.95
20373.33,23.93
20374.00,23.87
20374.67,23.81
20375.33,23.75
20376.00,23.70
20376.67,23.68
20377.33,23.68
20378.00,23.70
20378.67,23.75
20379.33,23.80
20380.00,23.87
20380.67,23.95
20381.33,24.03
20382.00,24.12
20382.67,24.20
20383.33,24.27
20384.00,24.32
20384.67,24.36
20385.33,24.39
20386.00,24.43
20386.67,24.49
20387.33,24.57
20388.00,24.64
20388.67,24.70
20389.33,24.72
20390.00,24.71
20390.67,24.66
20391.33,24.60
20392.00,24.53
20392.67,24.49
20393.33,24.49
20394.00,24.54
20394.67,24.63
20395.33,24.76
20396.00,24.91
20396.67,25.06
20397.33,25.18
20398.00,25.26
20398.67,25.29
20399.33,25.26
20400.00,25.17
20400.67,25.03
20401.33,24.82
20402.00,24.56
20402.67,24.25
20403.33,23.90
20404.00,23.54
20404.67,23.19
20405.33,22.91
20406.00,22.76
20406.67,22.76
20407.33,22.87
20408.00,23.05
20408.67,23.24
20409.33,23.40
20410.00,23.51
20410.67,23.55
20411.33,23.52
20412.00,23.42
20412.67,23.27
20413.33,23.07
20414.00,22.85
20414.67,22.62
20415.33,22.41
20416.00,22.23
20416.67,22.11
20417.33,22.03
20418.00,22.01
20418.67,22.04
20419.33,22.12
20420.00,22.23
20420.67,22.35
20421.33,22.44
20422.00,22.49
20422.67,22.45
20423.33,22.33
20424.00,22.12
20424.67,21.82
20425.33,21.47
20426.00,21.12
20426.67,20.84
20427.33,20.71
20428.00,20.75
20428.67,20.97
20429.33,21.29
20430.00,21.65
20430.67,21.98
20431.33,22.26
20432.00,22.48
20432.67,22.62
20433.33,22.68
20434.00,22.66
20434.67,22.57
20435.33,22.41
20436.00,22.21
20436.67,22.04
20437.33,21.94
20438.00,21.94
20438.67,22.04
20439.33,22.22
20440.00,22.46
20440.67,22.75
20441.33,23.05
20442.00,23.34
20442.67,23.60
20443.33,23.81
20444.00,23.95
20444.67,24.02
20445.33,24.00
20446.00,23.90
20446.67,23.73
20447.33,23.49
20448.00,23.23
20448.67,22.96
20449.33,22.72
20450.00,22.54
20450.67,22.44
20451.33,22.39
20452.00,22.39
20452.67,22.39
20453.33,22.38
20454.00,22.35
20454.67,22.30
20455.33,22.24
20456.00,22.15
20456.67,22.04
20457.33,21.91
20458.00,21.76
20458.67,21.60
20459.33,21.47
20460.00,21.39
20460.67,21.37
20461.33,21.43
20462.00,21.56
20462.67,21.75
20463.33,21.97
20464.00,22.17
20464.67,22.35
20465.33,22.47
20466.00,22.55
20466.67,22.56
20467.33,22.52
20468.00,22.41
20468.67,22.26
20469.33,22.08
20470.00,21.88
20470.67,21.68
20471.33,21.49
20472.00,21.31
20472.67,21.16
20473.33,21.01
20474.00,20.88
20474.67,20.75
20475.33,20.64
20476.00,20.54
20476.67,20.48
20477.33,20.45
20478.00,20.44
20478.67,20.43
20479.33,20.42
20480.00,20.38
20480.67,20.32
20481.33,20.27
20482.00,20.23
20482.67,20.24
20483.33,20.31
20484.00,20.41
20484.67,20.51
20485.33,20.59
20486.00,20.63
20486.67,20.64
20487.33,20.63
20488.00,20.61
20488.67,20.58
20489.33,20.53
20490.00,20.47
20490.67,20.40
20491.33,20.34
20492.00,20.30
20492.67,20.31
20493.33,20.37
20494.00,20.48
20494.67,20.61
20495.33,20.76
20496.00,20.91
20496.67,21.05
20497.33,21.18
20498.00,21.30
20498.67,21.40
20499.33,21.51
20500.00,21.62
20500.67,21.73
20501.33,21.85
20502.00,21.97
20502.67,22.07
20503.33,22.17
20504.00,22.23
20504.67,22.27
20505.33,22.28
20506.00,22.26
20506.67,22.22
20507.33,22.17
20508.00,22.12
20508.67,22.08
20509.33,22.03
20510.00,21.98
20510.67,21.94
20511.33,21.90
20512.00,21.87
20512.67,21.82
20513.33,21.76
20514.00,21.66
20514.67,21.54
20515.33,21.39
20516.00,21.25
20516.67,21.15
20517.33,21.13
20518.00,21.18
20518.67,21.25
20519.33,21.30
20520.00,21.32
20520.67,21.30
20521.33,21.28
20522.00,21.24
20522.67,21.21
20523.33,21.17
20524.00,21.13
20524.67,21.06
20525.33,20.97
20526.00,20.84
20526.67,20.68
20527.33,20.50
20528.00,20.30
20528.67,20.11
20529.33,19.92
20530.00,19.75
20530.67,19.59
20531.33,19.44
20532.00,19.28
20532.67,19.11
20533.33,18.93
20534.00,18.76
20534.67,18.60
20535.33,18.45
20536.00,18.31
20536.67,18.17
20537.33,18.01
20538.00,17.84
20538.67,17.65
20539.33,17.45
20540.00,17.26
20540.67,17.10
20541.33,17.00
20542.00,16.95
20542.67,16.95
20543.33,17.00
20544.00,17.07
20544.67,17.16
20545.33,17.26
20546.00,17.36
20546.67,17.45
20547.33,17.53
20548.00,17.58
20548.67,17.62
20549.33,17.64
20550.00,17.67
20550.67,17.73
20551.33,17.82
20552.00,17.95
20552.67,18.10
20553.33,18.24
20554.00,18.36
20554.67,18.45
20555.33,18.50
20556.00,18.51
20556.67,18.49
20557.33,18.44
20558.00,18.36
20558.67,18.28
20559.33,18.18
20560.00,18.10
20560.67,18.02
20561.33,17.97
20562.00,17.95
20562.67,17.98
20563.33,18.05
20564.00,18.19
20564.67,18.37
20565.33,18.60
20566.00,18.84
20566.67,19.09
20567.33,19.31
20568.00,19.48
20568.67,19.59
20569.33,19.64
20570.00,19.61
20570.67,19.52
20571.33,19.38
20572.00,19.21
20572.67,19.04
20573.33,18.89
20574.00,18.79
20574.67,18.75
20575.33,18.78
20576.00,18.86
20576.67,18.98
20577.33,19.10
20578.00,19.22
20578.67,19.31
20579.33,19.37
20580.00,19.39
20580.67,19.38
20581.33,19.33
20582.00,19.24
20582.67,19.10
20583.33,18.92
20584.00,18.69
20584.67,18.41
20585.33,18.09
20586.00,17.76
20586.67,17.45
20587.33,17.21
20588.00,17.07
20588.67,17.04
20589.33,17.08
20590.00,17.16
20590.67,17.25
20591.33,17.33
20592.00,17.41
20592.67,17.47
20593.33,17.49
20594.00,17.44
20594.67,17.32
20595.33,17.12
20596.00,16.84
20596.67,16.49
20597.33,16.10
20598.00,15.68
20598.67,15.26
20599.33,14.89
20600.00,14.62
20600.67,14.46
20601.33,14.40
20602.00,14.43
20602.67,14.51
20603.33,14.63
20604.00,14.77
20604.67,14.94
20605.33,15.11
20606.00,15.29
20606.67,15.44
20607.33,15.57
20608.00,15.66
20608.67,15.70
20609.33,15.72
20610.00,15.72
20610.67,15.71
20611.33,15.71
20612.00,15.74
20612.67,15.77
20613.33,15.82
20614.00,15.88
20614.67,15.94
20615.33,16.01
20616.00,16.09
20616.67,16.17
20617.33,16.23
20618.00,16.27
20618.67,16.30
20619.33,16.32
20620.00,16.34
20620.67,16.37
20621.33,16.39
20622.00,16.43
20622.67,16.49
20623.33,16.60
20624.00,16.75
20624.67,16.94
20625.33,17.14
20626.00,17.34
20626.67,17.52
20627.33,17.68
20628.00,17.83
20628.67,17.98
20629.33,18.15
20630.00,18.34
20630.67,18.55
20631.33,18.75
20632.00,18.92
20632.67,19.05
20633.33,19.14
20634.00,19.16
20634.67,19.12
20635.33,19.03
20636.00,18.88
20636.67,18.69
20637.33,18.48
20638.00,18.27
20638.67,18.09
20639.33,17.94
20640.00,17.84
20640.67,17.79
20641.33,17.79
20642.00,17.81
20642.67,17.84
20643.33,17.85
20644.00,17.82
20644.67,17.74
20645.33,17.59
20646.00,17.42
20646.67,17.26
20647.33,17.18
20648.00,17.17
20648.67,17.17
20649.33,17.13
20650.00,17.04
20650.67,16.93
20651.33,16.79
20652.00,16.63
20652.67,16.43
20653.33,16.20
20654.00,15.94
20654.67,15.67
20655.33,15.41
20656.00,15.15
20656.67,14.89
20657.33,14.62
20658.00,14.33
20658.67,14.08
20659.33,13.95
20660.00,13.95
20660.67,14.02
20661.33,14.07
20662.00,14.10
20662.67,14.12
20663.33,14.14
20664.00,14.18
20664.67,14.22
20665.33,14.26
20666.00,14.27
20666.67,14.26
20667.33,14.22
20668.00,14.16
20668.67,14.10
20669.33,14.03
20670.00,13.93
20670.67,13.82
20671.33,13.70
20672.00,13.59
20672.67,13.51
20673.33,13.47
20674.00,13.48
20674.67,13.52
20675.33,13.57
20676.00,13.62
20676.67,13.69
20677.33,13.77
20678.00,13.88
20678.67,14.01
20679.33,14.16
20680.00,14.30
20680.67,14.42
20681.33,14.51
20682.00,14.58
20682.67,14.65
20683.33,14.73
20684.00,14.84
20684.67,14.96
20685.33,15.06
20686.00,15.12
20686.67,15.15
20687.33,15.14
20688.00,15.12
20688.67,15.12
20689.33,15.17
20690.00,15.28
20690.67,15.45
20691.33,15.65
20692.00,15.87
20692.67,16.10
20693.33,16.35
20694.00,16.59
20694.67,16.81
20695.33,16.99
20696.00,17.10
20696.67,17.13
20697.33,17.08
20698.00,16.96
20698.67,16.76
20699.33,16.53
20700.00,16.31
20700.67,16.12
20701.33,16.00
20702.00,15.94
20702.67,15.90
20703.33,15.88
20704.00,15.88
20704.67,15.91
20705.33,15.96
20706.00,16.04
20706.67,16.13
20707.33,16.22
20708.00,16.28
20708.67,16.32
20709.33,16.31
20710.00,16.26
20710.67,16.16
20711.33,16.01
20712.00,15.82
20712.67,15.61
20713.33,15.41
20714.00,15.25
20714.67,15.15
20715.33,15.13
20716.00,15.15
20716.67,15.19
20717.33,15.24
20718.00,15.27
20718.67,15.27
20719.33,15.21
20720.00,15.07
20720.67,14.86
20721.33,14.56
20722.00,14.22
20722.67,13.86
20723.33,13.52
20724.00,13.26
20724.67,13.11
20725.33,13.07
20726.00,13.12
20726.67,13.23
20727.33,13.37
20728.00,13.54
20728.67,13.69
20729.33,13.80
20730.00,13.82
20730.67,13.73
20731.33,13.50
20732.00,13.12
20732.67,12.59
20733.33,11.93
20734.00,11.18
20734.67,10.40
20735.33,9.66
20736.00,9.02
20736.67,8.51
20737.33,8.27
20738.00,8.42
20738.67,8.94
20739.33,9.66
20740.00,10.39
20740.67,11.04
20741.33,11.53
20742.00,11.87
20742.67,12.05
20743.33,12.08
20744.00,11.97
20744.67,11.75
20745.33,11.45
20746.00,11.13
20746.67,10.87
20747.33,10.73
20748.00,10.75
20748.67,10.93
20749.33,11.25
20750.00,11.68
20750.67,12.14
20751.33,12.58
20752.00,12.96
20752.67,13.27
20753.33,13.48
20754.00,13.60
20754.67,13.62
20755.33,13.55
20756.00,13.40
20756.67,13.20
20757.33,13.00
20758.00,12.84
20758.67,12.77
20759.33,12.82
20760.00,12.98
20760.67,13.22
20761.33,13.48
20762.00,13.73
20762.67,13.94
20763.33,14.08
20764.00,14.14
20764.67,14.13
20765.33,14.07
20766.00,13.98
20766.67,13.88
20767.33,13.78
20768.00,13.72
20768.67,13.71
20769.33,13.75
20770.00,13.82
20770.67,13.91
20771.33,13.98
20772.00,14.01
20772.67,13.98
20773.33,13.90
20774.00,13.80
20774.67,13.76
20775.33,13.80
20776.00,13.93
20776.67,14.10
20777.33,14.26
20778.00,14.37
20778.67,14.40
20779.33,14.36
20780.00,14.28
20780.67,14.17
20781.33,14.06
20782.00,13.94
20782.67,13.80
20783.33,13.65
20784.00,13.53
20784.67,13.52
20785.33,13.59
20786.00,13.66
20786.67,13.66
20787.33,13.56
20788.00,13.35
20788.67,13.04
20789.33,12.65
20790.00,12.23
20790.67,11.83
20791.33,11.55
20792.00,11.43
20792.67,11.46
20793.33,11.57
20794.00,11.70
20794.67,11.82
20795.33,11.89
20796.00,11.93
20796.67,11.93
20797.33,11.89
20798.00,11.80
20798.67,11.67
20799.33,11.50
20800.00,11.27
20800.67,10.99
20801.33,10.66
20802.00,10.29
20802.67,9.88
20803.33,9.47
20804.00,9.07
20804.67,8.70
20805.33,8.36
20806.00,8.04
20806.67,7.79
20807.33,7.69
20808.00,7.75
20808.67,7.86
20809.33,7.95
20810.00,7.97
20810.67,7.92
20811.33,7.85
20812.00,7.83
20812.67,7.86
20813.33,7.93
20814.00,7.99
20814.67,7.99
20815.33,7.96
20816.00,7.90
20816.67,7.86
20817.33,7.84
20818.00,7.86
20818.67,7.90
20819.33,7.93
20820.00,7.97
20820.67,8.06
20821.33,8.23
20822.00,8.48
20822.67,8.76
20823.33,9.03
20824.00,9.24
20824.67,9.39
20825.33,9.47
20826.00,9.48
20826.67,9.44
20827.33,9.36
20828.00,9.27
20828.67,9.19
20829.33,9.15
20830.00,9.14
20830.67,9.16
20831.33,9.19
20832.00,9.23
20832.67,9.29
20833.33,9.38
20834.00,9.48
20834.67,9.59
20835.33,9.69
20836.00,9.77
20836.67,9.82
20837.33,9.85
20838.00,9.89
20838.67,9.95
20839.33,10.06
20840.00,10.21
20840.67,10.40
20841.33,10.60
20842.00,10.81
20842.67,11.02
20843.33,11.23
20844.00,11.44
20844.67,11.63
20845.33,11.80
20846.00,11.94
20846.67,12.05
20847.33,12.12
20848.00,12.17
20848.67,12.18
20849.33,12.16
20850.00,12.10
20850.67,12.00
20851.33,11.85
20852.00,11.68
20852.67,11.50
20853.33,11.34
20854.00,11.21
20854.67,11.15
20855.33,11.15
20856.00,11.22
20856.67,11.35
20857.33,11.52
20858.00,11.71
20858.67,11.89
20859.33,12.05
20860.00,12.17
20860.67,12.23
20861.33,12.21
20862.00,12.13
20862.67,11.96
20863.33,11.72
20864.00,11.40
20864.67,11.01
20865.33,10.55
20866.00,10.05
20866.67,9.53
20867.33,8.99
20868.00,8.49
20868.67,8.07
20869.33,7.80
20870.00,7.69
20870.67,7.74
20871.33,7.89
20872.00,8.09
20872.67,8.28
20873.33,8.45
20874.00,8.57
20874.67,8.64
20875.33,8.65
20876.00,8.61
20876.67,8.52
20877.33,8.39
20878.00,8.21
20878.67,8.02
20879.33,7.83
20880.00,7.66
20880.67,7.50
20881.33,7.34
20882.00,7.17
20882.67,6.95
20883.33,6.66
20884.00,6.32
20884.67,5.93
20885.33,5.51
20886.00,5.08
20886.67,4.70
20887.33,4.37
20888.00,4.12
20888.67,3.95
20889.33,3.84
20890.00,3.79
20890.67,3.82
20891.33,3.94
20892.00,4.09
20892.67,4.21
20893.33,4.24
20894.00,4.16
20894.67,4.02
20895.33,3.87
20896.00,3.76
20896.67,3.70
20897.33,3.73
20898.00,3.91
20898.67,4.26
20899.33,4.71
20900.00,5.20
20900.67,5.70
20901.33,6.15
20902.00,6.54
20902.67,6.84
20903.33,7.03
20904.00,7.12
20904.67,7.09
20905.33,6.97
20906.00,6.77
20906.67,6.50
20907.33,6.19
20908.00,5.88
20908.67,5.63
20909.33,5.51
20910.00,5.53
20910.67,5.67
20911.33,5.87
20912.00,6.19
20912.67,6.65
20913.33,7.18
20914.00,7.66
20914.67,8.03
20915.33,8.28
20916.00,8.41
20916.67,8.45
20917.33,8.40
20918.00,8.27
20918.67,8.08
20919.33,7.85
20920.00,7.62
20920.67,7.42
20921.33,7.31
20922.00,7.29
20922.67,7.34
20923.33,7.42
20924.00,7.51
20924.67,7.60
20925.33,7.72
20926.00,7.88
20926.67,8.06
20927.33,8.22
20928.00,8.34
20928.67,8.41
20929.33,8.45
20930.00,8.47
20930.67,8.50
20931.33,8.53
20932.00,8.57
20932.67,8.61
20933.33,8.62
20934.00,8.61
20934.67,8.57
20935.33,8.52
20936.00,8.45
20936.67,8.38
20937.33,8.30
20938.00,8.21
20938.67,8.12
20939.33,8.03
20940.00,7.96
20940.67,7.91
20941.33,7.89
20942.00,7.91
20942.67,7.95
20943.33,8.01
20944.00,8.07
20944.67,8.12
20945.33,8.15
20946.00,8.15
20946.67,8.12
20947.33,8.05
20948.00,7.95
20948.67,7.83
20949.33,7.69
20950.00,7.52
20950.67,7.34
20951.33,7.13
20952.00,6.90
20952.67,6.67
20953.33,6.46
20954.00,6.30
20954.67,6.19
20955.33,6.11
20956.00,6.02
20956.67,5.90
20957.33,5.73
20958.00,5.50
20958.67,5.24
20959.33,4.95
20960.00,4.65
20960.67,4.35
20961.33,4.04
20962.00,3.73
20962.67,3.39
20963.33,2.98
20964.00,2.50
20964.67,1.98
20965.33,1.48
20966.00,1.11
20966.67,0.93
20967.33,0.91
20968.00,0.97
20968.67,1.03
20969.33,1.05
20970.00,0.99
20970.67,0.84
20971.33,0.71
20972.00,0.82
20972.67,1.12
20973.33,1.41
20974.00,1.60
20974.67,1.70
20975.33,1.72
20976.00,1.68
20976.67,1.58
20977.33,1.43
20978.00,1.23
20978.67,1.03
20979.33,0.85
20980.00,0.75
20980.67,0.74
20981.33,0.84
20982.00,1.02
20982.67,1.30
20983.33,1.63
20984.00,2.00
20984.67,2.36
20985.33,2.69
20986.00,2.97
20986.67,3.18
20987.33,3.30
20988.00,3.34
20988.67,3.30
20989.33,3.17
20990.00,2.97
20990.67,2.73
20991.33,2.46
20992.00,2.19
20992.67,1.96
20993.33,1.79
20994.00,1.75
20994.67,1.96
20995.33,2.40
20996.00,2.94
20996.67,3.44
20997.33,3.86
20998.00,4.19
20998.67,4.41
20999.33,4.55
21000.00,4.61
21000.67,4.61
21001.33,4.55
21002.00,4.46
21002.67,4.36
21003.33,4.27
21004.00,4.24
21004.67,4.27
21005.33,4.36
21006.00,4.49
21006.67,4.65
21007.33,4.81
21008.00,4.95
21008.67,5.07
21009.33,5.17
21010.00,5.24
21010.67,5.28
21011.33,5.26
21012.00,5.19
21012.67,5.06
21013.33,4.89
21014.00,4.72
21014.67,4.58
21015.33,4.51
21016.00,4.52
21016.67,4.62
21017.33,4.79
21018.00,5.03
21018.67,5.29
21019.33,5.52
21020.00,5.70
21020.67,5.81
21021.33,5.87
21022.00,5.90
21022.67,5.91
21023.33,5.88
21024.00,5.80
21024.67,5.64
21025.33,5.43
21026.00,5.20
21026.67,4.98
21027.33,4.83
21028.00,4.74
21028.67,4.70
21029.33,4.68
21030.00,4.66
21030.67,4.60
21031.33,4.49
21032.00,4.33
21032.67,4.12
21033.33,3.91
21034.00,3.71
21034.67,3.56
21035.33,3.45
21036.00,3.34
21036.67,3.23
21037.33,3.12
21038.00,3.04
21038.67,2.99
21039.33,2.97
21040.00,2.99
21040.67,3.01
21041.33,3.00
21042.00,2.93
21042.67,2.78
21043.33,2.53
21044.00,2.17
21044.67,1.71
21045.33,1.24
21046.00,0.89
21046.67,0.73
21047.33,0.65
21048.00,0.56
21048.67,0.41
21049.33,0.21
21050.00,-0.03
21050.67,-0.26
21051.33,-0.45
21052.00,-0.59
21052.67,-0.68
21053.33,-0.73
21054.00,-0.79
21054.67,-0.86
21055.33,-0.93
21056.00,-0.99
21056.67,-1.05
21057.33,-1.15
21058.00,-1.29
21058.67,-1.50
21059.33,-1.76
21060.00,-2.03
21060.67,-2.28
21061.33,-2.49
21062.00,-2.68
21062.67,-2.85
21063.33,-3.04
21064.00,-3.27
21064.67,-3.53
21065.33,-3.82
21066.00,-4.08
21066.67,-4.25
21067.33,-4.26
21068.00,-4.14
21068.67,-3.94
21069.33,-3.72
21070.00,-3.49
21070.67,-3.28
21071.33,-3.09
21072.00,-2.93
21072.67,-2.82
21073.33,-2.78
21074.00,-2.80
21074.67,-2.88
21075.33,-3.01
21076.00,-3.15
21076.67,-3.25
21077.33,-3.27
21078.00,-3.21
21078.67,-3.08
21079.33,-2.89
21080.00,-2.67
21080.67,-2.43
21081.33,-2.17
21082.00,-1.89
21082.67,-1.62
21083.33,-1.37
21084.00,-1.15
21084.67,-0.97
21085.33,-0.85
21086.00,-0.77
21086.67,-0.75
21087.33,-0.77
21088.00,-0.82
21088.67,-0.88
21089.33,-0.93
21090.00,-0.95
21090.67,-0.89
21091.33,-0.75
21092.00,-0.53
21092.67,-0.29
21093.33,-0.04
21094.00,0.18
21094.67,0.35
21095.33,0.45
21096.00,0.48
21096.67,0.44
21097.33,0.35
21098.00,0.22
21098.67,0.08
21099.33,-0.03
21100.00,-0.09
21100.67,-0.11
21101.33,-0.10
21102.00,-0.08
21102.67,-0.10
21103.33,-0.21
21104.00,-0.47
21104.67,-0.98
21105.33,-1.27
21106.00,-0.30
21106.67,0.68
21107.33,1.37
21108.00,1.84
21108.67,2.12
21109.33,2.27
21110.00,2.28
21110.67,2.18
21111.33,1.99
21112.00,1.72
21112.67,1.40
21113.33,1.06
21114.00,0.71
21114.67,0.35
21115.33,-0.01
21116.00,-0.38
21116.67,-0.73
21117.33,-1.00
21118.00,-1.14
21118.67,-1.15
21119.33,-1.05
21120.00,-0.84
21120.67,-0.55
21121.33,-0.24
21122.00,0.04
21122.67,0.26
21123.33,0.40
21124.00,0.44
21124.67,0.41
21125.33,0.32
21126.00,0.25
21126.67,0.25
21127.33,0.31
21128.00,0.37
21128.67,0.37
21129.33,0.28
21130.00,0.12
21130.67,-0.11
21131.33,-0.39
21132.00,-0.66
21132.67,-0.91
21133.33,-1.11
21134.00,-1.26
21134.67,-1.38
21135.33,-1.51
21136.00,-1.65
21136.67,-1.81
21137.33,-1.95
21138.00,-2.05
21138.67,-2.08
21139.33,-2.06
21140.00,-2.01
21140.67,-1.98
21141.33,-1.98
21142.00,-2.04
21142.67,-2.15
21143.33,-2.32
21144.00,-2.53
21144.67,-2.78
21145.33,-3.05
21146.00,-3.31
21146.67,-3.56
21147.33,-3.76
21148.00,-3.92
21148.67,-4.04
21149.33,-4.13
21150.00,-4.22
21150.67,-4.31
21151.33,-4.42
21152.00,-4.57
21152.67,-4.76
21153.33,-4.99
21154.00,-5.25
21154.67,-5.54
21155.33,-5.84
21156.00,-6.15
21156.67,-6.44
21157.33,-6.69
21158.00,-6.89
21158.67,-7.02
21159.33,-7.07
21160.00,-7.07
21160.67,-7.05
21161.33,-7.02
21162.00,-7.03
21162.67,-7.09
21163.33,-7.20
21164.00,-7.38
21164.67,-7.63
21165.33,-7.93
21166.00,-8.27
21166.67,-8.63
21167.33,-8.95
21168.00,-9.19
21168.67,-9.32
21169.33,-9.37
21170.00,-9.39
21170.67,-9.42
21171.33,-9.46
21172.00,-9.48
21172.67,-9.47
21173.33,-9.39
21174.00,-9.25
21174.67,-9.04
21175.33,-8.78
21176.00,-8.52
21176.67,-8.27
21177.33,-8.04
21178.00,-7.82
21178.67,-7.63
21179.33,-7.45
21180.00,-7.30
21180.67,-7.19
21181.33,-7.15
21182.00,-7.16
21182.67,-7.23
21183.33,-7.33
21184.00,-7.45
21184.67,-7.52
21185.33,-7.51
21186.00,-7.40
21186.67,-7.18
21187.33,-6.87
21188.00,-6.49
21188.67,-6.08
21189.33,-5.67
21190.00,-5.29
21190.67,-4.97
21191.33,-4.71
21192.00,-4.54
21192.67,-4.47
21193.33,-4.47
21194.00,-4.56
21194.67,-4.71
21195.33,-4.91
21196.00,-5.11
21196.67,-5.27
21197.33,-5.35
21198.00,-5.31
21198.67,-5.14
21199.33,-4.85
21200.00,-4.50
21200.67,-4.12
21201.33,-3.75
21202.00,-3.40
21202.67,-3.08
21203.33,-2.82
21204.00,-2.62
21204.67,-2.48
21205.33,-2.42
21206.00,-2.43
21206.67,-2.52
21207.33,-2.68
21208.00,-2.90
21208.67,-3.18
21209.33,-3.48
21210.00,-3.78
21210.67,-4.04
21211.33,-4.25
21212.00,-4.43
21212.67,-4.57
21213.33,-4.71
21214.00,-4.82
21214.67,-4.87
21215.33,-4.83
21216.00,-4.68
21216.67,-4.46
21217.33,-4.23
21218.00,-4.05
21218.67,-3.96
21219.33,-3.99
21220.00,-4.14
21220.67,-4.42
21221.33,-4.79
21222.00,-5.19
21222.67,-5.46
21223.33,-5.46
21224.00,-5.26
21224.67,-5.00
21225.33,-4.77
21226.00,-4.58
21226.67,-4.44
21227.33,-4.35
21228.00,-4.30
21228.67,-4.29
21229.33,-4.29
21230.00,-4.32
21230.67,-4.37
21231.33,-4.48
21232.00,-4.65
21232.67,-4.89
21233.33,-5.19
21234.00,-5.52
21234.67,-5.82
21235.33,-6.07
21236.00,-6.27
21236.67,-6.46
21237.33,-6.66
21238.00,-6.89
21238.67,-7.13
21239.33,-7.38
21240.00,-7.65
21240.67,-7.94
21241.33,-8.22
21242.00,-8.41
21242.67,-8.49
21243.33,-8.48
21244.00,-8.43
21244.67,-8.39
21245.33,-8.38
21246.00,-8.43
21246.67,-8.55
21247.33,-8.72
21248.00,-8.88
21248.67,-8.89
21249.33,-8.71
21250.00,-8.47
21250.67,-8.28
21251.33,-8.16
21252.00,-8.11
21252.67,-8.11
21253.33,-8.14
21254.00,-8.23
21254.67,-8.38
21255.33,-8.62
21256.00,-8.93
21256.67,-9.32
21257.33,-9.79
21258.00,-10.32
21258.67,-10.88
21259.33,-11.46
21260.00,-11.99
21260.67,-12.37
21261.33,-12.56
21262.00,-12.57
21262.67,-12.51
21263.33,-12.40
21264.00,-12.27
21264.67,-12.13
21265.33,-11.98
21266.00,-11.88
21266.67,-11.85
21267.33,-11.92
21268.00,-12.12
21268.67,-12.43
21269.33,-12.85
21270.00,-13.36
21270.67,-13.88
21271.33,-14.33
21272.00,-14.62
21272.67,-14.71
21273.33,-14.65
21274.00,-14.55
21274.67,-14.48
21275.33,-14.48
21276.00,-14.59
21276.67,-14.79
21277.33,-15.07
21278.00,-15.43
21278.67,-15.82
21279.33,-16.22
21280.00,-16.58
21280.67,-16.86
21281.33,-17.00
21282.00,-16.96
21282.67,-16.74
21283.33,-16.42
21284.00,-16.07
21284.67,-15.74
21285.33,-15.47
21286.00,-15.29
21286.67,-15.19
21287.33,-15.16
21288.00,-15.21
21288.67,-15.30
21289.33,-15.42
21290.00,-15.57
21290.67,-15.72
21291.33,-15.87
21292.00,-15.95
21292.67,-15.92
21293.33,-15.78
21294.00,-15.55
21294.67,-15.31
21295.33,-15.10
21296.00,-14.95
21296.67,-14.85
21297.33,-14.79
21298.00,-14.75
21298.67,-14.67
21299.33,-14.53
21300.00,-14.30
21300.67,-13.99
21301.33,-13.64
21302.00,-13.29
21302.67,-12.94
21303.33,-12.63
21304.00,-12.35
21304.67,-12.14
21305.33,-12.00
21306.00,-11.95
21306.67,-11.99
21307.33,-12.14
21308.00,-12.36
21308.67,-12.64
21309.33,-12.91
21310.00,-13.10
21310.67,-13.16
21311.33,-13.09
21312.00,-12.93
21312.67,-12.79
21313.33,-12.70
21314.00,-12.62
21314.67,-12.28
21315.33,-11.57
21316.00,-10.83
21316.67,-10.23
21317.33,-9.82
21318.00,-9.58
21318.67,-9.51
21319.33,-9.59
21320.00,-9.80
21320.67,-10.15
21321.33,-10.58
21322.00,-11.06
21322.67,-11.51
21323.33,-11.87
21324.00,-12.09
21324.67,-12.19
21325.33,-12.20
21326.00,-12.16
21326.67,-12.09
21327.33,-11.97
21328.00,-11.79
21328.67,-11.58
21329.33,-11.38
21330.00,-11.22
21330.67,-11.11
21331.33,-11.03
21332.00,-10.97
21332.67,-10.93
21333.33,-10.92
21334.00,-10.95
21334.67,-11.00
21335.33,-11.05
21336.00,-11.05
21336.67,-10.99
21337.33,-10.92
21338.00,-10.88
21338.67,-10.92
21339.33,-11.04
21340.00,-11.25
21340.67,-11.55
21341.33,-11.92
21342.00,-12.36
21342.67,-12.85
21343.33,-13.36
21344.00,-13.81
21344.67,-14.01
21345.33,-13.91
21346.00,-13.69
21346.67,-13.53
21347.33,-13.45
21348.00,-13.46
21348.67,-13.50
21349.33,-13.50
21350.00,-13.36
21350.67,-13.11
21351.33,-12.80
21352.00,-12.52
21352.67,-12.30
21353.33,-12.17
21354.00,-12.11
21354.67,-12.11
21355.33,-12.13
21356.00,-12.14
21356.67,-12.14
21357.33,-12.16
21358.00,-12.24
21358.67,-12.38
21359.33,-12.53
21360.00,-12.57
21360.67,-12.54
21361.33,-12.56
21362.00,-12.74
21362.67,-13.12
21363.33,-13.68
21364.00,-14.31
21364.67,-14.62
21365.33,-14.57
21366.00,-14.50
21366.67,-14.50
21367.33,-14.54
21368.00,-14.56
21368.67,-14.52
21369.33,-14.45
21370.00,-14.40
21370.67,-14.39
21371.33,-14.47
21372.00,-14.62
21372.67,-14.82
21373.33,-15.05
21374.00,-15.26
21374.67,-15.42
21375.33,-15.53
21376.00,-15.61
21376.67,-15.70
21377.33,-15.82
21378.00,-15.94
21378.67,-16.03
21379.33,-16.04
21380.00,-15.95
21380.67,-15.82
21381.33,-15.72
21382.00,-15.71
21382.67,-15.80
21383.33,-16.02
21384.00,-16.35
21384.67,-16.81
21385.33,-17.40
21386.00,-18.13
21386.67,-18.97
21387.33,-19.76
21388.00,-20.32
21388.67,-20.69
21389.33,-20.96
21390.00,-21.11
21390.67,-21.17
21391.33,-21.20
21392.00,-21.19
21392.67,-21.07
21393.33,-20.82
21394.00,-20.54
21394.67,-20.29
21395.33,-20.12
21396.00,-20.01
21396.67,-19.97
21397.33,-19.98
21398.00,-20.03
21398.67,-20.13
21399.33,-20.28
21400.00,-20.48
21400.67,-20.70
21401.33,-20.95
21402.00,-21.23
21402.67,-21.54
21403.33,-21.92
21404.00,-22.38
21404.67,-22.91
21405.33,-23.42
21406.00,-23.79
21406.67,-23.97
21407.33,-24.02
21408.00,-24.02
21408.67,-24.04
21409.33,-24.11
21410.00,-24.23
21410.67,-24.37
21411.33,-24.50
21412.00,-24.60
21412.67,-24.71
21413.33,-24.92
21414.00,-25.28
21414.67,-25.79
21415.33,-26.38
21416.00,-26.87
21416.67,-27.04
21417.33,-26.90
21418.00,-26.65
21418.67,-26.43
21419.33,-26.23
21420.00,-25.94
21420.67,-25.49
21421.33,-24.94
21422.00,-24.42
21422.67,-24.03
21423.33,-23.81
21424.00,-23.76
21424.67,-23.87
21425.33,-24.10
21426.00,-24.43
21426.67,-24.85
21427.33,-25.37
21428.00,-26.00
21428.67,-26.72
21429.33,-27.46
21430.00,-27.71
21430.67,-27.13
21431.33,-26.18
21432.00,-25.18
21432.67,-24.33
21433.33,-23.72
21434.00,-23.34
21434.67,-23.17
21435.33,-23.17
21436.00,-23.26
21436.67,-23.34
21437.33,-23.39
21438.00,-23.47
21438.67,-23.66
21439.33,-24.02
21440.00,-24.54
21440.67,-24.92
21441.33,-24.61
21442.00,-24.05
21442.67,-23.59
21443.33,-23.21
21444.00,-22.90
21444.67,-22.65
21445.33,-22.43
21446.00,-22.25
21446.67,-22.10
21447.33,-21.96
21448.00,-21.87
21448.67,-21.83
21449.33,-21.84
21450.00,-21.90
21450.67,-21.99
21451.33,-22.07
21452.00,-22.11
21452.67,-22.06
21453.33,-21.95
21454.00,-21.82
21454.67,-21.69
21455.33,-21.58
21456.00,-21.52
21456.67,-21.51
21457.33,-21.54
21458.00,-21.60
21458.67,-21.68
21459.33,-21.75
21460.00,-21.79
21460.67,-21.79
21461.33,-21.74
21462.00,-21.63
21462.67,-21.48
21463.33,-21.29
21464.00,-21.10
21464.67,-20.92
21465.33,-20.75
21466.00,-20.63
21466.67,-20.56
21467.33,-20.57
21468.00,-20.66
21468.67,-20.80
21469.33,-20.96
21470.00,-21.08
21470.67,-21.07
21471.33,-20.90
21472.00,-20.58
21472.67,-20.20
21473.33,-19.83
21474.00,-19.52
21474.67,-19.30
21475.33,-19.19
21476.00,-19.16
21476.67,-19.19
21477.33,-19.24
21478.00,-19.27
21478.67,-19.27
21479.33,-19.24
21480.00,-19.19
21480.67,-19.16
21481.33,-19.17
21482.00,-19.23
21482.67,-19.36
21483.33,-19.56
21484.00,-19.83
21484.67,-20.15
21485.33,-20.49
21486.00,-20.82
21486.67,-21.12
21487.33,-21.39
21488.00,-21.67
21488.67,-21.99
21489.33,-22.33
21490.00,-22.65
21490.67,-22.96
21491.33,-23.25
21492.00,-23.56
21492.67,-23.92
21493.33,-24.35
21494.00,-24.66
21494.67,-24.40
21495.33,-23.68
21496.00,-22.93
21496.67,-22.28
21497.33,-21.75
21498.00,-21.34
21498.67,-21.03
21499.33,-20.84
21500.00,-20.75
21500.67,-20.77
21501.33,-20.88
21502.00,-21.05
21502.67,-21.25
21503.33,-21.47
21504.00,-21.68
21504.67,-21.89
21505.33,-22.10
21506.00,-22.30
21506.67,-22.46
21507.33,-22.59
21508.00,-22.68
21508.67,-22.74
21509.33,-22.81
21510.00,-22.88
21510.67,-22.95
21511.33,-23.02
21512.00,-23.10
21512.67,-23.19
21513.33,-23.31
21514.00,-23.46
21514.67,-23.67
21515.33,-23.95
21516.00,-24.31
21516.67,-24.77
21517.33,-25.30
21518.00,-25.83
21518.67,-26.22
21519.33,-26.34
21520.00,-26.29
21520.67,-26.23
21521.33,-26.19
21522.00,-26.15
21522.67,-26.07
21523.33,-25.90
21524.00,-25.63
21524.67,-25.31
21525.33,-25.01
21526.00,-24.77
21526.67,-24.62
21527.33,-24.57
21528.00,-24.61
21528.67,-24.75
21529.33,-24.97
21530.00,-25.28
21530.67,-25.67
21531.33,-26.12
21532.00,-26.61
21532.67,-27.12
21533.33,-27.59
21534.00,-27.94
21534.67,-28.15
21535.33,-28.24
21536.00,-28.28
21536.67,-28.33
21537.33,-28.39
21538.00,-28.46
21538.67,-28.46
21539.33,-28.39
21540.00,-28.26
21540.67,-28.13
21541.33,-28.06
21542.00,-28.07
21542.67,-28.17
21543.33,-28.36
21544.00,-28.61
21544.67,-28.88
21545.33,-29.10
21546.00,-29.24
21546.67,-29.29
21547.33,-29.29
21548.00,-29.26
21548.67,-29.25
21549.33,-29.28
21550.00,-29.34
21550.67,-29.45
21551.33,-29.60
21552.00,-29.78
21552.67,-30.01
21553.33,-30.29
21554.00,-30.62
21554.67,-30.99
21555.33,-31.40
21556.00,-31.82
21556.67,-32.16
21557.33,-32.29
21558.00,-32.16
21558.67,-31.92
21559.33,-31.71
21560.00,-31.58
21560.67,-31.54
21561.33,-31.58
21562.00,-31.69
21562.67,-31.86
21563.33,-32.09
21564.00,-32.37
21564.67,-32.71
21565.33,-33.09
21566.00,-33.50
21566.67,-33.94
21567.33,-34.40
21568.00,-34.77
21568.67,-34.96
21569.33,-35.03
21570.00,-35.08
21570.67,-35.20
21571.33,-35.38
21572.00,-35.60
21572.67,-35.80
21573.33,-35.94
21574.00,-36.06
21574.67,-36.20
21575.33,-36.38
21576.00,-36.61
21576.67,-36.86
21577.33,-37.13
21578.00,-37.40
21578.67,-37.65
21579.33,-37.83
21580.00,-37.90
21580.67,-37.91
21581.33,-37.94
21582.00,-38.00
21582.67,-38.09
21583.33,-38.21
21584.00,-38.35
21584.67,-38.52
21585.33,-38.74
21586.00,-38.99
21586.67,-39.21
21587.33,-39.40
21588.00,-39.57
21588.67,-39.75
21589.33,-39.91
21590.00,-40.08
21590.67,-40.27
21591.33,-40.49
21592.00,-40.68
21592.67,-40.74
21593.33,-40.64
21594.00,-40.45
21594.67,-40.28
21595.33,-40.20
21596.00,-40.24
21596.67,-40.37
21597.33,-40.57
21598.00,-40.84
21598.67,-41.21
21599.33,-41.54
21600.00,-41.44
21600.67,-41.18
21601.33,-41.13
21602.00,-41.33
21602.67,-41.71
21603.33,-42.11
21604.00,-42.24
21604.67,-42.04
21605.33,-41.77
21606.00,-41.60
21606.67,-41.49
21607.33,-41.33
21608.00,-41.02
21608.67,-40.69
21609.33,-40.45
21610.00,-40.37
21610.67,-40.43
21611.33,-40.63
21612.00,-40.91
21612.67,-41.20
21613.33,-41.36
21614.00,-41.27
21614.67,-41.00
21615.33,-40.71
21616.00,-40.49
21616.67,-40.37
21617.33,-40.37
21618.00,-40.47
21618.67,-40.62
21619.33,-40.67
21620.00,-40.43
21620.67,-39.96
21621.33,-39.44
21622.00,-38.96
21622.67,-38.55
21623.33,-38.20
21624.00,-37.92
21624.67,-37.71
21625.33,-37.57
21626.00,-37.53
21626.67,-37.58
21627.33,-37.73
21628.00,-37.99
21628.67,-38.33
21629.33,-38.75
21630.00,-39.24
21630.67,-39.81
21631.33,-40.47
21632.00,-41.17
21632.67,-41.53
21633.33,-41.16
21634.00,-40.51
21634.67,-39.83
21635.33,-39.19
21636.00,-38.63
21636.67,-38.18
21637.33,-37.87
21638.00,-37.71
21638.67,-37.70
21639.33,-37.81
21640.00,-38.01
21640.67,-38.26
21641.33,-38.47
21642.00,-38.57
21642.67,-38.52
21643.33,-38.36
21644.00,-38.17
21644.67,-37.96
21645.33,-37.77
21646.00,-37.57
21646.67,-37.38
21647.33,-37.19
21648.00,-37.03
21648.67,-36.92
21649.33,-36.89
21650.00,-36.96
21650.67,-37.16
21651.33,-37.58
21652.00,-38.41
21652.67,-40.94
21653.33,-39.21
21654.00,-37.71
21654.67,-37.00
21655.33,-36.63
21656.00,-36.47
21656.67,-36.47
21657.33,-36.61
21658.00,-36.85
21658.67,-37.16
21659.33,-37.49
21660.00,-37.74
21660.67,-37.86
21661.33,-37.90
21662.00,-37.94
21662.67,-38.06
21663.33,-38.35
21664.00,-38.87
21664.67,-39.65
21665.33,-39.38
21666.00,-38.35
21666.67,-37.60
21667.33,-37.12
21668.00,-36.84
21668.67,-36.74
21669.33,-36.78
21670.00,-36.96
21670.67,-37.25
21671.33,-37.60
21672.00,-37.91
21672.67,-38.02
21673.33,-37.91
21674.00,-37.68
21674.67,-37.40
21675.33,-37.18
21676.00,-37.08
21676.67,-37.11
21677.33,-37.24
21678.00,-37.40
21678.67,-37.52
21679.33,-37.56
21680.00,-37.55
21680.67,-37.51
21681.33,-37.46
21682.00,-37.40
21682.67,-37.31
21683.33,-37.17
21684.00,-36.97
21684.67,-36.73
21685.33,-36.44
21686.00,-36.12
21686.67,-35.80
21687.33,-35.48
21688.00,-35.21
21688.67,-34.99
21689.33,-34.84
21690.00,-34.78
21690.67,-34.82
21691.33,-34.96
21692.00,-35.21
21692.67,-35.56
21693.33,-36.00
21694.00,-36.49
21694.67,-36.97
21695.33,-37.37
21696.00,-37.66
21696.67,-37.85
21697.33,-38.02
21698.00,-38.18
21698.67,-38.33
21699.33,-38.42
21700.00,-38.44
21700.67,-38.41
21701.33,-38.36
21702.00,-38.36
21702.67,-38.42
21703.33,-38.55
21704.00,-38.76
21704.67,-39.01
21705.33,-39.26
21706.00,-39.45
21706.67,-39.52
21707.33,-39.48
21708.00,-39.32
21708.67,-39.11
21709.33,-38.89
21710.00,-38.70
21710.67,-38.57
21711.33,-38.50
21712.00,-38.51
21712.67,-38.60
21713.33,-38.77
21714.00,-39.01
21714.67,-39.29
21715.33,-39.59
21716.00,-39.84
21716.67,-40.01
21717.33,-40.06
21718.00,-40.02
21718.67,-39.91
21719.33,-39.73
21720.00,-39.50
21720.67,-39.20
21721.33,-38.87
21722.00,-38.58
21722.67,-38.34
21723.33,-38.20
21724.00,-38.15
21724.67,-38.20
21725.33,-38.33
21726.00,-38.52
21726.67,-38.75
21727.33,-38.96
21728.00,-39.14
21728.67,-39.23
21729.33,-39.23
21730.00,-39.15
21730.67,-39.04
21731.33,-38.94
21732.00,-38.86
21732.67,-38.80
21733.33,-38.77
21734.00,-38.74
21734.67,-38.73
21735.33,-38.73
21736.00,-38.76
21736.67,-38.82
21737.33,-38.93
21738.00,-39.07
21738.67,-39.24
21739.33,-39.43
21740.00,-39.61
21740.67,-39.76
21741.33,-39.88
21742.00,-39.96
21742.67,-40.00
21743.33,-40.00
21744.00,-39.98
21744.67,-39.97
21745.33,-39.96
21746.00,-39.93
21746.67,-39.88
21747.33,-39.79
21748.00,-39.66
21748.67,-39.54
21749.33,-39.43
21750.00,-39.35
21750.67,-39.29
21751.33,-39.25
21752.00,-39.25
21752.67,-39.30
21753.33,-39.40
21754.00,-39.57
21754.67,-39.82
21755.33,-40.14
21756.00,-40.53
21756.67,-40.94
21757.33,-41.30
21758.00,-41.52
21758.67,-41.58
21759.33,-41.53
21760.00,-41.46
21760.67,-41.40
21761.33,-41.33
21762.00,-41.26
21762.67,-41.15
21763.33,-41.01
21764.00,-40.85
21764.67,-40.67
21765.33,-40.51
21766.00,-40.38
21766.67,-40.29
21767.33,-40.24
21768.00,-40.24
21768.67,-40.29
21769.33,-40.37
21770.00,-40.49
21770.67,-40.63
21771.33,-40.79
21772.00,-40.96
21772.67,-41.13
21773.33,-41.30
21774.00,-41.46
21774.67,-41.59
21775.33,-41.67
21776.00,-41.67
21776.67,-41.60
21777.33,-41.48
21778.00,-41.36
21778.67,-41.26
21779.33,-41.20
21780.00,-41.20
21780.67,-41.24
21781.33,-41.32
21782.00,-41.42
21782.67,-41.53
21783.33,-41.63
21784.00,-41.70
21784.67,-41.76
21785.33,-41.79
21786.00,-41.81
21786.67,-41.83
21787.33,-41.84
21788.00,-41.86
21788.67,-41.87
21789.33,-41.87
21790.00,-41.85
21790.67,-41.84
21791.33,-41.84
21792.00,-41.86
21792.67,-41.91
21793.33,-41.98
21794.00,-42.07
21794.67,-42.18
21795.33,-42.30
21796.00,-42.42
21796.67,-42.54
21797.33,-42.65
21798.00,-42.73
21798.67,-42.78
21799.33,-42.81
21800.00,-42.82
21800.67,-42.82
21801.33,-42.83
21802.00,-42.83
21802.67,-42.84
21803.33,-42.84
21804.00,-42.84
21804.67,-42.85
21805.33,-42.89
21806.00,-42.94
21806.67,-43.03
21807.33,-43.13
21808.00,-43.25
21808.67,-43.37
21809.33,-43.48
21810.00,-43.57
21810.67,-43.65
21811.33,-43.73
21812.00,-43.80
21812.67,-43.87
21813.33,-43.93
21814.00,-43.96
21814.67,-43.98
21815.33,-44.00
21816.00,-44.01
21816.67,-44.03
21817.33,-44.05
21818.00,-44.07
21818.67,-44.06
21819.33,-44.04
21820.00,-44.00
21820.67,-43.96
21821.33,-43.94
21822.00,-43.94
21822.67,-43.98
21823.33,-44.05
21824.00,-44.12
21824.67,-44.19
21825.33,-44.25
21826.00,-44.29
21826.67,-44.32
21827.33,-44.37
21828.00,-44.43
21828.67,-44.49
21829.33,-44.55
21830.00,-44.60
21830.67,-44.63
21831.33,-44.65
21832.00,-44.67
21832.67,-44.70
21833.33,-44.74
21834.00,-44.80
21834.67,-44.88
21835.33,-44.98
21836.00,-45.09
21836.67,-45.20
21837.33,-45.30
21838.00,-45.40
21838.67,-45.49
21839.33,-45.55
21840.00,-45.60
21840.67,-45.62
21841.33,-45.61
21842.00,-45.58
21842.67,-45.53
21843.33,-45.48
21844.00,-45.44
21844.67,-45.42
21845.33,-45.41
21846.00,-45.44
21846.67,-45.49
21847.33,-45.56
21848.00,-45.65
21848.67,-45.75
21849.33,-45.84
21850.00,-45.91
21850.67,-45.95
21851.33,-45.96
21852.00,-45.94
21852.67,-45.90
21853.33,-45.86
21854.00,-45.81
21854.67,-45.78
21855.33,-45.77
21856.00,-45.79
21856.67,-45.83
21857.33,-45.90
21858.00,-45.99
21858.67,-46.10
21859.33,-46.22
21860.00,-46.33
21860.67,-46.41
21861.33,-46.47
21862.00,-46.48
21862.67,-46.47
21863.33,-46.42
21864.00,-46.36
21864.67,-46.29
21865.33,-46.24
21866.00,-46.22
21866.67,-46.22
21867.33,-46.26
21868.00,-46.33
21868.67,-46.42
21869.33,-46.53
21870.00,-46.64
21870.67,-46.73
21871.33,-46.79
21872.00,-46.81
21872.67,-46.79
21873.33,-46.75
21874.00,-46.68
21874.67,-46.60
21875.33,-46.53
21876.00,-46.48
21876.67,-46.46
21877.33,-46.47
21878.00,-46.53
21878.67,-46.62
21879.33,-46.73
21880.00,-46.86
21880.67,-46.97
21881.33,-47.06
21882.00,-47.11
21882.67,-47.11
21883.33,-47.06
21884.00,-46.99
21884.67,-46.90
21885.33,-46.81
21886.00,-46.73
21886.67,-46.68
21887.33,-46.67
21888.00,-46.70
21888.67,-46.77
21889.33,-46.87
21890.00,-47.01
21890.67,-47.14
21891.33,-47.25
21892.00,-47.32
21892.67,-47.33
21893.33,-47.29
21894.00,-47.21
21894.67,-47.12
21895.33,-47.02
21896.00,-46.93
21896.67,-46.86
21897.33,-46.82
21898.00,-46.82
21898.67,-46.87
21899.33,-46.97
21900.00,-47.11
21900.67,-47.26
21901.33,-47.40
21902.00,-47.49
21902.67,-47.51
21903.33,-47.48
21904.00,-47.40
21904.67,-47.29
21905.33,-47.18
21906.00,-47.07
21906.67,-46.98
21907.33,-46.91
21908.00,-46.88
21908.67,-46.89
21909.33,-46.97
21910.00,-47.09
21910.67,-47.25
21911.33,-47.42
21912.00,-47.55
21912.67,-47.62
21913.33,-47.61
21914.00,-47.54
21914.67,-47.45
21915.33,-47.34
21916.00,-47.23
21916.67,-47.14
21917.33,-47.06
21918.00,-47.01
21918.67,-47.00
21919.33,-47.04
21920.00,-47.15
21920.67,-47.30
21921.33,-47.48
21922.00,-47.64
21922.67,-47.73
21923.33,-47.72
21924.00,-47.65
21924.67,-47.54
21925.33,-47.41
21926.00,-47.29
21926.67,-47.19
21927.33,-47.10
21928.00,-47.03
21928.67,-47.00
21929.33,-47.03
21930.00,-47.11
21930.67,-47.26
21931.33,-47.46
21932.00,-47.66
21932.67,-47.80
21933.33,-47.84
21934.00,-47.78
21934.67,-47.68
21935.33,-47.57
21936.00,-47.46
21936.67,-47.36
21937.33,-47.27
21938.00,-47.19
21938.67,-47.14
21939.33,-47.13
21940.00,-47.17
21940.67,-47.29
21941.33,-47.47
21942.00,-47.69
21942.67,-47.87
21943.33,-47.95
21944.00,-47.92
21944.67,-47.83
21945.33,-47.73
21946.00,-47.62
21946.67,-47.53
21947.33,-47.44
21948.00,-47.37
21948.67,-47.31
21949.33,-47.28
21950.00,-47.30
21950.67,-47.40
21951.33,-47.58
21952.00,-47.82
21952.67,-48.06
21953.33,-48.19
21954.00,-48.17
21954.67,-48.05
21955.33,-47.91
21956.00,-47.78
21956.67,-47.67
21957.33,-47.59
21958.00,-47.52
21958.67,-47.46
21959.33,-47.43
21960.00,-47.43
21960.67,-47.50
21961.33,-47.64
21962.00,-47.86
21962.67,-48.10
21963.33,-48.28
21964.00,-48.33
21964.67,-48.26
21965.33,-48.15
21966.00,-48.04
21966.67,-47.95
21967.33,-47.88
21968.00,-47.82
21968.67,-47.77
21969.33,-47.72
21970.00,-47.71
21970.67,-47.74
21971.33,-47.86
21972.00,-48.05
21972.67,-48.31
21973.33,-48.54
21974.00,-48.64
21974.67,-48.57
21975.33,-48.43
21976.00,-48.30
21976.67,-48.20
21977.33,-48.13
21978.00,-48.09
21978.67,-48.06
21979.33,-48.04
21980.00,-48.04
21980.67,-48.07
21981.33,-48.16
21982.00,-48.34
21982.67,-48.58
21983.33,-48.83
21984.00,-48.97
21984.67,-48.93
21985.33,-48.79
21986.00,-48.63
21986.67,-48.51
21987.33,-48.42
21988.00,-48.36
21988.67,-48.31
21989.33,-48.28
21990.00,-48.26
21990.67,-48.27
21991.33,-48.34
21992.00,-48.48
21992.67,-48.69
21993.33,-48.93
21994.00,-49.11
21994.67,-49.15
21995.33,-49.06
21996.00,-48.94
21996.67,-48.85
21997.33,-48.78
21998.00,-48.75
21998.67,-48.73
21999.33,-48.72
22000.00,-48.72
22000.67,-48.73
22001.33,-48.79
22002.00,-48.92
22002.67,-49.12
22003.33,-49.39
22004.00,-49.64
22004.67,-49.73
22005.33,-49.65
22006.00,-49.51
22006.67,-49.39
22007.33,-49.31
22008.00,-49.28
22008.67,-49.27
22009.33,-49.28
22010.00,-49.30
22010.67,-49.32
22011.33,-49.37
22012.00,-49.48
22012.67,-49.65
22013.33,-49.89
22014.00,-50.12
22014.67,-50.24
22015.33,-50.17
22016.00,-50.00
22016.67,-49.86
22017.33,-49.76
22018.00,-49.71
22018.67,-49.71
22019.33,-49.72
22020.00,-49.75
22020.67,-49.79
22021.33,-49.84
22022.00,-49.92
22022.67,-50.05
22023.33,-50.25
22024.00,-50.51
22024.67,-50.75
22025.33,-50.90
22026.00,-50.89
22026.67,-50.80
22027.33,-50.71
22028.00,-50.65
22028.67,-50.63
22029.33,-50.64
22030.00,-50.67
22030.67,-50.71
22031.33,-50.77
22032.00,-50.86
22032.67,-50.97
22033.33,-51.10
22034.00,-51.22
22034.67,-51.30
22035.33,-51.30
22036.00,-51.23
22036.67,-51.15
22037.33,-51.08
22038.00,-51.05
22038.67,-51.05
22039.33,-51.07
22040.00,-51.10
22040.67,-51.16
22041.33,-51.23
22042.00,-51.33
22042.67,-51.48
22043.33,-51.67
22044.00,-51.90
22044.67,-52.08
22045.33,-52.14
22046.00,-52.04
22046.67,-51.88
22047.33,-51.72
22048.00,-51.60
22048.67,-51.53
22049.33,-51.50
22050.00,-51.49
